<?xml version="1.0" encoding="UTF-8"?>
<qes:espresso xsi:schemaLocation="http://www.quantum-espresso.org/ns/qes/qes-1.0 http://www.quantum-espresso.org/ns/qes/qes_220603.xsd" Units="Hartree atomic units" xmlns:xsi="http://www.w3.org/2001/XMLSchema-instance" xmlns:qes="http://www.quantum-espresso.org/ns/qes/qes-1.0">
  <!--All quantities are in Hartree atomic units unless otherwise specified-->
  <general_info>
    <xml_format NAME="QEXSD" VERSION="21.11.01">QEXSD_21.11.01</xml_format>
    <creator NAME="PWSCF" VERSION="7.1">XML file generated by PWSCF</creator>
    <created DATE="26Oct2022" TIME="12:26:28">This run was terminated on:  12:26:28  26 Oct 2022</created>
    <job></job>
  </general_info>
  <parallel_info>
    <nprocs>64</nprocs>
    <nthreads>1</nthreads>
    <ntasks>1</ntasks>
    <nbgrp>1</nbgrp>
    <npool>1</npool>
    <ndiag>64</ndiag>
  </parallel_info>
  <input>
    <control_variables>
      <title></title>
      <calculation>scf</calculation>
      <restart_mode>from_scratch</restart_mode>
      <prefix>calc</prefix>
      <pseudo_dir>/scratch/alevoj1/esp-psp/v2/</pseudo_dir>
      <outdir>.</outdir>
      <stress>false</stress>
      <forces>true</forces>
      <wf_collect>true</wf_collect>
      <disk_io>low</disk_io>
      <max_seconds>10000000</max_seconds>
      <nstep>1</nstep>
      <etot_conv_thr>5.000000000000000e-1</etot_conv_thr>
      <forc_conv_thr>9.723452333419537e-4</forc_conv_thr>
      <press_conv_thr>5.000000000000000e-1</press_conv_thr>
      <verbosity>low</verbosity>
      <print_every>100000</print_every>
      <fcp>false</fcp>
      <rism>false</rism>
    </control_variables>
    <atomic_species ntyp="2">
      <species name="C1">
        <mass>1.201100000000000e1</mass>
        <pseudo_file>C.UPF</pseudo_file>
      </species>
      <species name="Ti1">
        <mass>4.786700000000000e1</mass>
        <pseudo_file>Ti.UPF</pseudo_file>
      </species>
    </atomic_species>
    <atomic_structure nat="19" alat="2.645616574391e1">
      <atomic_positions>
        <atom name="C1" index="1">4.214089257780080e0 5.421735412528875e0 2.002164828976683e1</atom>
        <atom name="Ti1" index="2">7.218753795838540e0 7.156479292401452e0 2.303576145844812e1</atom>
        <atom name="C1" index="3">1.022341833389697e1 5.421735412528875e0 2.002164828976683e1</atom>
        <atom name="Ti1" index="4">1.322808287195543e1 7.156479292401452e0 2.303576145844812e1</atom>
        <atom name="Ti1" index="5">1.022341833389697e1 8.891223172274003e0 1.700753512108555e1</atom>
        <atom name="C1" index="6">7.218753795838540e0 1.062596705214658e1 2.002164828976683e1</atom>
        <atom name="Ti1" index="7">1.022341833389697e1 1.236071093201916e1 2.303576145844812e1</atom>
        <atom name="C1" index="8">1.623274741001389e1 5.421735412528875e0 2.002164828976683e1</atom>
        <atom name="Ti1" index="9">1.923741194807232e1 7.156479292401452e0 2.303576145844812e1</atom>
        <atom name="Ti1" index="10">1.623274741001389e1 8.891223172274003e0 1.700753512108555e1</atom>
        <atom name="C1" index="11">1.322808287195543e1 1.062596705214658e1 2.002164828976683e1</atom>
        <atom name="Ti1" index="12">1.623274741001389e1 1.236071093201916e1 2.303576145844812e1</atom>
        <atom name="Ti1" index="13">1.322808287195543e1 1.409545481189171e1 1.700753512108555e1</atom>
        <atom name="C1" index="14">1.022341833389697e1 1.583019869176429e1 2.002164828976683e1</atom>
        <atom name="Ti1" index="15">1.322808287195543e1 1.756494257163686e1 2.303576145844812e1</atom>
        <atom name="C1" index="16">2.224207648613079e1 5.421735412528875e0 2.002164828976683e1</atom>
        <atom name="C1" index="17">1.923741194807232e1 1.062596705214658e1 2.002164828976683e1</atom>
        <atom name="C1" index="18">1.623274741001389e1 1.583019869176429e1 2.002164828976683e1</atom>
        <atom name="C1" index="19">1.322808287195543e1 2.103443033138199e1 2.002164828976683e1</atom>
      </atomic_positions>
      <cell>
        <a1>2.645616574391087e1 0.000000000000000e0 0.000000000000000e0</a1>
        <a2>0.000000000000000e0 2.645616574391087e1 0.000000000000000e0</a2>
        <a3>0.000000000000000e0 0.000000000000000e0 4.004329657953366e1</a3>
      </cell>
    </atomic_structure>
    <dft>
      <functional>BEEF-VDW</functional>
      <vdW>
        <vdw_corr>none</vdw_corr>
        <non_local_term>VDW2</non_local_term>
      </vdW>
    </dft>
    <spin>
      <lsda>false</lsda>
      <noncolin>false</noncolin>
      <spinorbit>false</spinorbit>
    </spin>
    <bands>
      <nbnd>94</nbnd>
      <smearing degauss="3.674932379085e-3">fd</smearing>
      <tot_charge>0.000000000000000e0</tot_charge>
      <occupations>smearing</occupations>
    </bands>
    <basis>
      <gamma_only>false</gamma_only>
      <ecutwfc>2.572452665359641e1</ecutwfc>
      <ecutrho>2.572452665359642e2</ecutrho>
    </basis>
    <electron_control>
      <diagonalization>davidson</diagonalization>
      <mixing_mode>plain</mixing_mode>
      <mixing_beta>1.000000000000000e-1</mixing_beta>
      <conv_thr>3.674932379085202e-8</conv_thr>
      <mixing_ndim>10</mixing_ndim>
      <max_nstep>500</max_nstep>
      <real_space_q>false</real_space_q>
      <real_space_beta>false</real_space_beta>
      <tq_smoothing>false</tq_smoothing>
      <tbeta_smoothing>false</tbeta_smoothing>
      <diago_thr_init>0.000000000000000e0</diago_thr_init>
      <diago_full_acc>false</diago_full_acc>
      <diago_cg_maxiter>20</diago_cg_maxiter>
      <diago_ppcg_maxiter>20</diago_ppcg_maxiter>
      <diago_rmm_ndim>4</diago_rmm_ndim>
      <diago_gs_nblock>16</diago_gs_nblock>
      <diago_rmm_conv>false</diago_rmm_conv>
    </electron_control>
    <k_points_IBZ>
      <monkhorst_pack nk1="4" nk2="4" nk3="1" k1="0" k2="0" k3="0">Monkhorst-Pack</monkhorst_pack>
    </k_points_IBZ>
    <ion_control>
      <ion_dynamics>none</ion_dynamics>
      <upscale>1.000000000000000e2</upscale>
      <remove_rigid_rot>false</remove_rigid_rot>
      <refold_pos>false</refold_pos>
    </ion_control>
    <cell_control>
      <cell_dynamics>none</cell_dynamics>
      <pressure>0.000000000000000e0</pressure>
      <wmass>5.509130000000001e2</wmass>
      <cell_do_free>all</cell_do_free>
    </cell_control>
    <symmetry_flags>
      <nosym>true</nosym>
      <nosym_evc>false</nosym_evc>
      <noinv>false</noinv>
      <no_t_rev>false</no_t_rev>
      <force_symmorphic>false</force_symmorphic>
      <use_all_frac>false</use_all_frac>
    </symmetry_flags>
    <electric_field>
      <electric_potential>sawtooth_potential</electric_potential>
      <dipole_correction>true</dipole_correction>
      <electric_field_direction>3</electric_field_direction>
      <potential_max_position>0.000000000000000e0</potential_max_position>
      <potential_decrease_width>2.500000000000000e-2</potential_decrease_width>
      <electric_field_amplitude>0.000000000000000e0</electric_field_amplitude>
      <electric_field_vector>0.000000000000000e0 0.000000000000000e0 0.000000000000000e0</electric_field_vector>
      <nk_per_string>0</nk_per_string>
      <n_berry_cycles>1</n_berry_cycles>
    </electric_field>
  </input>
  <output>
    <convergence_info>
      <scf_conv>
        <convergence_achieved>true</convergence_achieved>
        <n_scf_steps>64</n_scf_steps>
        <scf_error>3.506389323032884e-8</scf_error>
      </scf_conv>
    </convergence_info>
    <algorithmic_info>
      <real_space_q>false</real_space_q>
      <real_space_beta>false</real_space_beta>
      <uspp>true</uspp>
      <paw>false</paw>
    </algorithmic_info>
    <atomic_species ntyp="2" pseudo_dir="/scratch/alevoj1/esp-psp/v2/">
      <species name="C1">
        <mass>1.201100000000000e1</mass>
        <pseudo_file>C.UPF</pseudo_file>
      </species>
      <species name="Ti1">
        <mass>4.786700000000000e1</mass>
        <pseudo_file>Ti.UPF</pseudo_file>
      </species>
    </atomic_species>
    <atomic_structure nat="19" alat="1.889726124565e0">
      <atomic_positions>
        <atom name="C1" index="1">4.214089257780080e0 5.421735412528875e0 2.002164828976683e1</atom>
        <atom name="Ti1" index="2">7.218753795838540e0 7.156479292401452e0 2.303576145844812e1</atom>
        <atom name="C1" index="3">1.022341833389697e1 5.421735412528875e0 2.002164828976683e1</atom>
        <atom name="Ti1" index="4">1.322808287195543e1 7.156479292401452e0 2.303576145844812e1</atom>
        <atom name="Ti1" index="5">1.022341833389697e1 8.891223172274003e0 1.700753512108555e1</atom>
        <atom name="C1" index="6">7.218753795838540e0 1.062596705214658e1 2.002164828976683e1</atom>
        <atom name="Ti1" index="7">1.022341833389697e1 1.236071093201916e1 2.303576145844812e1</atom>
        <atom name="C1" index="8">1.623274741001389e1 5.421735412528875e0 2.002164828976683e1</atom>
        <atom name="Ti1" index="9">1.923741194807232e1 7.156479292401452e0 2.303576145844812e1</atom>
        <atom name="Ti1" index="10">1.623274741001389e1 8.891223172274003e0 1.700753512108555e1</atom>
        <atom name="C1" index="11">1.322808287195543e1 1.062596705214658e1 2.002164828976683e1</atom>
        <atom name="Ti1" index="12">1.623274741001389e1 1.236071093201916e1 2.303576145844812e1</atom>
        <atom name="Ti1" index="13">1.322808287195543e1 1.409545481189171e1 1.700753512108555e1</atom>
        <atom name="C1" index="14">1.022341833389697e1 1.583019869176429e1 2.002164828976683e1</atom>
        <atom name="Ti1" index="15">1.322808287195543e1 1.756494257163686e1 2.303576145844812e1</atom>
        <atom name="C1" index="16">2.224207648613079e1 5.421735412528875e0 2.002164828976683e1</atom>
        <atom name="C1" index="17">1.923741194807232e1 1.062596705214658e1 2.002164828976683e1</atom>
        <atom name="C1" index="18">1.623274741001389e1 1.583019869176429e1 2.002164828976683e1</atom>
        <atom name="C1" index="19">1.322808287195543e1 2.103443033138199e1 2.002164828976683e1</atom>
      </atomic_positions>
      <cell>
        <a1>2.645616574391087e1 0.000000000000000e0 0.000000000000000e0</a1>
        <a2>0.000000000000000e0 2.645616574391087e1 0.000000000000000e0</a2>
        <a3>0.000000000000000e0 0.000000000000000e0 4.004329657953366e1</a3>
      </cell>
    </atomic_structure>
    <symmetries>
      <nsym>1</nsym>
      <nrot>16</nrot>
      <space_group>0</space_group>
      <symmetry>
        <info name="identity">crystal_symmetry</info>
        <rotation rank="2" dims="3 3">
          1.000000000000000e0 0.000000000000000e0 0.000000000000000e0
          0.000000000000000e0 1.000000000000000e0 0.000000000000000e0
          0.000000000000000e0 0.000000000000000e0 1.000000000000000e0
          </rotation>
        <fractional_translation>0.000000000000000e0 0.000000000000000e0 0.000000000000000e0</fractional_translation>
        <equivalent_atoms size="19" nat="19">
          1 2 3 4 5 6 7 8
          9 10 11 12 13 14 15 16
          17 18 19
          </equivalent_atoms>
      </symmetry>
      <symmetry>
        <info name="inv. 180 deg rotation - cart. axis [1,0,0]">lattice_symmetry</info>
        <rotation rank="2" dims="3 3">
          -1.000000000000000e0 0.000000000000000e0 0.000000000000000e0
          0.000000000000000e0 1.000000000000000e0 0.000000000000000e0
          0.000000000000000e0 0.000000000000000e0 1.000000000000000e0
          </rotation>
      </symmetry>
      <symmetry>
        <info name="180 deg rotation - cart. axis [0,1,0]">lattice_symmetry</info>
        <rotation rank="2" dims="3 3">
          -1.000000000000000e0 0.000000000000000e0 0.000000000000000e0
          0.000000000000000e0 1.000000000000000e0 0.000000000000000e0
          0.000000000000000e0 0.000000000000000e0 -1.000000000000000e0
          </rotation>
      </symmetry>
      <symmetry>
        <info name="180 deg rotation - cart. axis [1,0,0]">lattice_symmetry</info>
        <rotation rank="2" dims="3 3">
          1.000000000000000e0 0.000000000000000e0 0.000000000000000e0
          0.000000000000000e0 -1.000000000000000e0 0.000000000000000e0
          0.000000000000000e0 0.000000000000000e0 -1.000000000000000e0
          </rotation>
      </symmetry>
      <symmetry>
        <info name="180 deg rotation - cart. axis [1,1,0]">lattice_symmetry</info>
        <rotation rank="2" dims="3 3">
          0.000000000000000e0 1.000000000000000e0 0.000000000000000e0
          1.000000000000000e0 0.000000000000000e0 0.000000000000000e0
          0.000000000000000e0 0.000000000000000e0 -1.000000000000000e0
          </rotation>
      </symmetry>
      <symmetry>
        <info name="180 deg rotation - cart. axis [1,-1,0]">lattice_symmetry</info>
        <rotation rank="2" dims="3 3">
          0.000000000000000e0 -1.000000000000000e0 0.000000000000000e0
          -1.000000000000000e0 0.000000000000000e0 0.000000000000000e0
          0.000000000000000e0 0.000000000000000e0 -1.000000000000000e0
          </rotation>
      </symmetry>
      <symmetry>
        <info name=" 90 deg rotation - cart. axis [0,0,-1]">lattice_symmetry</info>
        <rotation rank="2" dims="3 3">
          0.000000000000000e0 1.000000000000000e0 0.000000000000000e0
          -1.000000000000000e0 0.000000000000000e0 0.000000000000000e0
          0.000000000000000e0 0.000000000000000e0 1.000000000000000e0
          </rotation>
      </symmetry>
      <symmetry>
        <info name=" 90 deg rotation - cart. axis [0,0,1]">lattice_symmetry</info>
        <rotation rank="2" dims="3 3">
          0.000000000000000e0 -1.000000000000000e0 0.000000000000000e0
          1.000000000000000e0 0.000000000000000e0 0.000000000000000e0
          0.000000000000000e0 0.000000000000000e0 1.000000000000000e0
          </rotation>
      </symmetry>
      <symmetry>
        <info name="inversion">lattice_symmetry</info>
        <rotation rank="2" dims="3 3">
          -1.000000000000000e0 0.000000000000000e0 0.000000000000000e0
          0.000000000000000e0 -1.000000000000000e0 0.000000000000000e0
          0.000000000000000e0 0.000000000000000e0 -1.000000000000000e0
          </rotation>
      </symmetry>
      <symmetry>
        <info name="inv. 180 deg rotation - cart. axis [0,0,1]">lattice_symmetry</info>
        <rotation rank="2" dims="3 3">
          1.000000000000000e0 0.000000000000000e0 0.000000000000000e0
          0.000000000000000e0 1.000000000000000e0 0.000000000000000e0
          0.000000000000000e0 0.000000000000000e0 -1.000000000000000e0
          </rotation>
      </symmetry>
      <symmetry>
        <info name="inv. 180 deg rotation - cart. axis [0,1,0]">lattice_symmetry</info>
        <rotation rank="2" dims="3 3">
          1.000000000000000e0 0.000000000000000e0 0.000000000000000e0
          0.000000000000000e0 -1.000000000000000e0 0.000000000000000e0
          0.000000000000000e0 0.000000000000000e0 1.000000000000000e0
          </rotation>
      </symmetry>
      <symmetry>
        <info name="180 deg rotation - cart. axis [0,0,1]">lattice_symmetry</info>
        <rotation rank="2" dims="3 3">
          -1.000000000000000e0 0.000000000000000e0 0.000000000000000e0
          0.000000000000000e0 -1.000000000000000e0 0.000000000000000e0
          0.000000000000000e0 0.000000000000000e0 1.000000000000000e0
          </rotation>
      </symmetry>
      <symmetry>
        <info name="inv. 180 deg rotation - cart. axis [1,1,0]">lattice_symmetry</info>
        <rotation rank="2" dims="3 3">
          0.000000000000000e0 -1.000000000000000e0 0.000000000000000e0
          -1.000000000000000e0 0.000000000000000e0 0.000000000000000e0
          0.000000000000000e0 0.000000000000000e0 1.000000000000000e0
          </rotation>
      </symmetry>
      <symmetry>
        <info name="inv. 180 deg rotation - cart. axis [1,-1,0]">lattice_symmetry</info>
        <rotation rank="2" dims="3 3">
          0.000000000000000e0 1.000000000000000e0 0.000000000000000e0
          1.000000000000000e0 0.000000000000000e0 0.000000000000000e0
          0.000000000000000e0 0.000000000000000e0 1.000000000000000e0
          </rotation>
      </symmetry>
      <symmetry>
        <info name="inv.  90 deg rotation - cart. axis [0,0,-1]">lattice_symmetry</info>
        <rotation rank="2" dims="3 3">
          0.000000000000000e0 -1.000000000000000e0 0.000000000000000e0
          1.000000000000000e0 0.000000000000000e0 0.000000000000000e0
          0.000000000000000e0 0.000000000000000e0 -1.000000000000000e0
          </rotation>
      </symmetry>
      <symmetry>
        <info name="inv.  90 deg rotation - cart. axis [0,0,1]">lattice_symmetry</info>
        <rotation rank="2" dims="3 3">
          0.000000000000000e0 1.000000000000000e0 0.000000000000000e0
          -1.000000000000000e0 0.000000000000000e0 0.000000000000000e0
          0.000000000000000e0 0.000000000000000e0 -1.000000000000000e0
          </rotation>
      </symmetry>
    </symmetries>
    <basis_set>
      <gamma_only>false</gamma_only>
      <ecutwfc>2.572452665359641e1</ecutwfc>
      <ecutrho>2.572452665359642e2</ecutrho>
      <fft_grid nr1="192" nr2="192" nr3="300"></fft_grid>
      <fft_smooth nr1="125" nr2="125" nr3="192"></fft_smooth>
      <fft_box nr1="192" nr2="192" nr3="300"></fft_box>
      <ngm>5523193</ngm>
      <ngms>1397391</ngms>
      <npwx>174783</npwx>
      <reciprocal_lattice>
        <b1>7.142857142857142e-2 0.000000000000000e0 0.000000000000000e0</b1>
        <b2>0.000000000000000e0 7.142857142857142e-2 0.000000000000000e0</b2>
        <b3>0.000000000000000e0 0.000000000000000e0 4.719207173194903e-2</b3>
      </reciprocal_lattice>
    </basis_set>
    <dft>
      <functional>BEEF</functional>
      <vdW>
        <vdw_corr>none</vdw_corr>
        <non_local_term>VDW2</non_local_term>
      </vdW>
    </dft>
    <magnetization>
      <lsda>false</lsda>
      <noncolin>false</noncolin>
      <spinorbit>false</spinorbit>
      <absolute>0.000000000000000e0</absolute>
    </magnetization>
    <total_energy>
      <etot>-5.858997021978084e2</etot>
      <eband>-1.316976781890721e2</eband>
      <ehart>9.514879879555158e2</ehart>
      <vtxc>-1.076791589208106e2</vtxc>
      <etxc>-8.640901730645576e1</etxc>
      <ewald>4.760405140818576e2</ewald>
      <demet>-4.321074388925431e-2</demet>
      <efieldcorr>4.249477298911102e-4</efieldcorr>
    </total_energy>
    <band_structure>
      <lsda>false</lsda>
      <noncolin>false</noncolin>
      <spinorbit>false</spinorbit>
      <nbnd>94</nbnd>
      <nelec>1.480000000000000e2</nelec>
      <num_of_atomic_wfc>130</num_of_atomic_wfc>
      <wf_collected>true</wf_collected>
      <fermi_energy>-1.183125974312947e-1</fermi_energy>
      <starting_k_points>
        <monkhorst_pack nk1="4" nk2="4" nk3="1" k1="0" k2="0" k3="0">Monkhorst-Pack</monkhorst_pack>
      </starting_k_points>
      <nks>10</nks>
      <occupations_kind>smearing</occupations_kind>
      <smearing degauss="3.674932379085e-3">fd</smearing>
      <ks_energies>
        <k_point weight="1.250000000000e-1">0.000000000000000e0 0.000000000000000e0 0.000000000000000e0</k_point>
        <npw>174783</npw>
        <eigenvalues size="94">
          -2.244905814330554e0 -2.244566747365153e0 -2.244566044211403e0 -2.240781162206299e0 -2.240447656848997e0
          -2.240423381963811e0 -2.232442560635219e0 -2.232441414463926e0 -2.232437051288135e0 -1.377981482687642e0
          -1.376692375907039e0 -1.376689858107380e0 -1.373848240724990e0 -1.372452291358011e0 -1.372430673188810e0
          -1.371380460564552e0 -1.371380273234612e0 -1.370143642754976e0 -1.369419653353211e0 -1.367248325527346e0
          -1.367238020166604e0 -1.366647373980598e0 -1.366087625661583e0 -1.366072636075069e0 -1.364506474685750e0
          -1.364498592066341e0 -1.364432526933894e0 -1.363208296784958e0 -1.362791629907413e0 -1.362769861366929e0
          -1.361422363962842e0 -1.361417381752088e0 -1.360964795882344e0 -1.355675097948140e0 -1.355408429851358e0
          -1.355407785002992e0 -4.763322378991999e-1 -4.413488623870567e-1 -4.412664207449495e-1 -4.360375990477414e-1
          -4.225854863252861e-1 -4.224475084050833e-1 -4.159272035457477e-1 -4.139733687681698e-1 -4.135504473097050e-1
          -4.111657576338494e-1 -2.382796727518107e-1 -2.151835321332308e-1 -2.151602596128269e-1 -1.950494664700050e-1
          -1.867007980837683e-1 -1.847013407796378e-1 -1.846989232466391e-1 -1.748767448155899e-1 -1.746912778795323e-1
          -1.693304806026022e-1 -1.679515807006599e-1 -1.678858537539596e-1 -1.616174506651638e-1 -1.591021307780782e-1
          -1.582146868505561e-1 -1.565372388879497e-1 -1.441480836846617e-1 -1.437068504569026e-1 -1.433067488780928e-1
          -1.415349392589804e-1 -1.407870777184684e-1 -1.407255476601233e-1 -1.312967115681081e-1 -1.310356731276296e-1
          -1.272813961092048e-1 -1.195249820734932e-1 -1.190513556854110e-1 -1.189634922868007e-1 -1.182654519946567e-1
          -1.167736662118769e-1 -1.125089843590894e-1 -1.090244937306275e-1 -1.085572777206977e-1 -1.082979511354950e-1
          -1.066048114283668e-1 -1.056247571415168e-1 -1.036402798000020e-1 -1.034753070645706e-1 -1.003728894390106e-1
          -9.966727746356028e-2 -9.787344889519680e-2 -9.492800526399904e-2 -9.468502976184647e-2 -9.232266434257017e-2
          -8.847550181710160e-2 -8.766817094553090e-2 -8.544662639436302e-2 -8.323464995233232e-2
          </eigenvalues>
        <occupations size="94">
          1.000000000000000e0 1.000000000000000e0 1.000000000000000e0 1.000000000000000e0 1.000000000000000e0
          1.000000000000000e0 1.000000000000000e0 1.000000000000000e0 1.000000000000000e0 1.000000000000000e0
          1.000000000000000e0 1.000000000000000e0 1.000000000000000e0 1.000000000000000e0 1.000000000000000e0
          1.000000000000000e0 1.000000000000000e0 1.000000000000000e0 1.000000000000000e0 1.000000000000000e0
          1.000000000000000e0 1.000000000000000e0 1.000000000000000e0 1.000000000000000e0 1.000000000000000e0
          1.000000000000000e0 1.000000000000000e0 1.000000000000000e0 1.000000000000000e0 1.000000000000000e0
          1.000000000000000e0 1.000000000000000e0 1.000000000000000e0 1.000000000000000e0 1.000000000000000e0
          1.000000000000000e0 1.000000000000000e0 1.000000000000000e0 1.000000000000000e0 1.000000000000000e0
          1.000000000000000e0 1.000000000000000e0 1.000000000000000e0 1.000000000000000e0 1.000000000000000e0
          1.000000000000000e0 9.999999999999932e-1 9.999999999964352e-1 9.999999999964126e-1 9.999999991460641e-1
          9.999999917196170e-1 9.999999857327138e-1 9.999999857233250e-1 9.999997932774233e-1 9.999997825767757e-1
          9.999990649572336e-1 9.999986392250891e-1 9.999986146684282e-1 9.999923733204092e-1 9.999848787890391e-1
          9.999807486707253e-1 9.999696126683531e-1 9.991160216735423e-1 9.990033641537169e-1 9.988888575407575e-1
          9.982017130437077e-1 9.977967528879667e-1 9.977596363104549e-1 9.716166131858047e-1 9.695906875259080e-1
          9.198664841994328e-1 5.817366639725464e-1 5.500880237031460e-1 5.441639824117141e-1 4.967928124125503e-1
          3.968124322552105e-1 1.709026475692247e-1 7.395803860326067e-2 6.570865873582893e-2 6.150702556411948e-2
          3.970167054199981e-2 3.069328834246527e-2 1.811843358627243e-2 1.733684794390893e-2 7.527449978199810e-3
          6.220594282300748e-3 3.827245225065652e-3 1.720752383399565e-3 1.610838297887736e-3 8.476279519087676e-4
          2.977117768061396e-4 2.390083846675593e-4 1.305940982167844e-4 7.153906471879761e-5
          </occupations>
      </ks_energies>
      <ks_energies>
        <k_point weight="2.500000000000e-1">0.000000000000000e0 1.785714285714286e-2 0.000000000000000e0</k_point>
        <npw>174650</npw>
        <eigenvalues size="94">
          -2.244905792218245e0 -2.244566739430825e0 -2.244566003540753e0 -2.240781138634489e0 -2.240447612407053e0
          -2.240423372042348e0 -2.232442537311309e0 -2.232441383986108e0 -2.232437034009255e0 -1.377981482361190e0
          -1.376692376000625e0 -1.376689858161018e0 -1.373848240216769e0 -1.372452291485391e0 -1.372430673511227e0
          -1.371380459653748e0 -1.371380273447639e0 -1.370143642702137e0 -1.369419653041959e0 -1.367248326108046e0
          -1.367238019920825e0 -1.366647373627926e0 -1.366087624323072e0 -1.366072636309030e0 -1.364506474517209e0
          -1.364498592698475e0 -1.364432527074492e0 -1.363208296601672e0 -1.362791629906430e0 -1.362769860918693e0
          -1.361422364513272e0 -1.361417381985091e0 -1.360964795276374e0 -1.355675097416919e0 -1.355408430493808e0
          -1.355407785234547e0 -4.763317159896728e-1 -4.413610902277934e-1 -4.412663227949505e-1 -4.360290554149731e-1
          -4.225654162782627e-1 -4.224477616759278e-1 -4.159355959835203e-1 -4.139823199377494e-1 -4.135504641088833e-1
          -4.111654495152388e-1 -2.382782243498804e-1 -2.151724985346123e-1 -2.151580595690057e-1 -1.950397649441764e-1
          -1.866406077831310e-1 -1.847285096195406e-1 -1.846986158038442e-1 -1.749263947370495e-1 -1.747007203293935e-1
          -1.693716815489896e-1 -1.679512133647490e-1 -1.679003399463442e-1 -1.616175336135001e-1 -1.591833544187398e-1
          -1.582319400838572e-1 -1.566089140720952e-1 -1.440574962344612e-1 -1.436389544223020e-1 -1.432830926334415e-1
          -1.415382297920126e-1 -1.407563942606169e-1 -1.406721923548069e-1 -1.312190637397028e-1 -1.310421180819477e-1
          -1.272032046149209e-1 -1.194377093675509e-1 -1.191089053833272e-1 -1.189702241162256e-1 -1.183829817967650e-1
          -1.167358495031718e-1 -1.124930327494108e-1 -1.090127793980882e-1 -1.087320913060361e-1 -1.082348850474737e-1
          -1.066509428556963e-1 -1.055769450078231e-1 -1.036574568176425e-1 -1.034754971387266e-1 -1.002906780093034e-1
          -9.974853500223858e-2 -9.774368153459454e-2 -9.509393249282180e-2 -9.467684170444929e-2 -9.229249748555377e-2
          -8.851811927994270e-2 -8.769757746877485e-2 -8.549287958136359e-2 -8.543535239179956e-2
          </eigenvalues>
        <occupations size="94">
          1.000000000000000e0 1.000000000000000e0 1.000000000000000e0 1.000000000000000e0 1.000000000000000e0
          1.000000000000000e0 1.000000000000000e0 1.000000000000000e0 1.000000000000000e0 1.000000000000000e0
          1.000000000000000e0 1.000000000000000e0 1.000000000000000e0 1.000000000000000e0 1.000000000000000e0
          1.000000000000000e0 1.000000000000000e0 1.000000000000000e0 1.000000000000000e0 1.000000000000000e0
          1.000000000000000e0 1.000000000000000e0 1.000000000000000e0 1.000000000000000e0 1.000000000000000e0
          1.000000000000000e0 1.000000000000000e0 1.000000000000000e0 1.000000000000000e0 1.000000000000000e0
          1.000000000000000e0 1.000000000000000e0 1.000000000000000e0 1.000000000000000e0 1.000000000000000e0
          1.000000000000000e0 1.000000000000000e0 1.000000000000000e0 1.000000000000000e0 1.000000000000000e0
          1.000000000000000e0 1.000000000000000e0 1.000000000000000e0 1.000000000000000e0 1.000000000000000e0
          1.000000000000000e0 9.999999999999932e-1 9.999999999964244e-1 9.999999999964103e-1 9.999999991438067e-1
          9.999999915828791e-1 9.999999858378033e-1 9.999999857221306e-1 9.999997960515520e-1 9.999997831347102e-1
          9.999990753817681e-1 9.999986390890633e-1 9.999986201185017e-1 9.999923734925506e-1 9.999852093280195e-1
          9.999808388391475e-1 9.999701995773586e-1 9.990939807220199e-1 9.989847985741388e-1 9.988816898573486e-1
          9.982033196167952e-1 9.977783211396762e-1 9.977269463046252e-1 9.710280783699497e-1 9.696423538900913e-1
          9.182840348311490e-1 5.759473287521439e-1 5.539606362854387e-1 5.446183286395689e-1 5.047879938154552e-1
          3.943520233494890e-1 1.702884772081566e-1 7.374001953464113e-2 6.869001007168541e-2 6.052383916599556e-2
          4.018303436100226e-2 3.030856932691433e-2 1.820177419437893e-2 1.733772911323689e-2 7.362149982740673e-3
          6.358787280514262e-3 3.694948372946965e-3 1.800083860792961e-3 1.607258972713649e-3 8.407042332456991e-4
          3.011833320348889e-4 2.409281209488104e-4 1.322479414218567e-4 1.301941260369534e-4
          </occupations>
      </ks_energies>
      <ks_energies>
        <k_point weight="1.250000000000e-1">0.000000000000000e0 -3.571428571428571e-2 0.000000000000000e0</k_point>
        <npw>174616</npw>
        <eigenvalues size="94">
          -2.244905783111730e0 -2.244566742294585e0 -2.244565997037662e0 -2.240781128933631e0 -2.240447607144437e0
          -2.240423373373087e0 -2.232442552888031e0 -2.232441386192105e0 -2.232437002666031e0 -1.377981482062395e0
          -1.376692375757465e0 -1.376689858056514e0 -1.373848240044968e0 -1.372452291462040e0 -1.372430673618784e0
          -1.371380458609516e0 -1.371380273403540e0 -1.370143642651089e0 -1.369419652525695e0 -1.367248326620458e0
          -1.367238019394588e0 -1.366647372901371e0 -1.366087623011874e0 -1.366072636803195e0 -1.364506473969775e0
          -1.364498592954751e0 -1.364432527223545e0 -1.363208296535567e0 -1.362791629383740e0 -1.362769860422393e0
          -1.361422365553649e0 -1.361417381784240e0 -1.360964794438921e0 -1.355675096656474e0 -1.355408430899719e0
          -1.355407784883510e0 -4.763311931868573e-1 -4.413732863712852e-1 -4.412662751959804e-1 -4.360205557451605e-1
          -4.225452889284934e-1 -4.224480263472480e-1 -4.159441830137797e-1 -4.139912255531755e-1 -4.135504771842601e-1
          -4.111651694946069e-1 -2.382767821742959e-1 -2.151614776162261e-1 -2.151558390361206e-1 -1.950300735461157e-1
          -1.865793249971714e-1 -1.847557152801677e-1 -1.846983866072594e-1 -1.749777389194537e-1 -1.747102883703062e-1
          -1.694130049983773e-1 -1.679508058550900e-1 -1.679148496767505e-1 -1.616177006235960e-1 -1.592663356348692e-1
          -1.582490148604081e-1 -1.566740820357634e-1 -1.439712280383037e-1 -1.435762054320234e-1 -1.432527339893436e-1
          -1.415361504524319e-1 -1.407897110401630e-1 -1.405635485656495e-1 -1.311424959749137e-1 -1.310486313589303e-1
          -1.271200878582662e-1 -1.193173146448552e-1 -1.191705051209849e-1 -1.189713889964762e-1 -1.185351612042725e-1
          -1.166997067072375e-1 -1.124755098386253e-1 -1.089622018568133e-1 -1.089446851863264e-1 -1.081661599663002e-1
          -1.067028969492215e-1 -1.055298413590146e-1 -1.036751070042899e-1 -1.034758972224445e-1 -1.002119495888565e-1
          -9.982888449387781e-2 -9.759371697572385e-2 -9.527697161660221e-2 -9.466880466052119e-2 -9.224079189317516e-2
          -8.854858985706613e-2 -8.772605643182013e-2 -8.567637068385265e-2 -8.546501765448626e-2
          </eigenvalues>
        <occupations size="94">
          1.000000000000000e0 1.000000000000000e0 1.000000000000000e0 1.000000000000000e0 1.000000000000000e0
          1.000000000000000e0 1.000000000000000e0 1.000000000000000e0 1.000000000000000e0 1.000000000000000e0
          1.000000000000000e0 1.000000000000000e0 1.000000000000000e0 1.000000000000000e0 1.000000000000000e0
          1.000000000000000e0 1.000000000000000e0 1.000000000000000e0 1.000000000000000e0 1.000000000000000e0
          1.000000000000000e0 1.000000000000000e0 1.000000000000000e0 1.000000000000000e0 1.000000000000000e0
          1.000000000000000e0 1.000000000000000e0 1.000000000000000e0 1.000000000000000e0 1.000000000000000e0
          1.000000000000000e0 1.000000000000000e0 1.000000000000000e0 1.000000000000000e0 1.000000000000000e0
          1.000000000000000e0 1.000000000000000e0 1.000000000000000e0 1.000000000000000e0 1.000000000000000e0
          1.000000000000000e0 1.000000000000000e0 1.000000000000000e0 1.000000000000000e0 1.000000000000000e0
          1.000000000000000e0 9.999999999999932e-1 9.999999999964137e-1 9.999999999964082e-1 9.999999991415457e-1
          9.999999914413392e-1 9.999999859422593e-1 9.999999857212401e-1 9.999997988811964e-1 9.999997836986056e-1
          9.999990857205601e-1 9.999986389381450e-1 9.999986255559369e-1 9.999923738391326e-1 9.999855395591695e-1
          9.999809276591279e-1 9.999707233580718e-1 9.990724804847082e-1 9.989673333593085e-1 9.988724236845270e-1
          9.982023045646953e-1 9.977983276138128e-1 9.976589034112109e-1 9.704361447148932e-1 9.696944815715099e-1
          9.165707378011207e-1 5.679267879277985e-1 5.580985249778513e-1 5.446969414972909e-1 5.151360452132713e-1
          3.920055143501384e-1 1.696158317344461e-1 7.280548075439325e-2 7.248437144918575e-2 5.946918309820139e-2
          4.073185027183371e-2 2.993412130578959e-2 1.828780246740638e-2 1.733958401468798e-2 7.207232015139098e-3
          6.498434739241999e-3 3.547726251719563e-3 1.891837937306290e-3 1.603753383887564e-3 8.289682468681960e-4
          3.036902034797555e-4 2.428019964210581e-4 1.390178308544515e-4 1.312492106641750e-4
          </occupations>
      </ks_energies>
      <ks_energies>
        <k_point weight="2.500000000000e-1">1.785714285714286e-2 0.000000000000000e0 0.000000000000000e0</k_point>
        <npw>174650</npw>
        <eigenvalues size="94">
          -2.244905790681061e0 -2.244566722505231e0 -2.244566023149897e0 -2.240781135892632e0 -2.240447635223279e0
          -2.240423354084716e0 -2.232442533745785e0 -2.232441396396414e0 -2.232437026764422e0 -1.377981482804806e0
          -1.376692375864417e0 -1.376689857808646e0 -1.373848240770122e0 -1.372452291315023e0 -1.372430673265271e0
          -1.371380460278159e0 -1.371380273871483e0 -1.370143642152879e0 -1.369419653211346e0 -1.367248325309520e0
          -1.367238019342354e0 -1.366647374097878e0 -1.366087625602223e0 -1.366072635980259e0 -1.364506474426148e0
          -1.364498591864880e0 -1.364432527314281e0 -1.363208296145830e0 -1.362791629216897e0 -1.362769861246635e0
          -1.361422363826765e0 -1.361417380655270e0 -1.360964795489623e0 -1.355675096013938e0 -1.355408429083580e0
          -1.355407787250719e0 -4.763310583829101e-1 -4.413718951205878e-1 -4.412924823472304e-1 -4.359692071805864e-1
          -4.226238562075931e-1 -4.224812616963765e-1 -4.156957927270010e-1 -4.140270263638255e-1 -4.136766829015067e-1
          -4.111665696703046e-1 -2.382779150670622e-1 -2.151799501112607e-1 -2.151677518713121e-1 -1.950324462161850e-1
          -1.865770126632411e-1 -1.847523507583062e-1 -1.846792062242282e-1 -1.749004770029119e-1 -1.747020609272546e-1
          -1.692822707346491e-1 -1.679195002744440e-1 -1.678786314287901e-1 -1.616229655675369e-1 -1.592888179692331e-1
          -1.586444790840785e-1 -1.563179967231916e-1 -1.445443047427064e-1 -1.434526997680736e-1 -1.434052034275568e-1
          -1.412502002442310e-1 -1.410742088901749e-1 -1.400427742745214e-1 -1.312503947427310e-1 -1.311267101115483e-1
          -1.268710083669639e-1 -1.194523727500193e-1 -1.192357895133594e-1 -1.190008539811831e-1 -1.184515031191323e-1
          -1.178358929680235e-1 -1.123827513326523e-1 -1.089974522084184e-1 -1.088212542556552e-1 -1.081242685151151e-1
          -1.067860260733066e-1 -1.048674591275476e-1 -1.035802086554102e-1 -1.035275594925557e-1 -9.996994346425415e-2
          -9.975458410048020e-2 -9.750019950558942e-2 -9.496912061414641e-2 -9.481705190123579e-2 -9.263595408568525e-2
          -8.841016902065746e-2 -8.786587301268110e-2 -8.544743905927326e-2 -8.507008055449170e-2
          </eigenvalues>
        <occupations size="94">
          1.000000000000000e0 1.000000000000000e0 1.000000000000000e0 1.000000000000000e0 1.000000000000000e0
          1.000000000000000e0 1.000000000000000e0 1.000000000000000e0 1.000000000000000e0 1.000000000000000e0
          1.000000000000000e0 1.000000000000000e0 1.000000000000000e0 1.000000000000000e0 1.000000000000000e0
          1.000000000000000e0 1.000000000000000e0 1.000000000000000e0 1.000000000000000e0 1.000000000000000e0
          1.000000000000000e0 1.000000000000000e0 1.000000000000000e0 1.000000000000000e0 1.000000000000000e0
          1.000000000000000e0 1.000000000000000e0 1.000000000000000e0 1.000000000000000e0 1.000000000000000e0
          1.000000000000000e0 1.000000000000000e0 1.000000000000000e0 1.000000000000000e0 1.000000000000000e0
          1.000000000000000e0 1.000000000000000e0 1.000000000000000e0 1.000000000000000e0 1.000000000000000e0
          1.000000000000000e0 1.000000000000000e0 1.000000000000000e0 1.000000000000000e0 1.000000000000000e0
          1.000000000000000e0 9.999999999999932e-1 9.999999999964317e-1 9.999999999964199e-1 9.999999991420998e-1
          9.999999914359522e-1 9.999999859293832e-1 9.999999856465209e-1 9.999997946081065e-1 9.999997832138073e-1
          9.999990526100067e-1 9.999986272941825e-1 9.999986119431703e-1 9.999923847569542e-1 9.999856277532761e-1
          9.999828734512704e-1 9.999677446874140e-1 9.992062999167089e-1 9.989320758308478e-1 9.989181989882743e-1
          9.980571206240981e-1 9.979620070635919e-1 9.973034504956145e-1 9.712669644644482e-1 9.703126566877163e-1
          9.112393483023295e-1 5.769215446628209e-1 5.624751256515270e-1 5.466846579622182e-1 5.094484155068444e-1
          4.676159253479359e-1 1.660903349006784e-1 7.345565378409558e-2 7.025845788317103e-2 5.883478637701005e-2
          4.162493929557148e-2 2.512102097979886e-2 1.782991140159611e-2 1.758074991897324e-2 6.751003664368358e-3
          6.369196019354679e-3 3.458893195783218e-3 1.740078668257648e-3 1.669661411637267e-3 9.229885733149366e-4
          2.924673725743334e-4 2.522152511740188e-4 1.306229768738974e-4 1.178772001814921e-4
          </occupations>
      </ks_energies>
      <ks_energies>
        <k_point weight="2.500000000000e-1">1.785714285714286e-2 1.785714285714286e-2 0.000000000000000e0</k_point>
        <npw>174617</npw>
        <eigenvalues size="94">
          -2.244905783505225e0 -2.244566734272688e0 -2.244566004323989e0 -2.240781129649839e0 -2.240447614365399e0
          -2.240423366501939e0 -2.232442524305217e0 -2.232441402689369e0 -2.232437015319673e0 -1.377981482263430e0
          -1.376692375874785e0 -1.376689857644343e0 -1.373848240114148e0 -1.372452291204710e0 -1.372430673405048e0
          -1.371380459286236e0 -1.371380273784701e0 -1.370143641825131e0 -1.369419652696935e0 -1.367248326070369e0
          -1.367238019305997e0 -1.366647373468068e0 -1.366087623976526e0 -1.366072636047301e0 -1.364506474283076e0
          -1.364498592355156e0 -1.364432527193419e0 -1.363208295933293e0 -1.362791629137010e0 -1.362769860930850e0
          -1.361422364599542e0 -1.361417380825995e0 -1.360964795090015e0 -1.355675095292609e0 -1.355408429324524e0
          -1.355407787214354e0 -4.763305502736942e-1 -4.413775857962378e-1 -4.412990039992348e-1 -4.359605953400850e-1
          -4.226162796190619e-1 -4.224690969219501e-1 -4.157053714684106e-1 -4.140332253754768e-1 -4.136783997472662e-1
          -4.111662760445892e-1 -2.382764996497245e-1 -2.151742713161509e-1 -2.151603379375949e-1 -1.950227768783756e-1
          -1.865161555950729e-1 -1.847567203710202e-1 -1.847018241580102e-1 -1.749291588570002e-1 -1.747333671573344e-1
          -1.693235002520944e-1 -1.679288305464800e-1 -1.678838545285965e-1 -1.616229980272746e-1 -1.593253637740531e-1
          -1.587226584710850e-1 -1.563721293233540e-1 -1.444608561467476e-1 -1.434185934852143e-1 -1.433433115161128e-1
          -1.412643567664970e-1 -1.409689162466559e-1 -1.400550665851269e-1 -1.312022863076283e-1 -1.310947843496665e-1
          -1.268029850526122e-1 -1.194137574404559e-1 -1.192316616734259e-1 -1.190260349402088e-1 -1.184855894413796e-1
          -1.178724417342254e-1 -1.123654882654488e-1 -1.089738487195497e-1 -1.088530252397053e-1 -1.081578610655737e-1
          -1.069252668766771e-1 -1.047992047209464e-1 -1.035886229415393e-1 -1.035311157675591e-1 -9.989305374355906e-2
          -9.979234133857521e-2 -9.739926668871785e-2 -9.506174548276258e-2 -9.487854506499991e-2 -9.259454819723734e-2
          -8.843581887952920e-2 -8.790515638224178e-2 -8.562355388638377e-2 -8.529388018803640e-2
          </eigenvalues>
        <occupations size="94">
          1.000000000000000e0 1.000000000000000e0 1.000000000000000e0 1.000000000000000e0 1.000000000000000e0
          1.000000000000000e0 1.000000000000000e0 1.000000000000000e0 1.000000000000000e0 1.000000000000000e0
          1.000000000000000e0 1.000000000000000e0 1.000000000000000e0 1.000000000000000e0 1.000000000000000e0
          1.000000000000000e0 1.000000000000000e0 1.000000000000000e0 1.000000000000000e0 1.000000000000000e0
          1.000000000000000e0 1.000000000000000e0 1.000000000000000e0 1.000000000000000e0 1.000000000000000e0
          1.000000000000000e0 1.000000000000000e0 1.000000000000000e0 1.000000000000000e0 1.000000000000000e0
          1.000000000000000e0 1.000000000000000e0 1.000000000000000e0 1.000000000000000e0 1.000000000000000e0
          1.000000000000000e0 1.000000000000000e0 1.000000000000000e0 1.000000000000000e0 1.000000000000000e0
          1.000000000000000e0 1.000000000000000e0 1.000000000000000e0 1.000000000000000e0 1.000000000000000e0
          1.000000000000000e0 9.999999999999932e-1 9.999999999964261e-1 9.999999999964126e-1 9.999999991398397e-1
          9.999999912929503e-1 9.999999859461035e-1 9.999999857345902e-1 9.999997962048949e-1 9.999997850527340e-1
          9.999990631794804e-1 9.999986307749150e-1 9.999986139145806e-1 9.999923848242169e-1 9.999857699694548e-1
          9.999832339420385e-1 9.999682163183506e-1 9.991880855716339e-1 9.989221292470901e-1 9.988998456055025e-1
          9.980645761018911e-1 9.979028950025576e-1 9.973124309367034e-1 9.708993662654258e-1 9.700613811055751e-1
          9.097307715265082e-1 5.743547270681669e-1 5.621986798503535e-1 5.483821963967539e-1 5.117662078282469e-1
          4.700926289402478e-1 1.654407281908741e-1 7.301971187455382e-2 7.082529198225938e-2 5.934299912367975e-2
          4.316296043900475e-2 2.467015931093231e-2 1.787005195428841e-2 1.759747171823395e-2 6.612145722811629e-3
          6.434548925065593e-3 3.365502037114468e-3 1.784414623221838e-3 1.697787319612833e-3 9.126569583843034e-4
          2.945152390019020e-4 2.549250888201423e-4 1.370344023027855e-4 1.252779645016219e-4
          </occupations>
      </ks_energies>
      <ks_energies>
        <k_point weight="2.500000000000e-1">1.785714285714286e-2 -3.571428571428571e-2 0.000000000000000e0</k_point>
        <npw>174638</npw>
        <eigenvalues size="94">
          -2.244905787087510e0 -2.244566741069059e0 -2.244566004827754e0 -2.240781133080883e0 -2.240447614263435e0
          -2.240423374007487e0 -2.232442543424558e0 -2.232441404061224e0 -2.232437006068829e0 -1.377981481928545e0
          -1.376692375824064e0 -1.376689857778879e0 -1.373848239806435e0 -1.372452291318357e0 -1.372430673364363e0
          -1.371380458536512e0 -1.371380273916224e0 -1.370143641589326e0 -1.369419652435373e0 -1.367248326417150e0
          -1.367238019478441e0 -1.366647373115854e0 -1.366087622862820e0 -1.366072636369287e0 -1.364506474330842e0
          -1.364498592765526e0 -1.364432527086475e0 -1.363208295830735e0 -1.362791628895851e0 -1.362769860914706e0
          -1.361422365202821e0 -1.361417380854520e0 -1.360964794352718e0 -1.355675094778950e0 -1.355408429972122e0
          -1.355407787364059e0 -4.763300393424855e-1 -4.413842128442465e-1 -4.413045283826717e-1 -4.359520313544268e-1
          -4.226099417381006e-1 -4.224556199662628e-1 -4.157151058737155e-1 -4.140394498095325e-1 -4.136800314870649e-1
          -4.111660082930908e-1 -2.382750853614630e-1 -2.151707022942405e-1 -2.151507597243668e-1 -1.950130782852519e-1
          -1.864541867838861e-1 -1.847662489849330e-1 -1.847194066026347e-1 -1.749633182384761e-1 -1.747609555432934e-1
          -1.693648346002468e-1 -1.679401276812029e-1 -1.678869653587797e-1 -1.616230390082398e-1 -1.593666920658314e-1
          -1.587965950924940e-1 -1.564207107137118e-1 -1.443803422875710e-1 -1.433895594507042e-1 -1.432766066384817e-1
          -1.412883516736382e-1 -1.408486195802543e-1 -1.400752852567875e-1 -1.311884943013369e-1 -1.310293175372092e-1
          -1.267306266537438e-1 -1.193956419052302e-1 -1.192024002730274e-1 -1.190254478884336e-1 -1.185581664266737e-1
          -1.179021824903660e-1 -1.123467612962976e-1 -1.089547996047482e-1 -1.088968941713766e-1 -1.081824394053431e-1
          -1.070472890388169e-1 -1.047405758601536e-1 -1.035988068611325e-1 -1.035330611078528e-1 -9.993550702513353e-2
          -9.971311971634844e-2 -9.727991083017590e-2 -9.522296602507998e-2 -9.488904184960100e-2 -9.254518996881266e-2
          -8.846048550972501e-2 -8.793466853755191e-2 -8.550961670814685e-2 -8.533528869300206e-2
          </eigenvalues>
        <occupations size="94">
          1.000000000000000e0 1.000000000000000e0 1.000000000000000e0 1.000000000000000e0 1.000000000000000e0
          1.000000000000000e0 1.000000000000000e0 1.000000000000000e0 1.000000000000000e0 1.000000000000000e0
          1.000000000000000e0 1.000000000000000e0 1.000000000000000e0 1.000000000000000e0 1.000000000000000e0
          1.000000000000000e0 1.000000000000000e0 1.000000000000000e0 1.000000000000000e0 1.000000000000000e0
          1.000000000000000e0 1.000000000000000e0 1.000000000000000e0 1.000000000000000e0 1.000000000000000e0
          1.000000000000000e0 1.000000000000000e0 1.000000000000000e0 1.000000000000000e0 1.000000000000000e0
          1.000000000000000e0 1.000000000000000e0 1.000000000000000e0 1.000000000000000e0 1.000000000000000e0
          1.000000000000000e0 1.000000000000000e0 1.000000000000000e0 1.000000000000000e0 1.000000000000000e0
          1.000000000000000e0 1.000000000000000e0 1.000000000000000e0 1.000000000000000e0 1.000000000000000e0
          1.000000000000000e0 9.999999999999932e-1 9.999999999964228e-1 9.999999999964032e-1 9.999999991375665e-1
          9.999999911448823e-1 9.999999859824962e-1 9.999999858026792e-1 9.999997980904423e-1 9.999997866603401e-1
          9.999990736574619e-1 9.999986349775904e-1 9.999986150874038e-1 9.999923849091362e-1 9.999859291016575e-1
          9.999835678852170e-1 9.999686337099602e-1 9.991701160242627e-1 9.989135890211500e-1 9.988797165895958e-1
          9.980771477690549e-1 9.978332628269081e-1 9.973271373371821e-1 9.707931423149946e-1 9.695396541468163e-1
          9.081007402384296e-1 5.731491689172474e-1 5.602379151213052e-1 5.483426337981223e-1 5.166994677079268e-1
          4.721090852323933e-1 1.647383402624600e-1 7.266962571267928e-2 7.161491350053620e-2 5.971744079638497e-2
          4.455527141448729e-2 2.428918519104329e-2 1.791875327479151e-2 1.760662542263615e-2 6.688459111499943e-3
          6.298186137721652e-3 3.258302386404178e-3 1.864290850203612e-3 1.702635408046019e-3 9.004919258988375e-4
          2.964981252072976e-4 2.569800212191347e-4 1.328515454443284e-4 1.266973780122234e-4
          </occupations>
      </ks_energies>
      <ks_energies>
        <k_point weight="2.500000000000e-1">1.785714285714286e-2 -1.785714285714286e-2 0.000000000000000e0</k_point>
        <npw>174617</npw>
        <eigenvalues size="94">
          -2.244905783504970e0 -2.244566734430091e0 -2.244566004166837e0 -2.240781129649605e0 -2.240447614367710e0
          -2.240423366499812e0 -2.232442524487436e0 -2.232441402641103e0 -2.232437015185843e0 -1.377981482263441e0
          -1.376692375871924e0 -1.376689857647144e0 -1.373848240114266e0 -1.372452291204677e0 -1.372430673404950e0
          -1.371380459266178e0 -1.371380273804824e0 -1.370143641825009e0 -1.369419652696963e0 -1.367248326070418e0
          -1.367238019306019e0 -1.366647373468074e0 -1.366087623978683e0 -1.366072636045279e0 -1.364506474283062e0
          -1.364498592355035e0 -1.364432527193377e0 -1.363208295933036e0 -1.362791629132666e0 -1.362769860935894e0
          -1.361422364605332e0 -1.361417380820430e0 -1.360964795089964e0 -1.355675095292098e0 -1.355408429434541e0
          -1.355407787104872e0 -4.763305502739335e-1 -4.413775854977583e-1 -4.412990043088270e-1 -4.359605953207942e-1
          -4.226162809422577e-1 -4.224690955976182e-1 -4.157053712971932e-1 -4.140332262896088e-1 -4.136783990136756e-1
          -4.111662760444351e-1 -2.382764996358717e-1 -2.151742714557424e-1 -2.151603377926497e-1 -1.950227768970623e-1
          -1.865161555304802e-1 -1.847567225296528e-1 -1.847018221353272e-1 -1.749291599248197e-1 -1.747333663763901e-1
          -1.693235002320417e-1 -1.679288294970333e-1 -1.678838556617570e-1 -1.616229980008663e-1 -1.593253609856388e-1
          -1.587226619858423e-1 -1.563721287874370e-1 -1.444608546218128e-1 -1.434185938586580e-1 -1.433433131570108e-1
          -1.412643504375435e-1 -1.409689212588023e-1 -1.400550677115132e-1 -1.312022892204553e-1 -1.310947809785385e-1
          -1.268029851940743e-1 -1.194137376285959e-1 -1.192316851896524e-1 -1.190260461203248e-1 -1.184855681845872e-1
          -1.178724478486568e-1 -1.123654908039203e-1 -1.089738512819942e-1 -1.088530199943452e-1 -1.081578548610241e-1
          -1.069252760184810e-1 -1.047992029708147e-1 -1.035886141624904e-1 -1.035311243353201e-1 -9.989293221007872e-2
          -9.979226071407520e-2 -9.740017334679168e-2 -9.506117633467362e-2 -9.487833803711601e-2 -9.260158141900238e-2
          -8.843104925329992e-2 -8.790286439962971e-2 -8.562363464583076e-2 -8.434180746089821e-2
          </eigenvalues>
        <occupations size="94">
          1.000000000000000e0 1.000000000000000e0 1.000000000000000e0 1.000000000000000e0 1.000000000000000e0
          1.000000000000000e0 1.000000000000000e0 1.000000000000000e0 1.000000000000000e0 1.000000000000000e0
          1.000000000000000e0 1.000000000000000e0 1.000000000000000e0 1.000000000000000e0 1.000000000000000e0
          1.000000000000000e0 1.000000000000000e0 1.000000000000000e0 1.000000000000000e0 1.000000000000000e0
          1.000000000000000e0 1.000000000000000e0 1.000000000000000e0 1.000000000000000e0 1.000000000000000e0
          1.000000000000000e0 1.000000000000000e0 1.000000000000000e0 1.000000000000000e0 1.000000000000000e0
          1.000000000000000e0 1.000000000000000e0 1.000000000000000e0 1.000000000000000e0 1.000000000000000e0
          1.000000000000000e0 1.000000000000000e0 1.000000000000000e0 1.000000000000000e0 1.000000000000000e0
          1.000000000000000e0 1.000000000000000e0 1.000000000000000e0 1.000000000000000e0 1.000000000000000e0
          1.000000000000000e0 9.999999999999932e-1 9.999999999964261e-1 9.999999999964126e-1 9.999999991398397e-1
          9.999999912929503e-1 9.999999859461116e-1 9.999999857345825e-1 9.999997962049543e-1 9.999997850526883e-1
          9.999990631794752e-1 9.999986307745241e-1 9.999986139150080e-1 9.999923848241622e-1 9.999857699586574e-1
          9.999832339580736e-1 9.999682163137155e-1 9.991880852349986e-1 9.989221293565043e-1 9.988998460961930e-1
          9.980645727751602e-1 9.979028978567456e-1 9.973124317582435e-1 9.708993886599501e-1 9.700613544641746e-1
          9.097307746876446e-1 5.743534091025286e-1 5.622002548664556e-1 5.483829498413034e-1 5.117647625620356e-1
          4.700930434074284e-1 1.654408235632643e-1 7.301975907171365e-2 7.082519805071831e-2 5.934290487801920e-2
          4.316306317727397e-2 2.467014785198432e-2 1.787001002742388e-2 1.759751202316898e-2 6.611928502336929e-3
          6.434408667089336e-3 3.366329661290663e-3 1.784138779858273e-3 1.697691839567017e-3 9.144037088876887e-4
          2.941333534692645e-4 2.547661871490146e-4 1.370374133588876e-4 9.668820324765740e-5
          </occupations>
      </ks_energies>
      <ks_energies>
        <k_point weight="1.250000000000e-1">-3.571428571428571e-2 0.000000000000000e0 0.000000000000000e0</k_point>
        <npw>174616</npw>
        <eigenvalues size="94">
          -2.244905788243393e0 -2.244566730385685e0 -2.244566003236685e0 -2.240781134538903e0 -2.240447613213080e0
          -2.240423363535969e0 -2.232442514570232e0 -2.232441416781966e0 -2.232437011268773e0 -1.377981482667979e0
          -1.376692375886154e0 -1.376689857577695e0 -1.373848240639751e0 -1.372452290971558e0 -1.372430673410042e0
          -1.371380460158295e0 -1.371380274334694e0 -1.370143641335372e0 -1.369419652895552e0 -1.367248325162375e0
          -1.367238018668964e0 -1.366647373839386e0 -1.366087625532811e0 -1.366072636141227e0 -1.364506474179109e0
          -1.364498591648654e0 -1.364432527509541e0 -1.363208295600898e0 -1.362791628892252e0 -1.362769861547902e0
          -1.361422363617928e0 -1.361417379712364e0 -1.360964795364989e0 -1.355675094083970e0 -1.355408427992670e0
          -1.355407789119472e0 -4.763298904236088e-1 -4.414075347108408e-1 -4.413048691755766e-1 -4.359017887351452e-1
          -4.226779471435089e-1 -4.224976989485469e-1 -4.154101516335116e-1 -4.141650044901875e-1 -4.137746770577716e-1
          -4.111673726873142e-1 -2.382761931856634e-1 -2.151855811108085e-1 -2.151661548440966e-1 -1.950153341743779e-1
          -1.864504040214737e-1 -1.847899701411821e-1 -1.846737565398149e-1 -1.749401632993379e-1 -1.746977503084541e-1
          -1.692330579364590e-1 -1.679155645508806e-1 -1.678399150407493e-1 -1.616297496122171e-1 -1.597120408693490e-1
          -1.587383255163038e-1 -1.561833980897362e-1 -1.447803443995112e-1 -1.435268445544142e-1 -1.433218973824962e-1
          -1.413845499779867e-1 -1.410043560047805e-1 -1.392754603309750e-1 -1.312507527972583e-1 -1.311667823123932e-1
          -1.264278792316910e-1 -1.202298752619951e-1 -1.192352675074655e-1 -1.190454246873772e-1 -1.188692229465156e-1
          -1.179014065298697e-1 -1.122763565239602e-1 -1.090557252750812e-1 -1.088242120117262e-1 -1.083784415385285e-1
          -1.066884954149214e-1 -1.043042544735077e-1 -1.036920725897325e-1 -1.034555245741715e-1 -9.985806723517740e-2
          -9.952734704893750e-2 -9.678299276690151e-2 -9.541575385203572e-2 -9.479353237304714e-2 -9.299186678941897e-2
          -8.857266642015500e-2 -8.782778480364289e-2 -8.548855155779158e-2 -8.515623020582193e-2
          </eigenvalues>
        <occupations size="94">
          1.000000000000000e0 1.000000000000000e0 1.000000000000000e0 1.000000000000000e0 1.000000000000000e0
          1.000000000000000e0 1.000000000000000e0 1.000000000000000e0 1.000000000000000e0 1.000000000000000e0
          1.000000000000000e0 1.000000000000000e0 1.000000000000000e0 1.000000000000000e0 1.000000000000000e0
          1.000000000000000e0 1.000000000000000e0 1.000000000000000e0 1.000000000000000e0 1.000000000000000e0
          1.000000000000000e0 1.000000000000000e0 1.000000000000000e0 1.000000000000000e0 1.000000000000000e0
          1.000000000000000e0 1.000000000000000e0 1.000000000000000e0 1.000000000000000e0 1.000000000000000e0
          1.000000000000000e0 1.000000000000000e0 1.000000000000000e0 1.000000000000000e0 1.000000000000000e0
          1.000000000000000e0 1.000000000000000e0 1.000000000000000e0 1.000000000000000e0 1.000000000000000e0
          1.000000000000000e0 1.000000000000000e0 1.000000000000000e0 1.000000000000000e0 1.000000000000000e0
          1.000000000000000e0 9.999999999999932e-1 9.999999999964373e-1 9.999999999964185e-1 9.999999991380959e-1
          9.999999911357625e-1 9.999999860726858e-1 9.999999856252197e-1 9.999997968142386e-1 9.999997829593726e-1
          9.999990398377319e-1 9.999986258232772e-1 9.999985972423410e-1 9.999923988018660e-1 9.999871911570668e-1
          9.999833052660957e-1 9.999665414382607e-1 9.992556395608293e-1 9.989533838532825e-1 9.988934233157313e-1
          9.981267359096556e-1 9.979229797412922e-1 9.966794055503899e-1 9.712696834068243e-1 9.706251574319397e-1
          9.009906489760752e-1 6.275493699792857e-1 5.624401685047653e-1 5.496885638059725e-1 5.377941501804857e-1
          4.720564623968083e-1 1.621190945848450e-1 7.454220000107670e-2 7.031105041351253e-2 6.278353533834455e-2
          4.057900497616876e-2 2.162878406226984e-2 1.837087000172625e-2 1.724537799260335e-2 6.549905082419466e-3
          5.989577514576283e-3 2.847382666907613e-3 1.964505521478671e-3 1.659027389510907e-3 1.016755315766642e-3
          3.056857716832260e-4 2.496153581284583e-4 1.320923032565995e-4 1.206728450021684e-4
          </occupations>
      </ks_energies>
      <ks_energies>
        <k_point weight="2.500000000000e-1">-3.571428571428571e-2 1.785714285714286e-2 0.000000000000000e0</k_point>
        <npw>174638</npw>
        <eigenvalues size="94">
          -2.244905782119582e0 -2.244566746896825e0 -2.244566006446188e0 -2.240781127523004e0 -2.240447616115359e0
          -2.240423380543297e0 -2.232442529793448e0 -2.232441406947724e0 -2.232437019900738e0 -1.377981482241308e0
          -1.376692375747437e0 -1.376689857360371e0 -1.373848240323232e0 -1.372452291098904e0 -1.372430673249871e0
          -1.371380459187583e0 -1.371380274170483e0 -1.370143640942206e0 -1.369419652594089e0 -1.367248325761881e0
          -1.367238018745598e0 -1.366647373460396e0 -1.366087623979126e0 -1.366072636028438e0 -1.364506474096507e0
          -1.364498592112071e0 -1.364432527135758e0 -1.363208295264159e0 -1.362791628699670e0 -1.362769861156994e0
          -1.361422364242841e0 -1.361417379592937e0 -1.360964795025628e0 -1.355675093281559e0 -1.355408428431754e0
          -1.355407789356018e0 -4.763293859755175e-1 -4.414074551804958e-1 -4.413171738630281e-1 -4.358930982273547e-1
          -4.226782283242374e-1 -4.224777416504704e-1 -4.154221513201746e-1 -4.141651036018593e-1 -4.137801705081098e-1
          -4.111671019033636e-1 -2.382748107157131e-1 -2.151834946578686e-1 -2.151551977967040e-1 -1.950057384485865e-1
          -1.863887833296202e-1 -1.847897077806220e-1 -1.847011532725387e-1 -1.749490405891041e-1 -1.747497567578549e-1
          -1.692743487100523e-1 -1.679306012970126e-1 -1.678398070486171e-1 -1.616296945999520e-1 -1.597279186172565e-1
          -1.588439742652294e-1 -1.562294455929681e-1 -1.447011230687408e-1 -1.434967042924520e-1 -1.432545621633992e-1
          -1.414156267553141e-1 -1.408485347914304e-1 -1.393241873808154e-1 -1.312583217833989e-1 -1.310722146999570e-1
          -1.263695800329947e-1 -1.202097760120430e-1 -1.191569436738629e-1 -1.190941517245436e-1 -1.188651596223159e-1
          -1.179999659591504e-1 -1.122606682663425e-1 -1.090111182903541e-1 -1.088438952284621e-1 -1.084037388972478e-1
          -1.068816214273378e-1 -1.042351247023092e-1 -1.036939832358836e-1 -1.034623325842504e-1 -9.993436556176503e-2
          -9.936320057931871e-2 -9.672183606310970e-2 -9.541235836679213e-2 -9.494840870464017e-2 -9.296540194032483e-2
          -8.859113508361521e-2 -8.786903736552507e-2 -8.561050463500269e-2 -8.538525743424819e-2
          </eigenvalues>
        <occupations size="94">
          1.000000000000000e0 1.000000000000000e0 1.000000000000000e0 1.000000000000000e0 1.000000000000000e0
          1.000000000000000e0 1.000000000000000e0 1.000000000000000e0 1.000000000000000e0 1.000000000000000e0
          1.000000000000000e0 1.000000000000000e0 1.000000000000000e0 1.000000000000000e0 1.000000000000000e0
          1.000000000000000e0 1.000000000000000e0 1.000000000000000e0 1.000000000000000e0 1.000000000000000e0
          1.000000000000000e0 1.000000000000000e0 1.000000000000000e0 1.000000000000000e0 1.000000000000000e0
          1.000000000000000e0 1.000000000000000e0 1.000000000000000e0 1.000000000000000e0 1.000000000000000e0
          1.000000000000000e0 1.000000000000000e0 1.000000000000000e0 1.000000000000000e0 1.000000000000000e0
          1.000000000000000e0 1.000000000000000e0 1.000000000000000e0 1.000000000000000e0 1.000000000000000e0
          1.000000000000000e0 1.000000000000000e0 1.000000000000000e0 1.000000000000000e0 1.000000000000000e0
          1.000000000000000e0 9.999999999999932e-1 9.999999999964352e-1 9.999999999964075e-1 9.999999991358424e-1
          9.999999909858753e-1 9.999999860716915e-1 9.999999857319859e-1 9.999997973044685e-1 9.999997860092291e-1
          9.999990505655239e-1 9.999986314345104e-1 9.999985972011189e-1 9.999923986880789e-1 9.999872463782939e-1
          9.999837783735201e-1 9.999669580500962e-1 9.992394313480794e-1 9.989447737423220e-1 9.988729838500577e-1
          9.981424809282078e-1 9.978332129432308e-1 9.967230003859068e-1 9.713271012811594e-1 9.698825015744832e-1
          8.995664453839664e-1 6.262701386182050e-1 5.571882226826874e-1 5.529684436806025e-1 5.375192963848798e-1
          4.787449788244349e-1 1.615400457599172e-1 7.370915207277009e-2 7.066196998817381e-2 6.318980916794525e-2
          4.267511327300072e-2 2.123428295086963e-2 1.838024814420886e-2 1.727680312400365e-2 6.686395834007652e-3
          5.729429894344018e-3 2.800521409859940e-3 1.962694798953201e-3 1.730316095432044e-3 1.009466867809532e-3
          3.072254132975030e-4 2.524324633885224e-4 1.365487385262145e-4 1.284316485282678e-4
          </occupations>
      </ks_energies>
      <ks_energies>
        <k_point weight="1.250000000000e-1">-3.571428571428571e-2 -3.571428571428571e-2 0.000000000000000e0</k_point>
        <npw>174708</npw>
        <eigenvalues size="94">
          -2.244905789007425e0 -2.244566762192718e0 -2.244566022083744e0 -2.240781134585782e0 -2.240447631687795e0
          -2.240423395835464e0 -2.232442549308195e0 -2.232441434655156e0 -2.232437010431572e0 -1.377981482167072e0
          -1.376692376144945e0 -1.376689857975127e0 -1.373848240130105e0 -1.372452291530760e0 -1.372430673656005e0
          -1.371380458479877e0 -1.371380274384395e0 -1.370143641175219e0 -1.369419652553289e0 -1.367248326511901e0
          -1.367238019287391e0 -1.366647373302407e0 -1.366087622667619e0 -1.366072636313601e0 -1.364506474278675e0
          -1.364498592771036e0 -1.364432527099153e0 -1.363208295611326e0 -1.362791629140605e0 -1.362769861460843e0
          -1.361422364969236e0 -1.361417380301423e0 -1.360964794776756e0 -1.355675093061552e0 -1.355408429110216e0
          -1.355407789442549e0 -4.763288822238393e-1 -4.414074054035133e-1 -4.413294221658049e-1 -4.358844425577453e-1
          -4.226785300738673e-1 -4.224577053593316e-1 -4.154343179659072e-1 -4.141651516885058e-1 -4.137855892666038e-1
          -4.111668415404681e-1 -2.382734377706134e-1 -2.151814043198170e-1 -2.151441673453920e-1 -1.949960649505947e-1
          -1.863259389817131e-1 -1.847895138196710e-1 -1.847286704467477e-1 -1.749579855708783e-1 -1.748035120606749e-1
          -1.693157296915351e-1 -1.679456266771765e-1 -1.678395745198683e-1 -1.616296453359744e-1 -1.597436390735862e-1
          -1.589496309248741e-1 -1.562706100143753e-1 -1.446245954782864e-1 -1.434614785032854e-1 -1.431930493571970e-1
          -1.414492729043308e-1 -1.406786845466778e-1 -1.393868895527543e-1 -1.312659713428070e-1 -1.309778030296886e-1
          -1.263076880390116e-1 -1.201889048207161e-1 -1.191423829658249e-1 -1.190562093119966e-1 -1.188625149640684e-1
          -1.181216930613770e-1 -1.122437340649549e-1 -1.089600953115289e-1 -1.088712294358047e-1 -1.084354437049862e-1
          -1.070563965125946e-1 -1.041773157680643e-1 -1.036962609520107e-1 -1.034678798514585e-1 -1.000099801263254e-1
          -9.919745741071061e-2 -9.664780264393682e-2 -9.540905972797351e-2 -9.512210489603635e-2 -9.293276598968969e-2
          -8.860965105848845e-2 -8.790774033601142e-2 -8.563557527422200e-2 -8.537763245464902e-2
          </eigenvalues>
        <occupations size="94">
          1.000000000000000e0 1.000000000000000e0 1.000000000000000e0 1.000000000000000e0 1.000000000000000e0
          1.000000000000000e0 1.000000000000000e0 1.000000000000000e0 1.000000000000000e0 1.000000000000000e0
          1.000000000000000e0 1.000000000000000e0 1.000000000000000e0 1.000000000000000e0 1.000000000000000e0
          1.000000000000000e0 1.000000000000000e0 1.000000000000000e0 1.000000000000000e0 1.000000000000000e0
          1.000000000000000e0 1.000000000000000e0 1.000000000000000e0 1.000000000000000e0 1.000000000000000e0
          1.000000000000000e0 1.000000000000000e0 1.000000000000000e0 1.000000000000000e0 1.000000000000000e0
          1.000000000000000e0 1.000000000000000e0 1.000000000000000e0 1.000000000000000e0 1.000000000000000e0
          1.000000000000000e0 1.000000000000000e0 1.000000000000000e0 1.000000000000000e0 1.000000000000000e0
          1.000000000000000e0 1.000000000000000e0 1.000000000000000e0 1.000000000000000e0 1.000000000000000e0
          1.000000000000000e0 9.999999999999932e-1 9.999999999964331e-1 9.999999999963968e-1 9.999999991335645e-1
          9.999999908304009e-1 9.999999860709563e-1 9.999999858384230e-1 9.999997977972402e-1 9.999997891166098e-1
          9.999990611965009e-1 9.999986370186155e-1 9.999985971123552e-1 9.999923985861804e-1 9.999873008179332e-1
          9.999842381078247e-1 9.999673260892781e-1 9.992234394692716e-1 9.989346211453793e-1 9.988539823398760e-1
          9.981593788226327e-1 9.977309492676099e-1 9.967782600770938e-1 9.713850172260432e-1 9.691229369841503e-1
          8.980345846885468e-1 6.249399054238057e-1 5.562104180686786e-1 5.504148733048452e-1 5.373403925742849e-1
          4.870159889256314e-1 1.609168846894944e-1 7.276679509268438e-2 7.115197856234396e-2 6.370244793842344e-2
          4.466089076401359e-2 2.090979801909127e-2 1.839143413735329e-2 1.730245037450892e-2 6.824450102388986e-3
          5.478151429168314e-3 2.744821248572455e-3 1.960937317192389e-3 1.813911388284076e-3 1.000550720351481e-3
          3.087767811670406e-4 2.551043514871489e-4 1.374833395887552e-4 1.281654808887898e-4
          </occupations>
      </ks_energies>
    </band_structure>
    <forces rank="2" dims="3 19">
      4.565589224139325e-2 2.677940213111897e-2 3.457078558771125e-2
      3.251410561621749e-3 1.932763046639883e-3 -1.015496867581077e-1
      -1.250409353395569e-2 5.634584759463724e-2 2.570156202883442e-2
      -8.799926499977754e-7 6.264755325132626e-3 -9.173213070378017e-2
      -4.057447780686057e-3 -2.378652140645015e-3 1.101423151422249e-1
      4.237804794882912e-2 -3.911476983997663e-2 2.549407333211329e-2
      5.484086615792780e-3 -3.078347712327402e-3 -9.168960541113130e-2
      1.250498959808408e-2 5.634542844527718e-2 2.570201028261361e-2
      -3.251273903118326e-3 1.931096934771169e-3 -1.015488493250496e-1
      4.057021816777330e-3 -2.378773590434801e-3 1.101411093339703e-1
      3.153830182155393e-7 -1.764218946177247e-6 -7.837212908457834e-3
      -5.484679165186222e-3 -3.077927554620738e-3 -9.168847881084449e-2
      -5.842320916293451e-7 4.636887495212547e-3 1.102259502135008e-1
      5.494813950941754e-2 -1.714128698440198e-2 2.549140655772902e-2
      -9.730422905297489e-7 -3.781473198116134e-3 -1.016244016255937e-1
      -4.565528047419567e-2 2.677899889805158e-2 3.457185554587674e-2
      -4.237723648735919e-2 -3.911414138273442e-2 2.549407575099587e-2
      -5.494768788788090e-2 -1.714130987160331e-2 2.549131734843203e-2
      2.328244801037712e-7 -5.380673337703460e-2 3.464390441896272e-2
      </forces>
    <electric_field>
      <dipoleInfo>
        <idir>3</idir>
        <dipole Units="Atomic Units">1.376796131870414e0</dipole>
        <ion_dipole Units="Atomic Units">3.442797540038847e1</ion_dipole>
        <elec_dipole Units="Atomic Units">3.305117926851806e1</elec_dipole>
        <dipoleField Units="Atomic Units">6.172994244453712e-4</dipoleField>
        <potentialAmp Units="Atomic Units">-4.820147266631078e-2</potentialAmp>
        <totalLength Units="Bohr">3.904221416504532e1</totalLength>
      </dipoleInfo>
    </electric_field>
  </output>
  <exit_status>0</exit_status>
  <timing_info>
    <total label="PWSCF">
      <cpu>1.043728986000000e3</cpu>
      <wall>1.069963737964630e3</wall>
    </total>
    <partial label="init_run" calls="1">
      <cpu>1.808646600000000e1</cpu>
      <wall>1.844033408164978e1</wall>
    </partial>
    <partial label="hinit0" calls="1">
      <cpu>2.875998000000000e0</cpu>
      <wall>2.902810096740723e0</wall>
    </partial>
    <partial label="init_vloc" calls="1">
      <cpu>1.542550000000000e0</cpu>
      <wall>1.543154001235962e0</wall>
    </partial>
    <partial label="init_us_1" calls="1">
      <cpu>1.918169999999995e-1</cpu>
      <wall>1.942541599273682e-1</wall>
    </partial>
    <partial label="fft" calls="4154">
      <cpu>8.340365100000168e1</cpu>
      <wall>8.767064523696900e1</wall>
    </partial>
    <partial label="fft_scatter" calls="383043">
      <cpu>1.749501890000368e2</cpu>
      <wall>1.799303109645844e2</wall>
    </partial>
    <partial label="potinit" calls="1">
      <cpu>6.868257000000000e0</cpu>
      <wall>7.004101991653442e0</wall>
    </partial>
    <partial label="v_of_rho" calls="65">
      <cpu>1.196601510000000e2</cpu>
      <wall>1.262803530693054e2</wall>
    </partial>
    <partial label="v_xc" calls="66">
      <cpu>1.198403100000001e2</cpu>
      <wall>1.264831411838532e2</wall>
    </partial>
    <partial label="vdW_kernel" calls="1">
      <cpu>3.245330000000001e0</cpu>
      <wall>3.261594057083130e0</wall>
    </partial>
    <partial label="v_h" calls="65">
      <cpu>1.184768999999505e0</cpu>
      <wall>1.250569343566895e0</wall>
    </partial>
    <partial label="interpolate" calls="65">
      <cpu>1.248228999999355e0</cpu>
      <wall>1.319506645202637e0</wall>
    </partial>
    <partial label="ffts" calls="129">
      <cpu>3.887969999998404e-1</cpu>
      <wall>4.217882156372070e-1</wall>
    </partial>
    <partial label="newd" calls="65">
      <cpu>4.764861500000030e1</cpu>
      <wall>5.448992085456848e1</wall>
    </partial>
    <partial label="wfcinit" calls="1">
      <cpu>4.612549999999999e0</cpu>
      <wall>4.666505098342896e0</wall>
    </partial>
    <partial label="init_us_2" calls="1300">
      <cpu>8.025975999999218e0</cpu>
      <wall>8.059956550598145e0</wall>
    </partial>
    <partial label="init_us_2:cp" calls="1300">
      <cpu>8.014380000001893e0</cpu>
      <wall>8.055600643157959e0</wall>
    </partial>
    <partial label="wfcinit:atom" calls="10">
      <cpu>6.255599999999717e-2</cpu>
      <wall>6.272292137145996e-2</wall>
    </partial>
    <partial label="atomic_wfc" calls="10">
      <cpu>6.249900000000252e-2</cpu>
      <wall>6.269717216491699e-2</wall>
    </partial>
    <partial label="wfcinit:wfcr" calls="10">
      <cpu>4.131146000000001e0</cpu>
      <wall>4.179164648056030e0</wall>
    </partial>
    <partial label="wfcrot" calls="10">
      <cpu>4.131061999999996e0</cpu>
      <wall>4.179130077362061e0</wall>
    </partial>
    <partial label="rotwfck" calls="10">
      <cpu>4.130798000000002e0</cpu>
      <wall>4.178805589675903e0</wall>
    </partial>
    <partial label="rotwfck:hpsi" calls="10">
      <cpu>3.224128000000000e0</cpu>
      <wall>3.247615337371826e0</wall>
    </partial>
    <partial label="h_psi_bgrp" calls="5022">
      <cpu>4.226672219999960e2</cpu>
      <wall>4.249184827804566e2</wall>
    </partial>
    <partial label="h_psi" calls="5022">
      <cpu>4.226483900000001e2</cpu>
      <wall>4.249078032970429e2</wall>
    </partial>
    <partial label="h_psi:pot" calls="5022">
      <cpu>4.180470869999972e2</cpu>
      <wall>4.202578716278077e2</wall>
    </partial>
    <partial label="vloc_psi" calls="5022">
      <cpu>3.270719490000020e2</cpu>
      <wall>3.291513605117798e2</wall>
    </partial>
    <partial label="fftw" calls="378760">
      <cpu>3.610441539999850e2</cpu>
      <wall>3.633660838603974e2</wall>
    </partial>
    <partial label="h_psi:calbec" calls="5022">
      <cpu>4.666751899999508e1</cpu>
      <wall>4.674179291725159e1</wall>
    </partial>
    <partial label="calbec" calls="5702">
      <cpu>6.070277000000079e1</cpu>
      <wall>6.080465650558472e1</wall>
    </partial>
    <partial label="add_vuspsi" calls="5022">
      <cpu>4.425232600000141e1</cpu>
      <wall>4.433259248733521e1</wall>
    </partial>
    <partial label="rotwfck:hc" calls="10">
      <cpu>6.078149999999987e-1</cpu>
      <wall>6.082680225372314e-1</wall>
    </partial>
    <partial label="s_psi_bgrp" calls="5022">
      <cpu>4.734518700000240e1</cpu>
      <wall>4.739503264427185e1</wall>
    </partial>
    <partial label="s_psi" calls="5022">
      <cpu>4.403323400000000e1</cpu>
      <wall>4.407101964950562e1</wall>
    </partial>
    <partial label="rotwfck:diag" calls="10">
      <cpu>1.181549999999945e-1</cpu>
      <wall>1.284062862396240e-1</wall>
    </partial>
    <partial label="cdiaghg" calls="5012">
      <cpu>6.500921399999720e1</cpu>
      <wall>6.507679820060730e1</wall>
    </partial>
    <partial label="rotwfck:evc" calls="10">
      <cpu>1.805130000000013e-1</cpu>
      <wall>1.944108009338379e-1</wall>
    </partial>
    <partial label="electrons" calls="1">
      <cpu>1.018276478000000e3</cpu>
      <wall>1.043838143110275e3</wall>
    </partial>
    <partial label="c_bands" calls="64">
      <cpu>7.055264290000001e2</cpu>
      <wall>7.081919732093812e2</wall>
    </partial>
    <partial label="cegterg" calls="648">
      <cpu>6.846861449999984e2</cpu>
      <wall>6.871663408279419e2</wall>
    </partial>
    <partial label="cegterg:init" calls="648">
      <cpu>1.225441599999999e1</cpu>
      <wall>1.226545977592468e1</wall>
    </partial>
    <partial label="cegterg:upda" calls="4364">
      <cpu>3.233744600000227e1</cpu>
      <wall>3.237541794776917e1</wall>
    </partial>
    <partial label="g_psi" calls="4364">
      <cpu>2.060555000002523e0</cpu>
      <wall>2.069894552230835e0</wall>
    </partial>
    <partial label="cegterg:over" calls="4364">
      <cpu>4.235373900000013e1</cpu>
      <wall>4.241123580932618e1</wall>
    </partial>
    <partial label="cegterg:diag" calls="5002">
      <cpu>6.491147099999762e1</cpu>
      <wall>6.496238565444947e1</wall>
    </partial>
    <partial label="cegterg:last" calls="1501">
      <cpu>5.424493400000142e1</cpu>
      <wall>5.426802182197571e1</wall>
    </partial>
    <partial label="sum_band" calls="64">
      <cpu>1.452598130000001e2</cpu>
      <wall>1.528180384635925e2</wall>
    </partial>
    <partial label="sum_band:wei" calls="64">
      <cpu>5.304000000023734e-2</cpu>
      <wall>5.306792259216309e-2</wall>
    </partial>
    <partial label="sum_band:loo" calls="64">
      <cpu>8.352288900000008e1</cpu>
      <wall>8.395367217063905e1</wall>
    </partial>
    <partial label="sum_band:buf" calls="640">
      <cpu>2.055485000000772e0</cpu>
      <wall>2.101678133010864e0</wall>
    </partial>
    <partial label="sum_band:ini" calls="640">
      <cpu>3.920744999999670e0</cpu>
      <wall>3.931910753250122e0</wall>
    </partial>
    <partial label="sum_band:cal" calls="640">
      <cpu>1.323824200000036e1</cpu>
      <wall>1.324995374679566e1</wall>
    </partial>
    <partial label="sum_band:bec" calls="640">
      <cpu>1.879399999991165e-1</cpu>
      <wall>1.893243789672852e-1</wall>
    </partial>
    <partial label="addusdens" calls="64">
      <cpu>4.894898399999921e1</cpu>
      <wall>5.600359225273133e1</wall>
    </partial>
    <partial label="addusd:skk" calls="128">
      <cpu>6.973089999994500e-1</cpu>
      <wall>7.199292182922363e-1</wall>
    </partial>
    <partial label="addusd:dgemm" calls="128">
      <cpu>1.194486100000040e1</cpu>
      <wall>1.881726813316345e1</wall>
    </partial>
    <partial label="addusd:qvan2" calls="128">
      <cpu>3.157611399999951e1</cpu>
      <wall>3.160503292083741e1</wall>
    </partial>
    <partial label="sum_band:sym" calls="64">
      <cpu>1.235850400000004e1</cpu>
      <wall>1.240106177330017e1</wall>
    </partial>
    <partial label="mix_rho" calls="64">
      <cpu>3.693639000000303e0</cpu>
      <wall>3.850974321365356e0</wall>
    </partial>
    <partial label="ions" calls="1">
      <cpu>7.088915999999926e0</cpu>
      <wall>7.355889081954956e0</wall>
    </partial>
    <partial label="forces" calls="1">
      <cpu>7.088907999999947e0</cpu>
      <wall>7.355880975723267e0</wall>
    </partial>
    <partial label="frc_us" calls="1">
      <cpu>1.961240000000089e0</cpu>
      <wall>2.125427007675171e0</wall>
    </partial>
    <partial label="frc_lc" calls="1">
      <cpu>1.869810000000598e-1</cpu>
      <wall>1.874468326568604e-1</wall>
    </partial>
    <partial label="frc_cc" calls="1">
      <cpu>2.879997999999887e0</cpu>
      <wall>2.977108001708984e0</wall>
    </partial>
    <partial label="frc_scc" calls="1">
      <cpu>1.908390999999938e0</cpu>
      <wall>1.912986040115356e0</wall>
    </partial>
  </timing_info>
  <closed DATE="26 Oct 2022" TIME="12:26:28"></closed>
</qes:espresso>
