<?xml version="1.0" encoding="UTF-8"?>
<qes:espresso xsi:schemaLocation="http://www.quantum-espresso.org/ns/qes/qes-1.0 http://www.quantum-espresso.org/ns/qes/qes_220603.xsd" Units="Hartree atomic units" xmlns:xsi="http://www.w3.org/2001/XMLSchema-instance" xmlns:qes="http://www.quantum-espresso.org/ns/qes/qes-1.0">
  <!--All quantities are in Hartree atomic units unless otherwise specified-->
  <general_info>
    <xml_format NAME="QEXSD" VERSION="21.11.01">QEXSD_21.11.01</xml_format>
    <creator NAME="PWSCF" VERSION="7.1">XML file generated by PWSCF</creator>
    <created DATE="26Oct2022" TIME="12:23:23">This run was terminated on:  12:23:23  26 Oct 2022</created>
    <job></job>
  </general_info>
  <parallel_info>
    <nprocs>64</nprocs>
    <nthreads>1</nthreads>
    <ntasks>1</ntasks>
    <nbgrp>1</nbgrp>
    <npool>1</npool>
    <ndiag>64</ndiag>
  </parallel_info>
  <input>
    <control_variables>
      <title></title>
      <calculation>scf</calculation>
      <restart_mode>from_scratch</restart_mode>
      <prefix>calc</prefix>
      <pseudo_dir>/scratch/alevoj1/esp-psp/v2/</pseudo_dir>
      <outdir>.</outdir>
      <stress>false</stress>
      <forces>true</forces>
      <wf_collect>true</wf_collect>
      <disk_io>low</disk_io>
      <max_seconds>10000000</max_seconds>
      <nstep>1</nstep>
      <etot_conv_thr>5.000000000000000e-1</etot_conv_thr>
      <forc_conv_thr>9.723452333419537e-4</forc_conv_thr>
      <press_conv_thr>5.000000000000000e-1</press_conv_thr>
      <verbosity>low</verbosity>
      <print_every>100000</print_every>
      <fcp>false</fcp>
      <rism>false</rism>
    </control_variables>
    <atomic_species ntyp="2">
      <species name="C1">
        <mass>1.201100000000000e1</mass>
        <pseudo_file>C.UPF</pseudo_file>
      </species>
      <species name="Ti1">
        <mass>4.786700000000000e1</mass>
        <pseudo_file>Ti.UPF</pseudo_file>
      </species>
    </atomic_species>
    <atomic_structure nat="9" alat="3.023561799304e1">
      <atomic_positions>
        <atom name="C1" index="1">1.061081218943282e1 1.078094929683907e1 2.003109692038965e1</atom>
        <atom name="Ti1" index="2">1.361547672749127e1 1.251569317671163e1 2.304521008907094e1</atom>
        <atom name="Ti1" index="3">1.061081218943282e1 1.425043705658420e1 1.701698375170837e1</atom>
        <atom name="C1" index="4">1.662014126554972e1 1.078094929683907e1 2.003109692038965e1</atom>
        <atom name="Ti1" index="5">1.962480580360817e1 1.251569317671163e1 2.304521008907094e1</atom>
        <atom name="Ti1" index="6">1.662014126554972e1 1.425043705658420e1 1.701698375170837e1</atom>
        <atom name="C1" index="7">1.361547672749127e1 1.598518093645679e1 2.003109692038965e1</atom>
        <atom name="Ti1" index="8">1.662014126554972e1 1.771992481632936e1 2.304521008907094e1</atom>
        <atom name="Ti1" index="9">1.361547672749127e1 1.945466869620192e1 1.701698375170837e1</atom>
      </atomic_positions>
      <cell>
        <a1>3.023561799304099e1 0.000000000000000e0 0.000000000000000e0</a1>
        <a2>0.000000000000000e0 3.023561799304099e1 0.000000000000000e0</a2>
        <a3>0.000000000000000e0 0.000000000000000e0 4.006219384077931e1</a3>
      </cell>
    </atomic_structure>
    <dft>
      <functional>BEEF-VDW</functional>
      <vdW>
        <vdw_corr>none</vdw_corr>
        <non_local_term>VDW2</non_local_term>
      </vdW>
    </dft>
    <spin>
      <lsda>false</lsda>
      <noncolin>false</noncolin>
      <spinorbit>false</spinorbit>
    </spin>
    <bands>
      <nbnd>62</nbnd>
      <smearing degauss="3.674932379085e-3">fd</smearing>
      <tot_charge>0.000000000000000e0</tot_charge>
      <occupations>smearing</occupations>
    </bands>
    <basis>
      <gamma_only>false</gamma_only>
      <ecutwfc>2.572452665359641e1</ecutwfc>
      <ecutrho>2.572452665359642e2</ecutrho>
    </basis>
    <electron_control>
      <diagonalization>davidson</diagonalization>
      <mixing_mode>plain</mixing_mode>
      <mixing_beta>1.000000000000000e-1</mixing_beta>
      <conv_thr>3.674932379085202e-8</conv_thr>
      <mixing_ndim>10</mixing_ndim>
      <max_nstep>500</max_nstep>
      <real_space_q>false</real_space_q>
      <real_space_beta>false</real_space_beta>
      <tq_smoothing>false</tq_smoothing>
      <tbeta_smoothing>false</tbeta_smoothing>
      <diago_thr_init>0.000000000000000e0</diago_thr_init>
      <diago_full_acc>false</diago_full_acc>
      <diago_cg_maxiter>20</diago_cg_maxiter>
      <diago_ppcg_maxiter>20</diago_ppcg_maxiter>
      <diago_rmm_ndim>4</diago_rmm_ndim>
      <diago_gs_nblock>16</diago_gs_nblock>
      <diago_rmm_conv>false</diago_rmm_conv>
    </electron_control>
    <k_points_IBZ>
      <monkhorst_pack nk1="4" nk2="4" nk3="1" k1="0" k2="0" k3="0">Monkhorst-Pack</monkhorst_pack>
    </k_points_IBZ>
    <ion_control>
      <ion_dynamics>none</ion_dynamics>
      <upscale>1.000000000000000e2</upscale>
      <remove_rigid_rot>false</remove_rigid_rot>
      <refold_pos>false</refold_pos>
    </ion_control>
    <cell_control>
      <cell_dynamics>none</cell_dynamics>
      <pressure>0.000000000000000e0</pressure>
      <wmass>3.232350000000000e2</wmass>
      <cell_do_free>all</cell_do_free>
    </cell_control>
    <symmetry_flags>
      <nosym>true</nosym>
      <nosym_evc>false</nosym_evc>
      <noinv>false</noinv>
      <no_t_rev>false</no_t_rev>
      <force_symmorphic>false</force_symmorphic>
      <use_all_frac>false</use_all_frac>
    </symmetry_flags>
    <electric_field>
      <electric_potential>sawtooth_potential</electric_potential>
      <dipole_correction>true</dipole_correction>
      <electric_field_direction>3</electric_field_direction>
      <potential_max_position>0.000000000000000e0</potential_max_position>
      <potential_decrease_width>2.500000000000000e-2</potential_decrease_width>
      <electric_field_amplitude>0.000000000000000e0</electric_field_amplitude>
      <electric_field_vector>0.000000000000000e0 0.000000000000000e0 0.000000000000000e0</electric_field_vector>
      <nk_per_string>0</nk_per_string>
      <n_berry_cycles>1</n_berry_cycles>
    </electric_field>
  </input>
  <output>
    <convergence_info>
      <scf_conv>
        <convergence_achieved>true</convergence_achieved>
        <n_scf_steps>56</n_scf_steps>
        <scf_error>6.496457503283848e-9</scf_error>
      </scf_conv>
    </convergence_info>
    <algorithmic_info>
      <real_space_q>false</real_space_q>
      <real_space_beta>false</real_space_beta>
      <uspp>true</uspp>
      <paw>false</paw>
    </algorithmic_info>
    <atomic_species ntyp="2" pseudo_dir="/scratch/alevoj1/esp-psp/v2/">
      <species name="C1">
        <mass>1.201100000000000e1</mass>
        <pseudo_file>C.UPF</pseudo_file>
      </species>
      <species name="Ti1">
        <mass>4.786700000000000e1</mass>
        <pseudo_file>Ti.UPF</pseudo_file>
      </species>
    </atomic_species>
    <atomic_structure nat="9" alat="1.889726124565e0">
      <atomic_positions>
        <atom name="C1" index="1">1.061081218943282e1 1.078094929683907e1 2.003109692038965e1</atom>
        <atom name="Ti1" index="2">1.361547672749127e1 1.251569317671163e1 2.304521008907094e1</atom>
        <atom name="Ti1" index="3">1.061081218943282e1 1.425043705658420e1 1.701698375170837e1</atom>
        <atom name="C1" index="4">1.662014126554972e1 1.078094929683907e1 2.003109692038965e1</atom>
        <atom name="Ti1" index="5">1.962480580360817e1 1.251569317671163e1 2.304521008907094e1</atom>
        <atom name="Ti1" index="6">1.662014126554972e1 1.425043705658420e1 1.701698375170837e1</atom>
        <atom name="C1" index="7">1.361547672749127e1 1.598518093645679e1 2.003109692038965e1</atom>
        <atom name="Ti1" index="8">1.662014126554972e1 1.771992481632936e1 2.304521008907094e1</atom>
        <atom name="Ti1" index="9">1.361547672749127e1 1.945466869620192e1 1.701698375170837e1</atom>
      </atomic_positions>
      <cell>
        <a1>3.023561799304099e1 0.000000000000000e0 0.000000000000000e0</a1>
        <a2>0.000000000000000e0 3.023561799304099e1 0.000000000000000e0</a2>
        <a3>0.000000000000000e0 0.000000000000000e0 4.006219384077931e1</a3>
      </cell>
    </atomic_structure>
    <symmetries>
      <nsym>1</nsym>
      <nrot>16</nrot>
      <space_group>0</space_group>
      <symmetry>
        <info name="identity">crystal_symmetry</info>
        <rotation rank="2" dims="3 3">
          1.000000000000000e0 0.000000000000000e0 0.000000000000000e0
          0.000000000000000e0 1.000000000000000e0 0.000000000000000e0
          0.000000000000000e0 0.000000000000000e0 1.000000000000000e0
          </rotation>
        <fractional_translation>0.000000000000000e0 0.000000000000000e0 0.000000000000000e0</fractional_translation>
        <equivalent_atoms size="9" nat="9">
          1 2 3 4 5 6 7 8
          9
          </equivalent_atoms>
      </symmetry>
      <symmetry>
        <info name="180 deg rotation - cart. axis [0,0,1]">lattice_symmetry</info>
        <rotation rank="2" dims="3 3">
          -1.000000000000000e0 0.000000000000000e0 0.000000000000000e0
          0.000000000000000e0 -1.000000000000000e0 0.000000000000000e0
          0.000000000000000e0 0.000000000000000e0 1.000000000000000e0
          </rotation>
      </symmetry>
      <symmetry>
        <info name="180 deg rotation - cart. axis [0,1,0]">lattice_symmetry</info>
        <rotation rank="2" dims="3 3">
          -1.000000000000000e0 0.000000000000000e0 0.000000000000000e0
          0.000000000000000e0 1.000000000000000e0 0.000000000000000e0
          0.000000000000000e0 0.000000000000000e0 -1.000000000000000e0
          </rotation>
      </symmetry>
      <symmetry>
        <info name="180 deg rotation - cart. axis [1,0,0]">lattice_symmetry</info>
        <rotation rank="2" dims="3 3">
          1.000000000000000e0 0.000000000000000e0 0.000000000000000e0
          0.000000000000000e0 -1.000000000000000e0 0.000000000000000e0
          0.000000000000000e0 0.000000000000000e0 -1.000000000000000e0
          </rotation>
      </symmetry>
      <symmetry>
        <info name="180 deg rotation - cart. axis [1,1,0]">lattice_symmetry</info>
        <rotation rank="2" dims="3 3">
          0.000000000000000e0 1.000000000000000e0 0.000000000000000e0
          1.000000000000000e0 0.000000000000000e0 0.000000000000000e0
          0.000000000000000e0 0.000000000000000e0 -1.000000000000000e0
          </rotation>
      </symmetry>
      <symmetry>
        <info name="180 deg rotation - cart. axis [1,-1,0]">lattice_symmetry</info>
        <rotation rank="2" dims="3 3">
          0.000000000000000e0 -1.000000000000000e0 0.000000000000000e0
          -1.000000000000000e0 0.000000000000000e0 0.000000000000000e0
          0.000000000000000e0 0.000000000000000e0 -1.000000000000000e0
          </rotation>
      </symmetry>
      <symmetry>
        <info name=" 90 deg rotation - cart. axis [0,0,-1]">lattice_symmetry</info>
        <rotation rank="2" dims="3 3">
          0.000000000000000e0 1.000000000000000e0 0.000000000000000e0
          -1.000000000000000e0 0.000000000000000e0 0.000000000000000e0
          0.000000000000000e0 0.000000000000000e0 1.000000000000000e0
          </rotation>
      </symmetry>
      <symmetry>
        <info name=" 90 deg rotation - cart. axis [0,0,1]">lattice_symmetry</info>
        <rotation rank="2" dims="3 3">
          0.000000000000000e0 -1.000000000000000e0 0.000000000000000e0
          1.000000000000000e0 0.000000000000000e0 0.000000000000000e0
          0.000000000000000e0 0.000000000000000e0 1.000000000000000e0
          </rotation>
      </symmetry>
      <symmetry>
        <info name="inversion">lattice_symmetry</info>
        <rotation rank="2" dims="3 3">
          -1.000000000000000e0 0.000000000000000e0 0.000000000000000e0
          0.000000000000000e0 -1.000000000000000e0 0.000000000000000e0
          0.000000000000000e0 0.000000000000000e0 -1.000000000000000e0
          </rotation>
      </symmetry>
      <symmetry>
        <info name="inv. 180 deg rotation - cart. axis [0,0,1]">lattice_symmetry</info>
        <rotation rank="2" dims="3 3">
          1.000000000000000e0 0.000000000000000e0 0.000000000000000e0
          0.000000000000000e0 1.000000000000000e0 0.000000000000000e0
          0.000000000000000e0 0.000000000000000e0 -1.000000000000000e0
          </rotation>
      </symmetry>
      <symmetry>
        <info name="inv. 180 deg rotation - cart. axis [0,1,0]">lattice_symmetry</info>
        <rotation rank="2" dims="3 3">
          1.000000000000000e0 0.000000000000000e0 0.000000000000000e0
          0.000000000000000e0 -1.000000000000000e0 0.000000000000000e0
          0.000000000000000e0 0.000000000000000e0 1.000000000000000e0
          </rotation>
      </symmetry>
      <symmetry>
        <info name="inv. 180 deg rotation - cart. axis [1,0,0]">lattice_symmetry</info>
        <rotation rank="2" dims="3 3">
          -1.000000000000000e0 0.000000000000000e0 0.000000000000000e0
          0.000000000000000e0 1.000000000000000e0 0.000000000000000e0
          0.000000000000000e0 0.000000000000000e0 1.000000000000000e0
          </rotation>
      </symmetry>
      <symmetry>
        <info name="inv. 180 deg rotation - cart. axis [1,1,0]">lattice_symmetry</info>
        <rotation rank="2" dims="3 3">
          0.000000000000000e0 -1.000000000000000e0 0.000000000000000e0
          -1.000000000000000e0 0.000000000000000e0 0.000000000000000e0
          0.000000000000000e0 0.000000000000000e0 1.000000000000000e0
          </rotation>
      </symmetry>
      <symmetry>
        <info name="inv. 180 deg rotation - cart. axis [1,-1,0]">lattice_symmetry</info>
        <rotation rank="2" dims="3 3">
          0.000000000000000e0 1.000000000000000e0 0.000000000000000e0
          1.000000000000000e0 0.000000000000000e0 0.000000000000000e0
          0.000000000000000e0 0.000000000000000e0 1.000000000000000e0
          </rotation>
      </symmetry>
      <symmetry>
        <info name="inv.  90 deg rotation - cart. axis [0,0,-1]">lattice_symmetry</info>
        <rotation rank="2" dims="3 3">
          0.000000000000000e0 -1.000000000000000e0 0.000000000000000e0
          1.000000000000000e0 0.000000000000000e0 0.000000000000000e0
          0.000000000000000e0 0.000000000000000e0 -1.000000000000000e0
          </rotation>
      </symmetry>
      <symmetry>
        <info name="inv.  90 deg rotation - cart. axis [0,0,1]">lattice_symmetry</info>
        <rotation rank="2" dims="3 3">
          0.000000000000000e0 1.000000000000000e0 0.000000000000000e0
          -1.000000000000000e0 0.000000000000000e0 0.000000000000000e0
          0.000000000000000e0 0.000000000000000e0 -1.000000000000000e0
          </rotation>
      </symmetry>
    </symmetries>
    <basis_set>
      <gamma_only>false</gamma_only>
      <ecutwfc>2.572452665359641e1</ecutwfc>
      <ecutrho>2.572452665359642e2</ecutrho>
      <fft_grid nr1="225" nr2="225" nr3="300"></fft_grid>
      <fft_smooth nr1="144" nr2="144" nr3="192"></fft_smooth>
      <fft_box nr1="225" nr2="225" nr3="300"></fft_box>
      <ngm>7217705</ngm>
      <ngms>1826011</ngms>
      <npwx>228395</npwx>
      <reciprocal_lattice>
        <b1>6.250000000000000e-2 0.000000000000000e0 0.000000000000000e0</b1>
        <b2>0.000000000000000e0 6.250000000000000e-2 0.000000000000000e0</b2>
        <b3>0.000000000000000e0 0.000000000000000e0 4.716981132075472e-2</b3>
      </reciprocal_lattice>
    </basis_set>
    <dft>
      <functional>BEEF</functional>
      <vdW>
        <vdw_corr>none</vdw_corr>
        <non_local_term>VDW2</non_local_term>
      </vdW>
    </dft>
    <magnetization>
      <lsda>false</lsda>
      <noncolin>false</noncolin>
      <spinorbit>false</spinorbit>
      <absolute>0.000000000000000e0</absolute>
    </magnetization>
    <total_energy>
      <etot>-3.688016899832575e2</etot>
      <eband>-8.277828652127061e1</eband>
      <ehart>4.784753456118003e2</ehart>
      <vtxc>-6.413874864324588e1</vtxc>
      <etxc>-5.055905134585564e1</etxc>
      <ewald>1.789108216938478e2</ewald>
      <demet>-3.672528476386389e-2</demet>
      <efieldcorr>1.123044927092996e-6</efieldcorr>
    </total_energy>
    <band_structure>
      <lsda>false</lsda>
      <noncolin>false</noncolin>
      <spinorbit>false</spinorbit>
      <nbnd>62</nbnd>
      <nelec>8.400000000000000e1</nelec>
      <num_of_atomic_wfc>72</num_of_atomic_wfc>
      <wf_collected>true</wf_collected>
      <fermi_energy>-1.098169933181486e-1</fermi_energy>
      <starting_k_points>
        <monkhorst_pack nk1="4" nk2="4" nk3="1" k1="0" k2="0" k3="0">Monkhorst-Pack</monkhorst_pack>
      </starting_k_points>
      <nks>10</nks>
      <occupations_kind>smearing</occupations_kind>
      <smearing degauss="3.674932379085e-3">fd</smearing>
      <ks_energies>
        <k_point weight="1.250000000000e-1">0.000000000000000e0 0.000000000000000e0 0.000000000000000e0</k_point>
        <npw>228395</npw>
        <eigenvalues size="62">
          -2.235757115569764e0 -2.234446065868835e0 -2.233748132867472e0 -2.233440987086843e0 -2.231979230758564e0
          -2.231144221468411e0 -1.369090079431710e0 -1.366692030781068e0 -1.366380139996205e0 -1.365791738347183e0
          -1.365268772162582e0 -1.363911951220980e0 -1.363699401459828e0 -1.362390152850681e0 -1.362334915546175e0
          -1.361848232715207e0 -1.361580054571953e0 -1.361307924887627e0 -1.359582983842865e0 -1.358388071261024e0
          -1.357507798301734e0 -1.355634164141140e0 -1.353834130418414e0 -1.352198313627121e0 -4.506510236343614e-1
          -4.167198510500406e-1 -4.038118098751010e-1 -2.130326842555939e-1 -1.989826659024594e-1 -1.873196137525009e-1
          -1.708748454755303e-1 -1.646996660184496e-1 -1.550234266784573e-1 -1.502980508183036e-1 -1.383647173694683e-1
          -1.324543589689800e-1 -1.304689107782473e-1 -1.212386139189588e-1 -1.171075171449572e-1 -1.152746367096165e-1
          -1.128039533812981e-1 -1.106850599838618e-1 -1.090275005154834e-1 -1.062826649356951e-1 -1.041093105691600e-1
          -1.006276379326869e-1 -9.848692189994212e-2 -9.791673750562389e-2 -9.479621622148374e-2 -9.348781056254982e-2
          -9.137869162713470e-2 -8.993600247661076e-2 -8.866395103860308e-2 -8.694847362841809e-2 -8.446040933967037e-2
          -8.374363157894754e-2 -8.253767971085734e-2 -8.097203754469875e-2 -7.735384447596727e-2 -7.390820783501349e-2
          -7.288518924158460e-2 -6.970727425600218e-2
          </eigenvalues>
        <occupations size="62">
          1.000000000000000e0 1.000000000000000e0 1.000000000000000e0 1.000000000000000e0 1.000000000000000e0
          1.000000000000000e0 1.000000000000000e0 1.000000000000000e0 1.000000000000000e0 1.000000000000000e0
          1.000000000000000e0 1.000000000000000e0 1.000000000000000e0 1.000000000000000e0 1.000000000000000e0
          1.000000000000000e0 1.000000000000000e0 1.000000000000000e0 1.000000000000000e0 1.000000000000000e0
          1.000000000000000e0 1.000000000000000e0 1.000000000000000e0 1.000000000000000e0 1.000000000000000e0
          1.000000000000000e0 1.000000000000000e0 9.999999999993658e-1 9.999999999709852e-1 9.999999993066847e-1
          9.999999391398552e-1 9.999996733366544e-1 9.999954541743918e-1 9.999835547335190e-1 9.995772180455646e-1
          9.978920742733344e-1 9.963872717717422e-1 9.572207622426095e-1 8.790912432073617e-1 8.153417239274969e-1
          6.927043995502123e-1 5.587801835289850e-1 4.464976337454518e-1 2.765300121753483e-1 1.746332849088198e-1
          7.581957047966725e-2 4.381105466035633e-2 3.775233886479326e-2 1.650642358260053e-2 1.161934184454789e-2
          6.578702723349267e-3 4.452208034772136e-3 3.153651097421042e-3 1.979675007919390e-3 1.006893829780484e-3
          8.286175738977942e-4 5.969506009193841e-4 3.899461110528428e-4 1.457207903312757e-4 5.706412340916524e-5
          4.319876665022051e-5 1.819382530386417e-5
          </occupations>
      </ks_energies>
      <ks_energies>
        <k_point weight="2.500000000000e-1">0.000000000000000e0 1.562500000000000e-2 0.000000000000000e0</k_point>
        <npw>228275</npw>
        <eigenvalues size="62">
          -2.235757098984552e0 -2.234446046726370e0 -2.233748117016627e0 -2.233440970258101e0 -2.231979215211381e0
          -2.231144205116736e0 -1.369090079089133e0 -1.366692030240042e0 -1.366380139641352e0 -1.365791738087718e0
          -1.365268771745475e0 -1.363911951178749e0 -1.363699401258113e0 -1.362390152966365e0 -1.362334915750782e0
          -1.361848232928012e0 -1.361580054468150e0 -1.361307924890897e0 -1.359582983732176e0 -1.358388071286869e0
          -1.357507798306738e0 -1.355634164383804e0 -1.353834130263025e0 -1.352198313788319e0 -4.506510115484190e-1
          -4.167198366109600e-1 -4.038117965321923e-1 -2.130326203354367e-1 -1.989824770784934e-1 -1.873195777124111e-1
          -1.708747806389106e-1 -1.646999799269995e-1 -1.550230877927942e-1 -1.502983121867513e-1 -1.383651035970457e-1
          -1.324539209210985e-1 -1.304691882387671e-1 -1.212385318715076e-1 -1.171061691796413e-1 -1.152747438514027e-1
          -1.128049749321991e-1 -1.106851932633208e-1 -1.090290114013160e-1 -1.062832880544941e-1 -1.041091486878932e-1
          -1.006264050848712e-1 -9.848716464715517e-2 -9.791775198288592e-2 -9.480217213611354e-2 -9.348765461484408e-2
          -9.137424786353440e-2 -8.993621956916545e-2 -8.866284433599047e-2 -8.695948183094414e-2 -8.445315932655307e-2
          -8.374221395279575e-2 -8.253793670834547e-2 -8.097068920145380e-2 -7.735388995506597e-2 -7.390548567598172e-2
          -7.288709223745076e-2 -6.971472478234819e-2
          </eigenvalues>
        <occupations size="62">
          1.000000000000000e0 1.000000000000000e0 1.000000000000000e0 1.000000000000000e0 1.000000000000000e0
          1.000000000000000e0 1.000000000000000e0 1.000000000000000e0 1.000000000000000e0 1.000000000000000e0
          1.000000000000000e0 1.000000000000000e0 1.000000000000000e0 1.000000000000000e0 1.000000000000000e0
          1.000000000000000e0 1.000000000000000e0 1.000000000000000e0 1.000000000000000e0 1.000000000000000e0
          1.000000000000000e0 1.000000000000000e0 1.000000000000000e0 1.000000000000000e0 1.000000000000000e0
          1.000000000000000e0 1.000000000000000e0 9.999999999993658e-1 9.999999999709836e-1 9.999999993066782e-1
          9.999999391387814e-1 9.999996733645565e-1 9.999954537551790e-1 9.999835559030782e-1 9.995772624579311e-1
          9.978918235256767e-1 9.963875435401878e-1 9.572198479918558e-1 8.790522506730172e-1 8.153461134166610e-1
          6.927635682030314e-1 5.587891249995036e-1 4.465992423500424e-1 2.765639356828374e-1 1.746269357675286e-1
          7.579606677049552e-2 4.381382189135262e-2 3.776236836082500e-2 1.653275437767177e-2 1.161885451089340e-2
          6.570804739777161e-3 4.452469880717435e-3 3.152704514924538e-3 1.985602191646284e-3 1.004911352820138e-3
          8.282982562904381e-4 5.969923237493452e-4 3.898031207081390e-4 1.457225934462135e-4 5.702187195238263e-5
          4.322114115953247e-5 1.823074805236663e-5
          </occupations>
      </ks_energies>
      <ks_energies>
        <k_point weight="1.250000000000e-1">0.000000000000000e0 -3.125000000000000e-2 0.000000000000000e0</k_point>
        <npw>228254</npw>
        <eigenvalues size="62">
          -2.235757097286260e0 -2.234446043592927e0 -2.233748116825006e0 -2.233440963020275e0 -2.231979211814262e0
          -2.231144201226591e0 -1.369090079122035e0 -1.366692030569723e0 -1.366380139530135e0 -1.365791738555237e0
          -1.365268771961792e0 -1.363911951391655e0 -1.363699401121820e0 -1.362390153270831e0 -1.362334915940028e0
          -1.361848233038359e0 -1.361580054692749e0 -1.361307925035502e0 -1.359582983750106e0 -1.358388071554461e0
          -1.357507798650452e0 -1.355634164794500e0 -1.353834130292650e0 -1.352198313872849e0 -4.506510133894651e-1
          -4.167198234699625e-1 -4.038117979178754e-1 -2.130326153763674e-1 -1.989823027648660e-1 -1.873195758228708e-1
          -1.708747492167988e-1 -1.647003377719701e-1 -1.550227903191653e-1 -1.502986292339314e-1 -1.383654861960298e-1
          -1.324535176693895e-1 -1.304694586068451e-1 -1.212384554734222e-1 -1.171048552529678e-1 -1.152748872810184e-1
          -1.128059850145037e-1 -1.106853644191144e-1 -1.090305368696084e-1 -1.062839283042317e-1 -1.041090237566513e-1
          -1.006252016285408e-1 -9.848743149658631e-2 -9.791878967300910e-2 -9.480814073895257e-2 -9.348755019794401e-2
          -9.136983494275514e-2 -8.993648933017802e-2 -8.866177305646744e-2 -8.697045213423914e-2 -8.444598965796606e-2
          -8.374083149973456e-2 -8.253832642307161e-2 -8.096950170051509e-2 -7.735548315126048e-2 -7.392162712026671e-2
          -7.289455797706967e-2 -6.976257089136674e-2
          </eigenvalues>
        <occupations size="62">
          1.000000000000000e0 1.000000000000000e0 1.000000000000000e0 1.000000000000000e0 1.000000000000000e0
          1.000000000000000e0 1.000000000000000e0 1.000000000000000e0 1.000000000000000e0 1.000000000000000e0
          1.000000000000000e0 1.000000000000000e0 1.000000000000000e0 1.000000000000000e0 1.000000000000000e0
          1.000000000000000e0 1.000000000000000e0 1.000000000000000e0 1.000000000000000e0 1.000000000000000e0
          1.000000000000000e0 1.000000000000000e0 1.000000000000000e0 1.000000000000000e0 1.000000000000000e0
          1.000000000000000e0 1.000000000000000e0 9.999999999993658e-1 9.999999999709823e-1 9.999999993066776e-1
          9.999999391382611e-1 9.999996733963609e-1 9.999954533871623e-1 9.999835573216739e-1 9.995773064484473e-1
          9.978915926697555e-1 9.963878083420971e-1 9.572189966749271e-1 8.790142323360516e-1 8.153519894546651e-1
          6.928220663557019e-1 5.588006074667893e-1 4.467018361663088e-1 2.765987945014138e-1 1.746220359667092e-1
          7.577312984863598e-2 4.381686407141169e-2 3.777262999619109e-2 1.655918269405275e-2 1.161852822133008e-2
          6.562970895102267e-3 4.452795274026479e-3 3.151788500199379e-3 1.991526588430664e-3 1.002954680473305e-3
          8.279869797683991e-4 5.970555984157367e-4 3.896772309244412e-4 1.457857731557359e-4 5.727286619691751e-5
          4.330903169753413e-5 1.846965235770002e-5
          </occupations>
      </ks_energies>
      <ks_energies>
        <k_point weight="2.500000000000e-1">1.562500000000000e-2 0.000000000000000e0 0.000000000000000e0</k_point>
        <npw>228275</npw>
        <eigenvalues size="62">
          -2.235757097272662e0 -2.234446048454398e0 -2.233748112149619e0 -2.233440971669985e0 -2.231979214766999e0
          -2.231144205200219e0 -1.369090079091956e0 -1.366692030227421e0 -1.366380139766576e0 -1.365791737801012e0
          -1.365268771846857e0 -1.363911951112260e0 -1.363699401293155e0 -1.362390153339825e0 -1.362334915998617e0
          -1.361848232993961e0 -1.361580054259303e0 -1.361307924649271e0 -1.359582983760926e0 -1.358388071439177e0
          -1.357507798432662e0 -1.355634164090180e0 -1.353834130672197e0 -1.352198313587922e0 -4.506510093076071e-1
          -4.167198341017632e-1 -4.038118008463279e-1 -2.130326760080607e-1 -1.989826061294950e-1 -1.873196183419133e-1
          -1.708743045107627e-1 -1.646983158122333e-1 -1.550234070961382e-1 -1.502985827338751e-1 -1.383650411768926e-1
          -1.324564522801146e-1 -1.304683790985610e-1 -1.212378867549427e-1 -1.171076004453730e-1 -1.152739064625281e-1
          -1.128039757795483e-1 -1.106895181013293e-1 -1.090274732122133e-1 -1.062834159782447e-1 -1.041117805162635e-1
          -1.006257448868994e-1 -9.848926309847673e-2 -9.791687275857321e-2 -9.479789327877965e-2 -9.348759056295879e-2
          -9.138334045041518e-2 -8.994564518951565e-2 -8.866666615312974e-2 -8.694841242017370e-2 -8.445509033072408e-2
          -8.375479111631254e-2 -8.253876666065846e-2 -8.097151100771459e-2 -7.735667614344697e-2 -7.392421683344798e-2
          -7.289655782606619e-2 -6.979026143623603e-2
          </eigenvalues>
        <occupations size="62">
          1.000000000000000e0 1.000000000000000e0 1.000000000000000e0 1.000000000000000e0 1.000000000000000e0
          1.000000000000000e0 1.000000000000000e0 1.000000000000000e0 1.000000000000000e0 1.000000000000000e0
          1.000000000000000e0 1.000000000000000e0 1.000000000000000e0 1.000000000000000e0 1.000000000000000e0
          1.000000000000000e0 1.000000000000000e0 1.000000000000000e0 1.000000000000000e0 1.000000000000000e0
          1.000000000000000e0 1.000000000000000e0 1.000000000000000e0 1.000000000000000e0 1.000000000000000e0
          1.000000000000000e0 1.000000000000000e0 9.999999999993658e-1 9.999999999709848e-1 9.999999993066858e-1
          9.999999391308958e-1 9.999996732166132e-1 9.999954541501690e-1 9.999835571136218e-1 9.995772552805443e-1
          9.978932721170118e-1 9.963867509424894e-1 9.572126588389976e-1 8.790936524791498e-1 8.153118043029835e-1
          6.927056969341559e-1 5.590792495967754e-1 4.464957976139408e-1 2.765709003587369e-1 1.747301812192596e-1
          7.578348313240955e-2 4.383775043567960e-2 3.775367587741517e-2 1.651383359420918e-2 1.161865435580573e-2
          6.586975256556071e-3 4.463853377308382e-3 3.155974583623002e-3 1.979642100770610e-3 1.005438994193011e-3
          8.311355374588171e-4 5.971270841115634e-4 3.898902661357395e-4 1.458331003269051e-4 5.731323811405849e-5
          4.333260528507560e-5 1.860934386902187e-5
          </occupations>
      </ks_energies>
      <ks_energies>
        <k_point weight="2.500000000000e-1">1.562500000000000e-2 1.562500000000000e-2 0.000000000000000e0</k_point>
        <npw>228269</npw>
        <eigenvalues size="62">
          -2.235757097963985e0 -2.234446046927089e0 -2.233748115510692e0 -2.233440968654170e0 -2.231979213951328e0
          -2.231144203406191e0 -1.369090079026935e0 -1.366692030284126e0 -1.366380139605245e0 -1.365791738142704e0
          -1.365268771815638e0 -1.363911951218503e0 -1.363699401185094e0 -1.362390153330142e0 -1.362334916344059e0
          -1.361848233212136e0 -1.361580054510459e0 -1.361307924787710e0 -1.359582983811923e0 -1.358388071643615e0
          -1.357507798620802e0 -1.355634164444066e0 -1.353834130810280e0 -1.352198313774561e0 -4.506510115760726e-1
          -4.167198347962554e-1 -4.038117957673851e-1 -2.130326601943771e-1 -1.989824477924480e-1 -1.873196223688426e-1
          -1.708742828068131e-1 -1.646986843562721e-1 -1.550230788340665e-1 -1.502988774340051e-1 -1.383654330109412e-1
          -1.324560481401338e-1 -1.304686862850839e-1 -1.212378176761438e-1 -1.171062803615985e-1 -1.152740539087117e-1
          -1.128049930315558e-1 -1.106896951336203e-1 -1.090290378640608e-1 -1.062840614444205e-1 -1.041116395953333e-1
          -1.006245362911484e-1 -9.848954407962653e-2 -9.791793657325925e-2 -9.480388270948042e-2 -9.348732915600120e-2
          -9.137898307868417e-2 -8.994591124786302e-2 -8.866553082445522e-2 -8.695920834233872e-2 -8.444818858708780e-2
          -8.375336807156394e-2 -8.253903458333422e-2 -8.097020459542353e-2 -7.735734997814216e-2 -7.392226856458382e-2
          -7.289545696266014e-2 -6.978441807330427e-2
          </eigenvalues>
        <occupations size="62">
          1.000000000000000e0 1.000000000000000e0 1.000000000000000e0 1.000000000000000e0 1.000000000000000e0
          1.000000000000000e0 1.000000000000000e0 1.000000000000000e0 1.000000000000000e0 1.000000000000000e0
          1.000000000000000e0 1.000000000000000e0 1.000000000000000e0 1.000000000000000e0 1.000000000000000e0
          1.000000000000000e0 1.000000000000000e0 1.000000000000000e0 1.000000000000000e0 1.000000000000000e0
          1.000000000000000e0 1.000000000000000e0 1.000000000000000e0 1.000000000000000e0 1.000000000000000e0
          1.000000000000000e0 1.000000000000000e0 9.999999999993658e-1 9.999999999709834e-1 9.999999993066865e-1
          9.999999391305362e-1 9.999996732493834e-1 9.999954537440964e-1 9.999835584321350e-1 9.995773003335991e-1
          9.978930409111811e-1 9.963870518691239e-1 9.572118889592570e-1 8.790554672389923e-1 8.153178457581667e-1
          6.927646164681311e-1 5.590911246567835e-1 4.466010220362474e-1 2.766060437474911e-1 1.747246517350516e-1
          7.576045178169394e-2 4.384095539730225e-2 3.776419356452822e-2 1.654032436590313e-2 1.161783752318118e-2
          6.579221055012974e-3 4.464175121023379e-3 3.155002807326106e-3 1.985454721932010e-3 1.003554384644667e-3
          8.308140263333270e-4 5.971705935317355e-4 3.897517415671444e-4 1.458598387992595e-4 5.728286323972421e-5
          4.331962706831943e-5 1.857977795773774e-5
          </occupations>
      </ks_energies>
      <ks_energies>
        <k_point weight="2.500000000000e-1">1.562500000000000e-2 -3.125000000000000e-2 0.000000000000000e0</k_point>
        <npw>228212</npw>
        <eigenvalues size="62">
          -2.235757090285776e0 -2.234446038729789e0 -2.233748106518329e0 -2.233440961880791e0 -2.231979205821897e0
          -2.231144195288412e0 -1.369090079065161e0 -1.366692030464774e0 -1.366380139667323e0 -1.365791738292334e0
          -1.365268771910464e0 -1.363911951455631e0 -1.363699401134953e0 -1.362390153397144e0 -1.362334916645015e0
          -1.361848233329124e0 -1.361580054676602e0 -1.361307924938227e0 -1.359582983904965e0 -1.358388071950618e0
          -1.357507798992876e0 -1.355634164979296e0 -1.353834130794415e0 -1.352198314218331e0 -4.506510027102786e-1
          -4.167198235247700e-1 -4.038117901115287e-1 -2.130326274275074e-1 -1.989823080134683e-1 -1.873196196238676e-1
          -1.708742609783513e-1 -1.646990373476819e-1 -1.550227795245722e-1 -1.502991984274969e-1 -1.383658123019097e-1
          -1.324556398714008e-1 -1.304689721956432e-1 -1.212377445225159e-1 -1.171049632335476e-1 -1.152741908826961e-1
          -1.128060006656595e-1 -1.106898260655202e-1 -1.090305661153554e-1 -1.062847209042494e-1 -1.041115076666862e-1
          -1.006233126321150e-1 -9.848975391947661e-2 -9.791897842823863e-2 -9.480980308696477e-2 -9.348715257082613e-2
          -9.137466209910821e-2 -8.994606423944024e-2 -8.866438107162944e-2 -8.697017885303350e-2 -8.444103699928650e-2
          -8.375173198595348e-2 -8.253929213491922e-2 -8.096880776733158e-2 -7.735744033697229e-2 -7.391698856749647e-2
          -7.289390614926625e-2 -6.967595499044275e-2
          </eigenvalues>
        <occupations size="62">
          1.000000000000000e0 1.000000000000000e0 1.000000000000000e0 1.000000000000000e0 1.000000000000000e0
          1.000000000000000e0 1.000000000000000e0 1.000000000000000e0 1.000000000000000e0 1.000000000000000e0
          1.000000000000000e0 1.000000000000000e0 1.000000000000000e0 1.000000000000000e0 1.000000000000000e0
          1.000000000000000e0 1.000000000000000e0 1.000000000000000e0 1.000000000000000e0 1.000000000000000e0
          1.000000000000000e0 1.000000000000000e0 1.000000000000000e0 1.000000000000000e0 1.000000000000000e0
          1.000000000000000e0 1.000000000000000e0 9.999999999993658e-1 9.999999999709823e-1 9.999999993066860e-1
          9.999999391301747e-1 9.999996732807674e-1 9.999954533738073e-1 9.999835598681665e-1 9.995773439398798e-1
          9.978928073176089e-1 9.963873319309220e-1 9.572110736513245e-1 8.790173571319631e-1 8.153234579888368e-1
          6.928229727317728e-1 5.590999073283473e-1 4.467038031036152e-1 2.766419518902814e-1 1.747194752169001e-1
          7.573713992719623e-2 4.384334904414087e-2 3.777449686965142e-2 1.656655078027510e-2 1.161728576993901e-2
          6.571540570092661e-3 4.464360143821622e-3 3.154018988769305e-3 1.991378791754607e-3 1.001605274796569e-3
          8.304445360562113e-4 5.972124217208852e-4 3.896036842406507e-4 1.458634247057756e-4 5.720062529373831e-5
          4.330135092892492e-5 1.803943177267516e-5
          </occupations>
      </ks_energies>
      <ks_energies>
        <k_point weight="2.500000000000e-1">1.562500000000000e-2 -1.562500000000000e-2 0.000000000000000e0</k_point>
        <npw>228269</npw>
        <eigenvalues size="62">
          -2.235757097958596e0 -2.234446046721892e0 -2.233748116044060e0 -2.233440969431667e0 -2.231979214110744e0
          -2.231144203527883e0 -1.369090079135775e0 -1.366692030304965e0 -1.366380139788844e0 -1.365791738017090e0
          -1.365268771812656e0 -1.363911951335864e0 -1.363699401274202e0 -1.362390153299418e0 -1.362334916326248e0
          -1.361848233102395e0 -1.361580054361939e0 -1.361307924828385e0 -1.359582983723312e0 -1.358388071649597e0
          -1.357507798655744e0 -1.355634164395819e0 -1.353834130600951e0 -1.352198313721642e0 -4.506510111331382e-1
          -4.167198343421900e-1 -4.038117954578841e-1 -2.130326577156323e-1 -1.989824613839785e-1 -1.873196172508761e-1
          -1.708742801081322e-1 -1.646986763686061e-1 -1.550230799776742e-1 -1.502988872428792e-1 -1.383654279534041e-1
          -1.324560555952994e-1 -1.304686904042176e-1 -1.212378187305805e-1 -1.171062916021298e-1 -1.152740527623836e-1
          -1.128050046687275e-1 -1.106896702588577e-1 -1.090290094600242e-1 -1.062840888485463e-1 -1.041116670351482e-1
          -1.006245471139176e-1 -9.848949418582434e-2 -9.791793326205120e-2 -9.480384663614018e-2 -9.348740118293270e-2
          -9.137902387675723e-2 -8.994577604612680e-2 -8.866553966377291e-2 -8.695942992134711e-2 -8.444789434999153e-2
          -8.375296728326218e-2 -8.253906584393967e-2 -8.097011790131425e-2 -7.735671703811140e-2 -7.392454411293756e-2
          -7.289851776582474e-2 -6.980115628374472e-2
          </eigenvalues>
        <occupations size="62">
          1.000000000000000e0 1.000000000000000e0 1.000000000000000e0 1.000000000000000e0 1.000000000000000e0
          1.000000000000000e0 1.000000000000000e0 1.000000000000000e0 1.000000000000000e0 1.000000000000000e0
          1.000000000000000e0 1.000000000000000e0 1.000000000000000e0 1.000000000000000e0 1.000000000000000e0
          1.000000000000000e0 1.000000000000000e0 1.000000000000000e0 1.000000000000000e0 1.000000000000000e0
          1.000000000000000e0 1.000000000000000e0 1.000000000000000e0 1.000000000000000e0 1.000000000000000e0
          1.000000000000000e0 1.000000000000000e0 9.999999999993658e-1 9.999999999709836e-1 9.999999993066854e-1
          9.999999391304916e-1 9.999996732486732e-1 9.999954537455109e-1 9.999835584760188e-1 9.995772997521144e-1
          9.978930451764617e-1 9.963870559041476e-1 9.572119007110004e-1 8.790557924307304e-1 8.153177987891439e-1
          6.927652904601490e-1 5.590894560991719e-1 4.465991117933350e-1 2.766075358678789e-1 1.747257284132927e-1
          7.576065799500155e-2 4.384038627617701e-2 3.776416082302114e-2 1.654016469141809e-2 1.161806258401095e-2
          6.579293615534626e-3 4.464011619006330e-3 3.155010372123374e-3 1.985574200266915e-3 1.003474117913201e-3
          8.307234979230250e-4 5.971756703178382e-4 3.897425507551477e-4 1.458347229306798e-4 5.731834220998609e-5
          4.335572088438011e-5 1.866459468303883e-5
          </occupations>
      </ks_energies>
      <ks_energies>
        <k_point weight="1.250000000000e-1">-3.125000000000000e-2 0.000000000000000e0 0.000000000000000e0</k_point>
        <npw>228254</npw>
        <eigenvalues size="62">
          -2.235757090926042e0 -2.234446045626620e0 -2.233748099677827e0 -2.233440978287835e0 -2.231979212739877e0
          -2.231144203542455e0 -1.369090079333417e0 -1.366692030294156e0 -1.366380139832511e0 -1.365791737780676e0
          -1.365268771938197e0 -1.363911951086235e0 -1.363699401189866e0 -1.362390153619283e0 -1.362334916541652e0
          -1.361848233266263e0 -1.361580054193943e0 -1.361307924498933e0 -1.359582983723938e0 -1.358388071868050e0
          -1.357507798662942e0 -1.355634163997464e0 -1.353834130984651e0 -1.352198313600371e0 -4.506509945420664e-1
          -4.167198366145300e-1 -4.038117990437963e-1 -2.130327003507127e-1 -1.989825834979724e-1 -1.873196426415924e-1
          -1.708738155808362e-1 -1.646970156741985e-1 -1.550233814483069e-1 -1.502991541114814e-1 -1.383653605535441e-1
          -1.324585872971311e-1 -1.304678829088466e-1 -1.212371816659087e-1 -1.171076777568349e-1 -1.152731967541302e-1
          -1.128040230845005e-1 -1.106940117517359e-1 -1.090274840758316e-1 -1.062841567758395e-1 -1.041142979743663e-1
          -1.006238530765520e-1 -9.849161871339756e-2 -9.791704219033594e-2 -9.479956568008266e-2 -9.348731984411391e-2
          -9.138809621158341e-2 -8.995523692040804e-2 -8.866935755426988e-2 -8.694840139023642e-2 -8.444974031054757e-2
          -8.376582132053120e-2 -8.253939758848400e-2 -8.097092305423274e-2 -7.735852935532840e-2 -7.391326194371227e-2
          -7.289102772794598e-2 -6.979099668034346e-2
          </eigenvalues>
        <occupations size="62">
          1.000000000000000e0 1.000000000000000e0 1.000000000000000e0 1.000000000000000e0 1.000000000000000e0
          1.000000000000000e0 1.000000000000000e0 1.000000000000000e0 1.000000000000000e0 1.000000000000000e0
          1.000000000000000e0 1.000000000000000e0 1.000000000000000e0 1.000000000000000e0 1.000000000000000e0
          1.000000000000000e0 1.000000000000000e0 1.000000000000000e0 1.000000000000000e0 1.000000000000000e0
          1.000000000000000e0 1.000000000000000e0 1.000000000000000e0 1.000000000000000e0 1.000000000000000e0
          1.000000000000000e0 1.000000000000000e0 9.999999999993658e-1 9.999999999709846e-1 9.999999993066904e-1
          9.999999391227968e-1 9.999996731009816e-1 9.999954541184430e-1 9.999835596699171e-1 9.995772920028136e-1
          9.978944931261335e-1 9.963862648114461e-1 9.572048000353272e-1 8.790958884972524e-1 8.152827225952267e-1
          6.927084369902015e-1 5.593806559586102e-1 4.464965281867636e-1 2.766112344455083e-1 1.748289849976930e-1
          7.574743508951930e-2 4.386462625965405e-2 3.775535082120239e-2 1.652122629048668e-2 1.161780842686426e-2
          6.595448777437665e-3 4.475467232538566e-3 3.158279460994772e-3 1.979636170846666e-3 1.003977794866328e-3
          8.336318317568839e-4 5.972295489664909e-4 3.898279167853273e-4 1.459066495297404e-4 5.714265280096932e-5
          4.326744953200040e-5 1.861306734557216e-5
          </occupations>
      </ks_energies>
      <ks_energies>
        <k_point weight="2.500000000000e-1">-3.125000000000000e-2 1.562500000000000e-2 0.000000000000000e0</k_point>
        <npw>228212</npw>
        <eigenvalues size="62">
          -2.235757087827912e0 -2.234446038658566e0 -2.233748102024403e0 -2.233440964854724e0 -2.231979206148500e0
          -2.231144196301222e0 -1.369090079111477e0 -1.366692030300362e0 -1.366380139755976e0 -1.365791737909394e0
          -1.365268771840239e0 -1.363911951298100e0 -1.363699401132048e0 -1.362390153656626e0 -1.362334916969803e0
          -1.361848233461537e0 -1.361580054277176e0 -1.361307924783245e0 -1.359582983879494e0 -1.358388072021029e0
          -1.357507798856783e0 -1.355634164404760e0 -1.353834131102023e0 -1.352198313849910e0 -4.506509988025114e-1
          -4.167198247534874e-1 -4.038117923449666e-1 -2.130326769593278e-1 -1.989824180011708e-1 -1.873196335444943e-1
          -1.708737803599910e-1 -1.646973742797655e-1 -1.550230801894482e-1 -1.502994632304045e-1 -1.383657624871369e-1
          -1.324581710468659e-1 -1.304681967944139e-1 -1.212371107150748e-1 -1.171063640862194e-1 -1.152733303640914e-1
          -1.128050239580155e-1 -1.106941663086268e-1 -1.090290423587809e-1 -1.062848302859885e-1 -1.041141423128703e-1
          -1.006226551313879e-1 -9.849185619392465e-2 -9.791809252934559e-2 -9.480554236741650e-2 -9.348702322379438e-2
          -9.138384746155070e-2 -8.995538804355386e-2 -8.866818280048193e-2 -8.695917171369228e-2 -8.444293111148365e-2
          -8.376452811337026e-2 -8.253985253540009e-2 -8.096957284834033e-2 -7.735965434742825e-2 -7.392425526120277e-2
          -7.289827849301678e-2 -6.982027480802088e-2
          </eigenvalues>
        <occupations size="62">
          1.000000000000000e0 1.000000000000000e0 1.000000000000000e0 1.000000000000000e0 1.000000000000000e0
          1.000000000000000e0 1.000000000000000e0 1.000000000000000e0 1.000000000000000e0 1.000000000000000e0
          1.000000000000000e0 1.000000000000000e0 1.000000000000000e0 1.000000000000000e0 1.000000000000000e0
          1.000000000000000e0 1.000000000000000e0 1.000000000000000e0 1.000000000000000e0 1.000000000000000e0
          1.000000000000000e0 1.000000000000000e0 1.000000000000000e0 1.000000000000000e0 1.000000000000000e0
          1.000000000000000e0 1.000000000000000e0 9.999999999993658e-1 9.999999999709832e-1 9.999999993066886e-1
          9.999999391222135e-1 9.999996731328793e-1 9.999954537457729e-1 9.999835610527235e-1 9.995773382130372e-1
          9.978942551294237e-1 9.963865723415525e-1 9.572040091529230e-1 8.790578893977617e-1 8.152881977987224e-1
          6.927664076392532e-1 5.593910219045508e-1 4.466013243176233e-1 2.766479080963815e-1 1.748228744059825e-1
          7.572461664052726e-2 4.386733660900322e-2 3.776573570247552e-2 1.654767228964145e-2 1.161688163214785e-2
          6.587878102376299e-3 4.475650455893695e-3 3.157273212394069e-3 1.985434971971997e-3 1.002121131933239e-3
          8.333387730958417e-4 5.973034448183066e-4 3.896847723290318e-4 1.459513156561706e-4 5.731383739157390e-5
          4.335289823172289e-5 1.876194684699495e-5
          </occupations>
      </ks_energies>
      <ks_energies>
        <k_point weight="1.250000000000e-1">-3.125000000000000e-2 -3.125000000000000e-2 0.000000000000000e0</k_point>
        <npw>228080</npw>
        <eigenvalues size="62">
          -2.235757072136695e0 -2.234446020781842e0 -2.233748087213325e0 -2.233440945122584e0 -2.231979187821195e0
          -2.231144176588568e0 -1.369090078995811e0 -1.366692030199787e0 -1.366380139508890e0 -1.365791737964455e0
          -1.365268771707396e0 -1.363911951526720e0 -1.363699401130511e0 -1.362390153656976e0 -1.362334917184965e0
          -1.361848233511729e0 -1.361580054454467e0 -1.361307924870057e0 -1.359582983907994e0 -1.358388072256125e0
          -1.357507799261405e0 -1.355634165027439e0 -1.353834131039580e0 -1.352198314269029e0 -4.506509876840314e-1
          -4.167198128182224e-1 -4.038117738412453e-1 -2.130326379358727e-1 -1.989822474262172e-1 -1.873196149953460e-1
          -1.708737448882371e-1 -1.646977064018751e-1 -1.550227402266642e-1 -1.502997393923677e-1 -1.383661230727499e-1
          -1.324577376833874e-1 -1.304684725965738e-1 -1.212370224568110e-1 -1.171050216210853e-1 -1.152734574750876e-1
          -1.128060047531168e-1 -1.106943000735085e-1 -1.090305808852124e-1 -1.062854798203001e-1 -1.041139822573150e-1
          -1.006214197250992e-1 -9.849208022641953e-2 -9.791912653204427e-2 -9.481145928454898e-2 -9.348671834179795e-2
          -9.137958297218246e-2 -8.995551629249137e-2 -8.866697723773399e-2 -8.696988953288278e-2 -8.443610661363323e-2
          -8.376284104116277e-2 -8.254005959554432e-2 -8.096790019653753e-2 -7.735982875250874e-2 -7.390945005943901e-2
          -7.289742014306499e-2 -6.959220424004963e-2
          </eigenvalues>
        <occupations size="62">
          1.000000000000000e0 1.000000000000000e0 1.000000000000000e0 1.000000000000000e0 1.000000000000000e0
          1.000000000000000e0 1.000000000000000e0 1.000000000000000e0 1.000000000000000e0 1.000000000000000e0
          1.000000000000000e0 1.000000000000000e0 1.000000000000000e0 1.000000000000000e0 1.000000000000000e0
          1.000000000000000e0 1.000000000000000e0 1.000000000000000e0 1.000000000000000e0 1.000000000000000e0
          1.000000000000000e0 1.000000000000000e0 1.000000000000000e0 1.000000000000000e0 1.000000000000000e0
          1.000000000000000e0 1.000000000000000e0 9.999999999993658e-1 9.999999999709818e-1 9.999999993066851e-1
          9.999999391216258e-1 9.999996731624186e-1 9.999954533251877e-1 9.999835622880024e-1 9.995773796651950e-1
          9.978940073194797e-1 9.963868425378308e-1 9.572030253267060e-1 8.790190467506797e-1 8.152934065645761e-1
          6.928232094407908e-1 5.593999933134734e-1 4.467047964583451e-1 2.766832790705818e-1 1.748165914981790e-1
          7.570109124236122e-2 4.386989362333086e-2 3.777596174445180e-2 1.657389481107430e-2 1.161592909984158e-2
          6.580288062586432e-3 4.475805952165942e-3 3.156240906294698e-3 1.991222332782204e-3 1.000263739148486e-3
          8.329566138904568e-4 5.973370800881868e-4 3.895075160612123e-4 1.459582413726052e-4 5.708341475267335e-5
          4.334277396380505e-5 1.763297419971237e-5
          </occupations>
      </ks_energies>
    </band_structure>
    <forces rank="2" dims="3 9">
      2.824990221961081e-2 6.107008359051246e-2 -2.154590120810984e-3
      1.434431075930389e-2 1.314669530716787e-3 -1.053421140603494e-1
      5.488682576902487e-2 -1.981317056933344e-2 6.819734628026487e-2
      1.561164565328883e-2 6.507780439892464e-2 3.167840850756363e-2
      -6.378002084691997e-2 3.233288361922338e-3 -4.131786598828427e-2
      -4.484204835239768e-2 -1.512597581388533e-2 7.140447361040332e-2
      1.518972435471077e-2 1.699155939504576e-2 -1.668164825419861e-2
      -2.377790300748142e-2 -4.879924072024526e-2 -4.169247813369022e-2
      4.117563450859906e-3 -6.394901817365795e-2 3.590846815910162e-2
      </forces>
    <electric_field>
      <dipoleInfo>
        <idir>3</idir>
        <dipole Units="Atomic Units">8.090862948450262e-2</dipole>
        <ion_dipole Units="Atomic Units">-4.206530353281839e1</ion_dipole>
        <elec_dipole Units="Atomic Units">-4.214621216230289e1</elec_dipole>
        <dipoleField Units="Atomic Units">2.776081943912066e-5</dipoleField>
        <potentialAmp Units="Atomic Units">-2.168710692620406e-3</potentialAmp>
        <totalLength Units="Bohr">3.906063899475983e1</totalLength>
      </dipoleInfo>
    </electric_field>
  </output>
  <exit_status>0</exit_status>
  <timing_info>
    <total label="PWSCF">
      <cpu>7.313159280000001e2</cpu>
      <wall>7.961240851879120e2</wall>
    </total>
    <partial label="init_run" calls="1">
      <cpu>1.905925600000000e1</cpu>
      <wall>1.998684501647949e1</wall>
    </partial>
    <partial label="hinit0" calls="1">
      <cpu>3.424284999999999e0</cpu>
      <wall>3.460243940353394e0</wall>
    </partial>
    <partial label="init_vloc" calls="1">
      <cpu>1.972779000000000e0</cpu>
      <wall>1.973089933395386e0</wall>
    </partial>
    <partial label="init_us_1" calls="1">
      <cpu>5.001299999999986e-2</cpu>
      <wall>5.591702461242676e-2</wall>
    </partial>
    <partial label="fft" calls="3650">
      <cpu>1.028113040000017e2</cpu>
      <wall>1.086593956947327e2</wall>
    </partial>
    <partial label="fft_scatter" calls="210875">
      <cpu>1.572546380000112e2</cpu>
      <wall>1.634549212455750e2</wall>
    </partial>
    <partial label="potinit" calls="1">
      <cpu>7.048083999999999e0</cpu>
      <wall>7.339995861053467e0</wall>
    </partial>
    <partial label="v_of_rho" calls="57">
      <cpu>1.329120729999996e2</cpu>
      <wall>1.458527340888977e2</wall>
    </partial>
    <partial label="v_xc" calls="58">
      <cpu>1.331496030000002e2</cpu>
      <wall>1.461134376525879e2</wall>
    </partial>
    <partial label="vdW_kernel" calls="1">
      <cpu>2.166719000000001e0</cpu>
      <wall>2.182557106018066e0</wall>
    </partial>
    <partial label="v_h" calls="57">
      <cpu>1.410185999999840e0</cpu>
      <wall>1.637940645217896e0</wall>
    </partial>
    <partial label="interpolate" calls="57">
      <cpu>1.540411000000404e0</cpu>
      <wall>1.646733522415161e0</wall>
    </partial>
    <partial label="ffts" calls="113">
      <cpu>2.040611000000695e0</cpu>
      <wall>2.070796966552734e0</wall>
    </partial>
    <partial label="newd" calls="57">
      <cpu>4.970209399999965e1</cpu>
      <wall>7.286398267745972e1</wall>
    </partial>
    <partial label="wfcinit" calls="1">
      <cpu>2.976852000000001e0</cpu>
      <wall>3.014284133911133e0</wall>
    </partial>
    <partial label="init_us_2" calls="1140">
      <cpu>4.981900999998857e0</cpu>
      <wall>5.001859426498413e0</wall>
    </partial>
    <partial label="init_us_2:cp" calls="1140">
      <cpu>4.971701000000849e0</cpu>
      <wall>4.998193502426147e0</wall>
    </partial>
    <partial label="wfcinit:atom" calls="10">
      <cpu>5.094400000000121e-2</cpu>
      <wall>5.085849761962891e-2</wall>
    </partial>
    <partial label="atomic_wfc" calls="10">
      <cpu>5.086399999999358e-2</cpu>
      <wall>5.082750320434570e-2</wall>
    </partial>
    <partial label="wfcinit:wfcr" calls="10">
      <cpu>2.617422999999999e0</cpu>
      <wall>2.650682926177979e0</wall>
    </partial>
    <partial label="wfcrot" calls="10">
      <cpu>2.617356000000004e0</cpu>
      <wall>2.650641202926636e0</wall>
    </partial>
    <partial label="rotwfck" calls="10">
      <cpu>2.617276999999994e0</cpu>
      <wall>2.650568008422852e0</wall>
    </partial>
    <partial label="rotwfck:hpsi" calls="10">
      <cpu>2.190810000000003e0</cpu>
      <wall>2.218252182006836e0</wall>
    </partial>
    <partial label="h_psi_bgrp" calls="2805">
      <cpu>2.658800939999995e2</cpu>
      <wall>2.672982633113861e2</wall>
    </partial>
    <partial label="h_psi" calls="2805">
      <cpu>2.658670560000016e2</cpu>
      <wall>2.672916979789735e2</wall>
    </partial>
    <partial label="h_psi:pot" calls="2805">
      <cpu>2.625455709999960e2</cpu>
      <wall>2.639313378334046e2</wall>
    </partial>
    <partial label="vloc_psi" calls="2805">
      <cpu>2.273582599999993e2</cpu>
      <wall>2.286979565620423e2</wall>
    </partial>
    <partial label="fftw" calls="207112">
      <cpu>2.506888129999860e2</cpu>
      <wall>2.521453554630280e2</wall>
    </partial>
    <partial label="h_psi:calbec" calls="2805">
      <cpu>1.837702799999784e1</cpu>
      <wall>1.841039562225342e1</wall>
    </partial>
    <partial label="calbec" calls="3405">
      <cpu>2.477774500000044e1</cpu>
      <wall>2.482883501052857e1</wall>
    </partial>
    <partial label="add_vuspsi" calls="2805">
      <cpu>1.677420600000187e1</cpu>
      <wall>1.680326414108277e1</wall>
    </partial>
    <partial label="rotwfck:hc" calls="10">
      <cpu>2.737000000000052e-1</cpu>
      <wall>2.747023105621338e-1</wall>
    </partial>
    <partial label="s_psi_bgrp" calls="2805">
      <cpu>1.987307799999951e1</cpu>
      <wall>1.992489314079285e1</wall>
    </partial>
    <partial label="s_psi" calls="2805">
      <cpu>1.717154499999810e1</cpu>
      <wall>1.719867849349976e1</wall>
    </partial>
    <partial label="rotwfck:diag" calls="10">
      <cpu>4.086699999999865e-2</cpu>
      <wall>4.182314872741699e-2</wall>
    </partial>
    <partial label="cdiaghg" calls="2795">
      <cpu>1.512647100000049e1</cpu>
      <wall>1.515292286872864e1</wall>
    </partial>
    <partial label="rotwfck:evc" calls="10">
      <cpu>1.116619999999955e-1</cpu>
      <wall>1.156558990478516e-1</wall>
    </partial>
    <partial label="electrons" calls="1">
      <cpu>7.043047560000002e2</cpu>
      <wall>7.673753120899201e2</wall>
    </partial>
    <partial label="c_bands" calls="56">
      <cpu>3.849155039999997e2</cpu>
      <wall>3.866676292419434e2</wall>
    </partial>
    <partial label="cegterg" calls="561">
      <cpu>3.706394529999998e2</cpu>
      <wall>3.722546558380127e2</wall>
    </partial>
    <partial label="cegterg:init" calls="561">
      <cpu>6.088314000001674e0</cpu>
      <wall>6.094645023345947e0</wall>
    </partial>
    <partial label="cegterg:upda" calls="2234">
      <cpu>1.443170899999882e1</cpu>
      <wall>1.446925783157349e1</wall>
    </partial>
    <partial label="g_psi" calls="2234">
      <cpu>1.419670999999994e0</cpu>
      <wall>1.432620763778687e0</wall>
    </partial>
    <partial label="cegterg:over" calls="2234">
      <cpu>1.862082800000235e1</cpu>
      <wall>1.866246008872986e1</wall>
    </partial>
    <partial label="cegterg:diag" calls="2785">
      <cpu>1.509776799999975e1</cpu>
      <wall>1.511892819404602e1</wall>
    </partial>
    <partial label="cegterg:last" calls="1163">
      <cpu>2.705052999999896e1</cpu>
      <wall>2.708236145973206e1</wall>
    </partial>
    <partial label="sum_band" calls="56">
      <cpu>1.351162920000002e2</cpu>
      <wall>1.582593295574188e2</wall>
    </partial>
    <partial label="sum_band:wei" calls="56">
      <cpu>3.067499999997381e-2</cpu>
      <wall>3.073954582214355e-2</wall>
    </partial>
    <partial label="sum_band:loo" calls="56">
      <cpu>5.727524000000063e1</cpu>
      <wall>5.756547403335571e1</wall>
    </partial>
    <partial label="sum_band:buf" calls="560">
      <cpu>1.421378999999320e0</cpu>
      <wall>1.441398620605469e0</wall>
    </partial>
    <partial label="sum_band:ini" calls="560">
      <cpu>2.411310000000412e0</cpu>
      <wall>2.416317224502563e0</wall>
    </partial>
    <partial label="sum_band:cal" calls="560">
      <cpu>6.004248000000644e0</cpu>
      <wall>6.011811256408691e0</wall>
    </partial>
    <partial label="sum_band:bec" calls="560">
      <cpu>7.316599999921891e-2</cpu>
      <wall>7.402801513671875e-2</wall>
    </partial>
    <partial label="addusdens" calls="56">
      <cpu>6.417527000000007e1</cpu>
      <wall>8.607196378707886e1</wall>
    </partial>
    <partial label="addusd:skk" calls="112">
      <cpu>2.446379999997816e-1</cpu>
      <wall>3.672180175781250e-1</wall>
    </partial>
    <partial label="addusd:dgemm" calls="112">
      <cpu>1.137716499999976e1</cpu>
      <wall>2.614075279235840e1</wall>
    </partial>
    <partial label="addusd:qvan2" calls="112">
      <cpu>4.724654899999950e1</cpu>
      <wall>4.730590629577637e1</wall>
    </partial>
    <partial label="sum_band:sym" calls="56">
      <cpu>1.161450399999990e1</cpu>
      <wall>1.254720783233643e1</wall>
    </partial>
    <partial label="mix_rho" calls="56">
      <cpu>4.614642999999774e0</cpu>
      <wall>4.797052383422852e0</wall>
    </partial>
    <partial label="ions" calls="1">
      <cpu>7.719693000000007e0</cpu>
      <wall>8.484000205993652e0</wall>
    </partial>
    <partial label="forces" calls="1">
      <cpu>7.719687000000022e0</cpu>
      <wall>8.483994007110596e0</wall>
    </partial>
    <partial label="frc_us" calls="1">
      <cpu>1.512513000000013e0</cpu>
      <wall>1.996722936630249e0</wall>
    </partial>
    <partial label="frc_lc" calls="1">
      <cpu>1.304039999999986e-1</cpu>
      <wall>1.330120563507080e-1</wall>
    </partial>
    <partial label="frc_cc" calls="1">
      <cpu>3.676852000000054e0</cpu>
      <wall>3.948400020599365e0</wall>
    </partial>
    <partial label="frc_scc" calls="1">
      <cpu>2.294863999999961e0</cpu>
      <wall>2.299376964569092e0</wall>
    </partial>
  </timing_info>
  <closed DATE="26 Oct 2022" TIME="12:23:23"></closed>
</qes:espresso>
