<?xml version="1.0" encoding="UTF-8"?>
<qes:espresso xsi:schemaLocation="http://www.quantum-espresso.org/ns/qes/qes-1.0 http://www.quantum-espresso.org/ns/qes/qes_220603.xsd" Units="Hartree atomic units" xmlns:xsi="http://www.w3.org/2001/XMLSchema-instance" xmlns:qes="http://www.quantum-espresso.org/ns/qes/qes-1.0">
  <!--All quantities are in Hartree atomic units unless otherwise specified-->
  <general_info>
    <xml_format NAME="QEXSD" VERSION="21.11.01">QEXSD_21.11.01</xml_format>
    <creator NAME="PWSCF" VERSION="7.1">XML file generated by PWSCF</creator>
    <created DATE="26Oct2022" TIME="12:58:21">This run was terminated on:  12:58:21  26 Oct 2022</created>
    <job></job>
  </general_info>
  <parallel_info>
    <nprocs>64</nprocs>
    <nthreads>1</nthreads>
    <ntasks>1</ntasks>
    <nbgrp>1</nbgrp>
    <npool>1</npool>
    <ndiag>64</ndiag>
  </parallel_info>
  <input>
    <control_variables>
      <title></title>
      <calculation>scf</calculation>
      <restart_mode>from_scratch</restart_mode>
      <prefix>calc</prefix>
      <pseudo_dir>/scratch/alevoj1/esp-psp/v2/</pseudo_dir>
      <outdir>.</outdir>
      <stress>false</stress>
      <forces>true</forces>
      <wf_collect>true</wf_collect>
      <disk_io>low</disk_io>
      <max_seconds>10000000</max_seconds>
      <nstep>1</nstep>
      <etot_conv_thr>5.000000000000000e-1</etot_conv_thr>
      <forc_conv_thr>9.723452333419537e-4</forc_conv_thr>
      <press_conv_thr>5.000000000000000e-1</press_conv_thr>
      <verbosity>low</verbosity>
      <print_every>100000</print_every>
      <fcp>false</fcp>
      <rism>false</rism>
    </control_variables>
    <atomic_species ntyp="2">
      <species name="C1">
        <mass>1.201100000000000e1</mass>
        <pseudo_file>C.UPF</pseudo_file>
      </species>
      <species name="Ti1">
        <mass>4.786700000000000e1</mass>
        <pseudo_file>Ti.UPF</pseudo_file>
      </species>
    </atomic_species>
    <atomic_structure nat="18" alat="3.212534411761e1">
      <atomic_positions>
        <atom name="C1" index="1">8.551010713656893e0 9.123696539312759e0 2.003109692038965e1</atom>
        <atom name="Ti1" index="2">1.155567525171534e1 1.085844041918532e1 2.304521008907094e1</atom>
        <atom name="Ti1" index="3">8.551010713656893e0 1.259318429905788e1 1.701698375170837e1</atom>
        <atom name="C1" index="4">1.456033978977380e1 9.123696539312759e0 2.003109692038965e1</atom>
        <atom name="Ti1" index="5">1.756500432783225e1 1.085844041918532e1 2.304521008907094e1</atom>
        <atom name="Ti1" index="6">1.456033978977380e1 1.259318429905788e1 1.701698375170837e1</atom>
        <atom name="C1" index="7">1.155567525171534e1 1.432792817893047e1 2.003109692038965e1</atom>
        <atom name="Ti1" index="8">1.456033978977380e1 1.606267205880302e1 2.304521008907094e1</atom>
        <atom name="Ti1" index="9">1.155567525171534e1 1.779741593867558e1 1.701698375170837e1</atom>
        <atom name="C1" index="10">2.056966886589070e1 9.123696539312759e0 2.003109692038965e1</atom>
        <atom name="Ti1" index="11">2.357433340394915e1 1.085844041918532e1 2.304521008907094e1</atom>
        <atom name="Ti1" index="12">2.056966886589070e1 1.259318429905788e1 1.701698375170837e1</atom>
        <atom name="C1" index="13">1.756500432783225e1 1.432792817893047e1 2.003109692038965e1</atom>
        <atom name="Ti1" index="14">2.056966886589070e1 1.606267205880302e1 2.304521008907094e1</atom>
        <atom name="Ti1" index="15">1.756500432783225e1 1.779741593867558e1 1.701698375170837e1</atom>
        <atom name="C1" index="16">1.456033978977380e1 1.953215981854817e1 2.003109692038965e1</atom>
        <atom name="Ti1" index="17">1.756500432783225e1 2.126690369842073e1 2.304521008907094e1</atom>
        <atom name="Ti1" index="18">1.456033978977380e1 2.300164757829329e1 1.701698375170837e1</atom>
      </atomic_positions>
      <cell>
        <a1>3.212534411760605e1 0.000000000000000e0 0.000000000000000e0</a1>
        <a2>0.000000000000000e0 3.212534411760605e1 0.000000000000000e0</a2>
        <a3>0.000000000000000e0 0.000000000000000e0 4.006219384077931e1</a3>
      </cell>
    </atomic_structure>
    <dft>
      <functional>BEEF-VDW</functional>
      <vdW>
        <vdw_corr>none</vdw_corr>
        <non_local_term>VDW2</non_local_term>
      </vdW>
    </dft>
    <spin>
      <lsda>false</lsda>
      <noncolin>false</noncolin>
      <spinorbit>false</spinorbit>
    </spin>
    <bands>
      <nbnd>104</nbnd>
      <smearing degauss="3.674932379085e-3">fd</smearing>
      <tot_charge>0.000000000000000e0</tot_charge>
      <occupations>smearing</occupations>
    </bands>
    <basis>
      <gamma_only>false</gamma_only>
      <ecutwfc>2.572452665359641e1</ecutwfc>
      <ecutrho>2.572452665359642e2</ecutrho>
    </basis>
    <electron_control>
      <diagonalization>davidson</diagonalization>
      <mixing_mode>plain</mixing_mode>
      <mixing_beta>1.000000000000000e-1</mixing_beta>
      <conv_thr>3.674932379085202e-8</conv_thr>
      <mixing_ndim>10</mixing_ndim>
      <max_nstep>500</max_nstep>
      <real_space_q>false</real_space_q>
      <real_space_beta>false</real_space_beta>
      <tq_smoothing>false</tq_smoothing>
      <tbeta_smoothing>false</tbeta_smoothing>
      <diago_thr_init>0.000000000000000e0</diago_thr_init>
      <diago_full_acc>false</diago_full_acc>
      <diago_cg_maxiter>20</diago_cg_maxiter>
      <diago_ppcg_maxiter>20</diago_ppcg_maxiter>
      <diago_rmm_ndim>4</diago_rmm_ndim>
      <diago_gs_nblock>16</diago_gs_nblock>
      <diago_rmm_conv>false</diago_rmm_conv>
    </electron_control>
    <k_points_IBZ>
      <monkhorst_pack nk1="4" nk2="4" nk3="1" k1="0" k2="0" k3="0">Monkhorst-Pack</monkhorst_pack>
    </k_points_IBZ>
    <ion_control>
      <ion_dynamics>none</ion_dynamics>
      <upscale>1.000000000000000e2</upscale>
      <remove_rigid_rot>false</remove_rigid_rot>
      <refold_pos>false</refold_pos>
    </ion_control>
    <cell_control>
      <cell_dynamics>none</cell_dynamics>
      <pressure>0.000000000000000e0</pressure>
      <wmass>6.464700000000001e2</wmass>
      <cell_do_free>all</cell_do_free>
    </cell_control>
    <symmetry_flags>
      <nosym>true</nosym>
      <nosym_evc>false</nosym_evc>
      <noinv>false</noinv>
      <no_t_rev>false</no_t_rev>
      <force_symmorphic>false</force_symmorphic>
      <use_all_frac>false</use_all_frac>
    </symmetry_flags>
    <electric_field>
      <electric_potential>sawtooth_potential</electric_potential>
      <dipole_correction>true</dipole_correction>
      <electric_field_direction>3</electric_field_direction>
      <potential_max_position>0.000000000000000e0</potential_max_position>
      <potential_decrease_width>2.500000000000000e-2</potential_decrease_width>
      <electric_field_amplitude>0.000000000000000e0</electric_field_amplitude>
      <electric_field_vector>0.000000000000000e0 0.000000000000000e0 0.000000000000000e0</electric_field_vector>
      <nk_per_string>0</nk_per_string>
      <n_berry_cycles>1</n_berry_cycles>
    </electric_field>
  </input>
  <output>
    <convergence_info>
      <scf_conv>
        <convergence_achieved>true</convergence_achieved>
        <n_scf_steps>110</n_scf_steps>
        <scf_error>2.461300421809176e-8</scf_error>
      </scf_conv>
    </convergence_info>
    <algorithmic_info>
      <real_space_q>false</real_space_q>
      <real_space_beta>false</real_space_beta>
      <uspp>true</uspp>
      <paw>false</paw>
    </algorithmic_info>
    <atomic_species ntyp="2" pseudo_dir="/scratch/alevoj1/esp-psp/v2/">
      <species name="C1">
        <mass>1.201100000000000e1</mass>
        <pseudo_file>C.UPF</pseudo_file>
      </species>
      <species name="Ti1">
        <mass>4.786700000000000e1</mass>
        <pseudo_file>Ti.UPF</pseudo_file>
      </species>
    </atomic_species>
    <atomic_structure nat="18" alat="1.889726124565e0">
      <atomic_positions>
        <atom name="C1" index="1">8.551010713656893e0 9.123696539312759e0 2.003109692038965e1</atom>
        <atom name="Ti1" index="2">1.155567525171534e1 1.085844041918532e1 2.304521008907094e1</atom>
        <atom name="Ti1" index="3">8.551010713656893e0 1.259318429905788e1 1.701698375170837e1</atom>
        <atom name="C1" index="4">1.456033978977380e1 9.123696539312759e0 2.003109692038965e1</atom>
        <atom name="Ti1" index="5">1.756500432783225e1 1.085844041918532e1 2.304521008907094e1</atom>
        <atom name="Ti1" index="6">1.456033978977380e1 1.259318429905788e1 1.701698375170837e1</atom>
        <atom name="C1" index="7">1.155567525171534e1 1.432792817893047e1 2.003109692038965e1</atom>
        <atom name="Ti1" index="8">1.456033978977380e1 1.606267205880302e1 2.304521008907094e1</atom>
        <atom name="Ti1" index="9">1.155567525171534e1 1.779741593867558e1 1.701698375170837e1</atom>
        <atom name="C1" index="10">2.056966886589070e1 9.123696539312759e0 2.003109692038965e1</atom>
        <atom name="Ti1" index="11">2.357433340394915e1 1.085844041918532e1 2.304521008907094e1</atom>
        <atom name="Ti1" index="12">2.056966886589070e1 1.259318429905788e1 1.701698375170837e1</atom>
        <atom name="C1" index="13">1.756500432783225e1 1.432792817893047e1 2.003109692038965e1</atom>
        <atom name="Ti1" index="14">2.056966886589070e1 1.606267205880302e1 2.304521008907094e1</atom>
        <atom name="Ti1" index="15">1.756500432783225e1 1.779741593867558e1 1.701698375170837e1</atom>
        <atom name="C1" index="16">1.456033978977380e1 1.953215981854817e1 2.003109692038965e1</atom>
        <atom name="Ti1" index="17">1.756500432783225e1 2.126690369842073e1 2.304521008907094e1</atom>
        <atom name="Ti1" index="18">1.456033978977380e1 2.300164757829329e1 1.701698375170837e1</atom>
      </atomic_positions>
      <cell>
        <a1>3.212534411760605e1 0.000000000000000e0 0.000000000000000e0</a1>
        <a2>0.000000000000000e0 3.212534411760605e1 0.000000000000000e0</a2>
        <a3>0.000000000000000e0 0.000000000000000e0 4.006219384077931e1</a3>
      </cell>
    </atomic_structure>
    <symmetries>
      <nsym>1</nsym>
      <nrot>16</nrot>
      <space_group>0</space_group>
      <symmetry>
        <info name="identity">crystal_symmetry</info>
        <rotation rank="2" dims="3 3">
          1.000000000000000e0 0.000000000000000e0 0.000000000000000e0
          0.000000000000000e0 1.000000000000000e0 0.000000000000000e0
          0.000000000000000e0 0.000000000000000e0 1.000000000000000e0
          </rotation>
        <fractional_translation>0.000000000000000e0 0.000000000000000e0 0.000000000000000e0</fractional_translation>
        <equivalent_atoms size="18" nat="18">
          1 2 3 4 5 6 7 8
          9 10 11 12 13 14 15 16
          17 18
          </equivalent_atoms>
      </symmetry>
      <symmetry>
        <info name="180 deg rotation - cart. axis [0,0,1]">lattice_symmetry</info>
        <rotation rank="2" dims="3 3">
          -1.000000000000000e0 0.000000000000000e0 0.000000000000000e0
          0.000000000000000e0 -1.000000000000000e0 0.000000000000000e0
          0.000000000000000e0 0.000000000000000e0 1.000000000000000e0
          </rotation>
      </symmetry>
      <symmetry>
        <info name="180 deg rotation - cart. axis [0,1,0]">lattice_symmetry</info>
        <rotation rank="2" dims="3 3">
          -1.000000000000000e0 0.000000000000000e0 0.000000000000000e0
          0.000000000000000e0 1.000000000000000e0 0.000000000000000e0
          0.000000000000000e0 0.000000000000000e0 -1.000000000000000e0
          </rotation>
      </symmetry>
      <symmetry>
        <info name="180 deg rotation - cart. axis [1,0,0]">lattice_symmetry</info>
        <rotation rank="2" dims="3 3">
          1.000000000000000e0 0.000000000000000e0 0.000000000000000e0
          0.000000000000000e0 -1.000000000000000e0 0.000000000000000e0
          0.000000000000000e0 0.000000000000000e0 -1.000000000000000e0
          </rotation>
      </symmetry>
      <symmetry>
        <info name="180 deg rotation - cart. axis [1,1,0]">lattice_symmetry</info>
        <rotation rank="2" dims="3 3">
          0.000000000000000e0 1.000000000000000e0 0.000000000000000e0
          1.000000000000000e0 0.000000000000000e0 0.000000000000000e0
          0.000000000000000e0 0.000000000000000e0 -1.000000000000000e0
          </rotation>
      </symmetry>
      <symmetry>
        <info name="180 deg rotation - cart. axis [1,-1,0]">lattice_symmetry</info>
        <rotation rank="2" dims="3 3">
          0.000000000000000e0 -1.000000000000000e0 0.000000000000000e0
          -1.000000000000000e0 0.000000000000000e0 0.000000000000000e0
          0.000000000000000e0 0.000000000000000e0 -1.000000000000000e0
          </rotation>
      </symmetry>
      <symmetry>
        <info name=" 90 deg rotation - cart. axis [0,0,-1]">lattice_symmetry</info>
        <rotation rank="2" dims="3 3">
          0.000000000000000e0 1.000000000000000e0 0.000000000000000e0
          -1.000000000000000e0 0.000000000000000e0 0.000000000000000e0
          0.000000000000000e0 0.000000000000000e0 1.000000000000000e0
          </rotation>
      </symmetry>
      <symmetry>
        <info name=" 90 deg rotation - cart. axis [0,0,1]">lattice_symmetry</info>
        <rotation rank="2" dims="3 3">
          0.000000000000000e0 -1.000000000000000e0 0.000000000000000e0
          1.000000000000000e0 0.000000000000000e0 0.000000000000000e0
          0.000000000000000e0 0.000000000000000e0 1.000000000000000e0
          </rotation>
      </symmetry>
      <symmetry>
        <info name="inversion">lattice_symmetry</info>
        <rotation rank="2" dims="3 3">
          -1.000000000000000e0 0.000000000000000e0 0.000000000000000e0
          0.000000000000000e0 -1.000000000000000e0 0.000000000000000e0
          0.000000000000000e0 0.000000000000000e0 -1.000000000000000e0
          </rotation>
      </symmetry>
      <symmetry>
        <info name="inv. 180 deg rotation - cart. axis [0,0,1]">lattice_symmetry</info>
        <rotation rank="2" dims="3 3">
          1.000000000000000e0 0.000000000000000e0 0.000000000000000e0
          0.000000000000000e0 1.000000000000000e0 0.000000000000000e0
          0.000000000000000e0 0.000000000000000e0 -1.000000000000000e0
          </rotation>
      </symmetry>
      <symmetry>
        <info name="inv. 180 deg rotation - cart. axis [0,1,0]">lattice_symmetry</info>
        <rotation rank="2" dims="3 3">
          1.000000000000000e0 0.000000000000000e0 0.000000000000000e0
          0.000000000000000e0 -1.000000000000000e0 0.000000000000000e0
          0.000000000000000e0 0.000000000000000e0 1.000000000000000e0
          </rotation>
      </symmetry>
      <symmetry>
        <info name="inv. 180 deg rotation - cart. axis [1,0,0]">lattice_symmetry</info>
        <rotation rank="2" dims="3 3">
          -1.000000000000000e0 0.000000000000000e0 0.000000000000000e0
          0.000000000000000e0 1.000000000000000e0 0.000000000000000e0
          0.000000000000000e0 0.000000000000000e0 1.000000000000000e0
          </rotation>
      </symmetry>
      <symmetry>
        <info name="inv. 180 deg rotation - cart. axis [1,1,0]">lattice_symmetry</info>
        <rotation rank="2" dims="3 3">
          0.000000000000000e0 -1.000000000000000e0 0.000000000000000e0
          -1.000000000000000e0 0.000000000000000e0 0.000000000000000e0
          0.000000000000000e0 0.000000000000000e0 1.000000000000000e0
          </rotation>
      </symmetry>
      <symmetry>
        <info name="inv. 180 deg rotation - cart. axis [1,-1,0]">lattice_symmetry</info>
        <rotation rank="2" dims="3 3">
          0.000000000000000e0 1.000000000000000e0 0.000000000000000e0
          1.000000000000000e0 0.000000000000000e0 0.000000000000000e0
          0.000000000000000e0 0.000000000000000e0 1.000000000000000e0
          </rotation>
      </symmetry>
      <symmetry>
        <info name="inv.  90 deg rotation - cart. axis [0,0,-1]">lattice_symmetry</info>
        <rotation rank="2" dims="3 3">
          0.000000000000000e0 -1.000000000000000e0 0.000000000000000e0
          1.000000000000000e0 0.000000000000000e0 0.000000000000000e0
          0.000000000000000e0 0.000000000000000e0 -1.000000000000000e0
          </rotation>
      </symmetry>
      <symmetry>
        <info name="inv.  90 deg rotation - cart. axis [0,0,1]">lattice_symmetry</info>
        <rotation rank="2" dims="3 3">
          0.000000000000000e0 1.000000000000000e0 0.000000000000000e0
          -1.000000000000000e0 0.000000000000000e0 0.000000000000000e0
          0.000000000000000e0 0.000000000000000e0 -1.000000000000000e0
          </rotation>
      </symmetry>
    </symmetries>
    <basis_set>
      <gamma_only>false</gamma_only>
      <ecutwfc>2.572452665359641e1</ecutwfc>
      <ecutrho>2.572452665359642e2</ecutrho>
      <fft_grid nr1="240" nr2="240" nr3="300"></fft_grid>
      <fft_smooth nr1="150" nr2="150" nr3="192"></fft_smooth>
      <fft_box nr1="240" nr2="240" nr3="300"></fft_box>
      <ngm>8147957</ngm>
      <ngms>2061247</ngms>
      <npwx>257840</npwx>
      <reciprocal_lattice>
        <b1>5.882352941176472e-2 0.000000000000000e0 0.000000000000000e0</b1>
        <b2>0.000000000000000e0 5.882352941176472e-2 0.000000000000000e0</b2>
        <b3>0.000000000000000e0 0.000000000000000e0 4.716981132075472e-2</b3>
      </reciprocal_lattice>
    </basis_set>
    <dft>
      <functional>BEEF</functional>
      <vdW>
        <vdw_corr>none</vdw_corr>
        <non_local_term>VDW2</non_local_term>
      </vdW>
    </dft>
    <magnetization>
      <lsda>false</lsda>
      <noncolin>false</noncolin>
      <spinorbit>false</spinorbit>
      <absolute>0.000000000000000e0</absolute>
    </magnetization>
    <total_energy>
      <etot>-7.379713439701210e2</etot>
      <eband>-1.648449982556634e2</eband>
      <ehart>1.194584758161979e3</ehart>
      <vtxc>-1.284787543102679e2</vtxc>
      <etxc>-1.012369849294880e2</etxc>
      <ewald>5.942824738447598e2</ewald>
      <demet>-6.032221038044010e-2</demet>
      <efieldcorr>7.064102312914635e-6</efieldcorr>
    </total_energy>
    <band_structure>
      <lsda>false</lsda>
      <noncolin>false</noncolin>
      <spinorbit>false</spinorbit>
      <nbnd>104</nbnd>
      <nelec>1.680000000000000e2</nelec>
      <num_of_atomic_wfc>144</num_of_atomic_wfc>
      <wf_collected>true</wf_collected>
      <fermi_energy>-1.036431096055175e-1</fermi_energy>
      <starting_k_points>
        <monkhorst_pack nk1="4" nk2="4" nk3="1" k1="0" k2="0" k3="0">Monkhorst-Pack</monkhorst_pack>
      </starting_k_points>
      <nks>10</nks>
      <occupations_kind>smearing</occupations_kind>
      <smearing degauss="3.674932379085e-3">fd</smearing>
      <ks_energies>
        <k_point weight="1.250000000000e-1">0.000000000000000e0 0.000000000000000e0 0.000000000000000e0</k_point>
        <npw>257583</npw>
        <eigenvalues size="104">
          -2.229853268535388e0 -2.228689506270462e0 -2.227542070979974e0 -2.227372493260237e0 -2.226893835572999e0
          -2.226565926056473e0 -2.225850559418171e0 -2.225775614469811e0 -2.225302938054273e0 -2.225162559488952e0
          -2.224890237046832e0 -2.224357742661995e0 -1.362435595884157e0 -1.361953888874956e0 -1.359999749203532e0
          -1.359466768311533e0 -1.359105188207447e0 -1.358621065755755e0 -1.358426154292044e0 -1.358202180655842e0
          -1.358151847563751e0 -1.357941485092846e0 -1.357436007746197e0 -1.356845723602834e0 -1.356403990256202e0
          -1.356326182103704e0 -1.355660334949897e0 -1.355260891625353e0 -1.355002685654868e0 -1.354976927022548e0
          -1.353859201637789e0 -1.353810684083192e0 -1.353561596415015e0 -1.353077577174931e0 -1.353038632173730e0
          -1.352821289769299e0 -1.352347759599504e0 -1.351564552347791e0 -1.350733065548222e0 -1.350574469066352e0
          -1.349574336687503e0 -1.349204930071640e0 -1.348754127451474e0 -1.348398451259162e0 -1.347959734133084e0
          -1.346046958232020e0 -1.345231472178542e0 -1.345226540322342e0 -4.611223129291936e-1 -4.370248436903545e-1
          -4.327705167179440e-1 -4.141424328498688e-1 -4.053491980995343e-1 -3.980598773172940e-1 -2.264383005326999e-1
          -2.124453867008685e-1 -2.069054809333757e-1 -2.017634639051608e-1 -1.917211677245353e-1 -1.908550801989326e-1
          -1.731209834971895e-1 -1.714999271612217e-1 -1.693729826591285e-1 -1.636067449468417e-1 -1.578181003533930e-1
          -1.530030572847863e-1 -1.503352461939042e-1 -1.474660636119974e-1 -1.404729413858592e-1 -1.363089048086054e-1
          -1.324941286356052e-1 -1.293917269630608e-1 -1.265091909878969e-1 -1.222405481076039e-1 -1.207646610018314e-1
          -1.191092443735418e-1 -1.177630947276163e-1 -1.154090794032198e-1 -1.127307920092373e-1 -1.094944535657591e-1
          -1.079479925735710e-1 -1.058570016613799e-1 -1.044307340943458e-1 -1.042394620834476e-1 -1.034214751107569e-1
          -1.015365675293032e-1 -9.991442053535383e-2 -9.762632605327571e-2 -9.724387245604673e-2 -9.576441503412065e-2
          -9.473014934981403e-2 -9.350725786550402e-2 -9.275781301747820e-2 -9.154747121736250e-2 -9.023700108380348e-2
          -8.889708458988963e-2 -8.688837073047399e-2 -8.625823466997373e-2 -8.496017452491033e-2 -8.443784983876208e-2
          -8.329734099352613e-2 -8.281684773211522e-2 -8.060920270196171e-2 -8.001320766254610e-2
          </eigenvalues>
        <occupations size="104">
          1.000000000000000e0 1.000000000000000e0 1.000000000000000e0 1.000000000000000e0 1.000000000000000e0
          1.000000000000000e0 1.000000000000000e0 1.000000000000000e0 1.000000000000000e0 1.000000000000000e0
          1.000000000000000e0 1.000000000000000e0 1.000000000000000e0 1.000000000000000e0 1.000000000000000e0
          1.000000000000000e0 1.000000000000000e0 1.000000000000000e0 1.000000000000000e0 1.000000000000000e0
          1.000000000000000e0 1.000000000000000e0 1.000000000000000e0 1.000000000000000e0 1.000000000000000e0
          1.000000000000000e0 1.000000000000000e0 1.000000000000000e0 1.000000000000000e0 1.000000000000000e0
          1.000000000000000e0 1.000000000000000e0 1.000000000000000e0 1.000000000000000e0 1.000000000000000e0
          1.000000000000000e0 1.000000000000000e0 1.000000000000000e0 1.000000000000000e0 1.000000000000000e0
          1.000000000000000e0 1.000000000000000e0 1.000000000000000e0 1.000000000000000e0 1.000000000000000e0
          1.000000000000000e0 1.000000000000000e0 1.000000000000000e0 1.000000000000000e0 1.000000000000000e0
          1.000000000000000e0 1.000000000000000e0 1.000000000000000e0 1.000000000000000e0 9.999999999999968e-1
          9.999999999998613e-1 9.999999999993738e-1 9.999999999974627e-1 9.999999999609921e-1 9.999999999506255e-1
          9.999999938443274e-1 9.999999904314095e-1 9.999999829311191e-1 9.999999180319078e-1 9.999996039659836e-1
          9.999985318785383e-1 9.999969658526419e-1 9.999933761870455e-1 9.999555858192913e-1 9.998620960632627e-1
          9.996106964788035e-1 9.990948962028549e-1 9.980190136503072e-1 9.936983400706417e-1 9.906131216928971e-1
          9.853498976749869e-1 9.790048167572721e-1 9.608975753924030e-1 9.222189077502401e-1 8.309298609929638e-1
          7.634012808895037e-1 6.462122131385782e-1 5.533767196012587e-1 5.404801494701104e-1 4.849271144642302e-1
          3.604943261353664e-1 2.660751326786271e-1 1.628395838687992e-1 1.491452129613602e-1 1.049024424230286e-1
          8.126069737362062e-2 5.963050279922538e-2 4.917054408453363e-2 3.586772146621647e-2 2.538243360453483e-2
          1.776504730916382e-2 1.036197376758021e-2 8.743478366730972e-3 6.157637624632651e-3 5.346154926808000e-3
          3.925354875508109e-3 3.445913735338384e-3 1.892721356433906e-3 1.609817083986004e-3
          </occupations>
      </ks_energies>
      <ks_energies>
        <k_point weight="2.500000000000e-1">0.000000000000000e0 1.470588235294118e-2 0.000000000000000e0</k_point>
        <npw>257667</npw>
        <eigenvalues size="104">
          -2.229853279895036e0 -2.228689518744282e0 -2.227542082099784e0 -2.227372506285905e0 -2.226893850108281e0
          -2.226565933238084e0 -2.225850573059538e0 -2.225775625357780e0 -2.225302947749505e0 -2.225162569000030e0
          -2.224890247721836e0 -2.224357750286206e0 -1.362435595883413e0 -1.361953888948424e0 -1.359999749419964e0
          -1.359466768329603e0 -1.359105188296397e0 -1.358621065891395e0 -1.358426154348933e0 -1.358202180663441e0
          -1.358151847641059e0 -1.357941485124816e0 -1.357436007807510e0 -1.356845723661510e0 -1.356403990188164e0
          -1.356326182340138e0 -1.355660335078248e0 -1.355260891726644e0 -1.355002686234317e0 -1.354976927053896e0
          -1.353859202032430e0 -1.353810684216234e0 -1.353561596499008e0 -1.353077577320249e0 -1.353038632376001e0
          -1.352821289913496e0 -1.352347759829926e0 -1.351564552497117e0 -1.350733065809551e0 -1.350574468909847e0
          -1.349574336892533e0 -1.349204929766866e0 -1.348754127506897e0 -1.348398451201933e0 -1.347959734126881e0
          -1.346046958282511e0 -1.345231472388471e0 -1.345226540593976e0 -4.611223213166556e-1 -4.370248453062877e-1
          -4.327705273551580e-1 -4.141424279039812e-1 -4.053492051379783e-1 -3.980598805389692e-1 -2.264382432137347e-1
          -2.124454511224373e-1 -2.069055776360378e-1 -2.017635335058754e-1 -1.917214089265202e-1 -1.908551275608141e-1
          -1.731213915921385e-1 -1.714985651374360e-1 -1.693725850239095e-1 -1.636058299278382e-1 -1.578183233207334e-1
          -1.530035418580505e-1 -1.503341995326164e-1 -1.474660022470690e-1 -1.404766009575247e-1 -1.363077466868478e-1
          -1.325025629409176e-1 -1.293918221960948e-1 -1.265109713538482e-1 -1.222364880341073e-1 -1.207513806835833e-1
          -1.191130053278982e-1 -1.177650240462658e-1 -1.154138038211023e-1 -1.127307566960197e-1 -1.094936836203006e-1
          -1.079474474494224e-1 -1.058567393852668e-1 -1.044315563095081e-1 -1.042391817318808e-1 -1.034190896452917e-1
          -1.015365129980918e-1 -9.991216242733524e-2 -9.762466072582054e-2 -9.724287346808335e-2 -9.576576692255795e-2
          -9.472914500745729e-2 -9.350433452491959e-2 -9.275796741225719e-2 -9.154279860711288e-2 -9.023926708005540e-2
          -8.889755432119594e-2 -8.689010409264693e-2 -8.625360001162232e-2 -8.495679787626210e-2 -8.445041071691429e-2
          -8.329346465001649e-2 -8.281046239230667e-2 -8.056545109841785e-2 -7.998205719132180e-2
          </eigenvalues>
        <occupations size="104">
          1.000000000000000e0 1.000000000000000e0 1.000000000000000e0 1.000000000000000e0 1.000000000000000e0
          1.000000000000000e0 1.000000000000000e0 1.000000000000000e0 1.000000000000000e0 1.000000000000000e0
          1.000000000000000e0 1.000000000000000e0 1.000000000000000e0 1.000000000000000e0 1.000000000000000e0
          1.000000000000000e0 1.000000000000000e0 1.000000000000000e0 1.000000000000000e0 1.000000000000000e0
          1.000000000000000e0 1.000000000000000e0 1.000000000000000e0 1.000000000000000e0 1.000000000000000e0
          1.000000000000000e0 1.000000000000000e0 1.000000000000000e0 1.000000000000000e0 1.000000000000000e0
          1.000000000000000e0 1.000000000000000e0 1.000000000000000e0 1.000000000000000e0 1.000000000000000e0
          1.000000000000000e0 1.000000000000000e0 1.000000000000000e0 1.000000000000000e0 1.000000000000000e0
          1.000000000000000e0 1.000000000000000e0 1.000000000000000e0 1.000000000000000e0 1.000000000000000e0
          1.000000000000000e0 1.000000000000000e0 1.000000000000000e0 1.000000000000000e0 1.000000000000000e0
          1.000000000000000e0 1.000000000000000e0 1.000000000000000e0 1.000000000000000e0 9.999999999999968e-1
          9.999999999998613e-1 9.999999999993738e-1 9.999999999974627e-1 9.999999999609948e-1 9.999999999506260e-1
          9.999999938450108e-1 9.999999904278624e-1 9.999999829292722e-1 9.999999180114962e-1 9.999996039900113e-1
          9.999985320721104e-1 9.999969649883626e-1 9.999933760764392e-1 9.999556300238506e-1 9.998620526032296e-1
          9.996115885947500e-1 9.990949196363884e-1 9.980199712311464e-1 9.936914180805747e-1 9.905794585554874e-1
          9.853646637184136e-1 9.790156049798435e-1 9.609458504082944e-1 9.222182184669347e-1 8.309004254537090e-1
          7.633744874596972e-1 6.461958964540604e-1 5.534320155332568e-1 5.404612025335388e-1 4.847649839823659e-1
          3.604909052562346e-1 2.659551582149190e-1 1.627778174243822e-1 1.491107197009948e-1 1.049369894433078e-1
          8.124029618050825e-2 5.958591203287878e-2 4.917250834522211e-2 3.582377799692720e-2 2.539769184416507e-2
          1.776727784228332e-2 1.036681169254918e-2 8.732554670142502e-3 6.152017174459922e-3 5.364361098134180e-3
          3.921232794866786e-3 3.439952101640431e-3 1.870363220482443e-3 1.596250870072258e-3
          </occupations>
      </ks_energies>
      <ks_energies>
        <k_point weight="1.250000000000e-1">0.000000000000000e0 -2.941176470588236e-2 0.000000000000000e0</k_point>
        <npw>257754</npw>
        <eigenvalues size="104">
          -2.229853289814552e0 -2.228689530030888e0 -2.227542091281234e0 -2.227372520756627e0 -2.226893858993562e0
          -2.226565941475665e0 -2.225850586306032e0 -2.225775633427821e0 -2.225302955376578e0 -2.225162577427245e0
          -2.224890256512496e0 -2.224357758893135e0 -1.362435595952177e0 -1.361953889075850e0 -1.359999749676645e0
          -1.359466768816591e0 -1.359105188483170e0 -1.358621066131607e0 -1.358426154633564e0 -1.358202180998770e0
          -1.358151847967489e0 -1.357941485519169e0 -1.357436008195048e0 -1.356845723834769e0 -1.356403990266618e0
          -1.356326182510720e0 -1.355660335248045e0 -1.355260891869250e0 -1.355002686533079e0 -1.354976927161411e0
          -1.353859202465075e0 -1.353810684431108e0 -1.353561596672003e0 -1.353077577719316e0 -1.353038632622339e0
          -1.352821290074719e0 -1.352347760115438e0 -1.351564552840352e0 -1.350733066121804e0 -1.350574469093762e0
          -1.349574337149415e0 -1.349204929548259e0 -1.348754127820706e0 -1.348398451243390e0 -1.347959734343235e0
          -1.346046958423994e0 -1.345231472850182e0 -1.345226540896178e0 -4.611223233284525e-1 -4.370248478358269e-1
          -4.327705315407032e-1 -4.141424261274898e-1 -4.053492013261689e-1 -3.980598870936128e-1 -2.264382214228471e-1
          -2.124455251613787e-1 -2.069056670497293e-1 -2.017636184990282e-1 -1.917216498410659e-1 -1.908551801440381e-1
          -1.731218043550871e-1 -1.714971985391588e-1 -1.693721899591605e-1 -1.636048954834072e-1 -1.578185286931584e-1
          -1.530040386421927e-1 -1.503331390805666e-1 -1.474659302303988e-1 -1.404802409001633e-1 -1.363065929795280e-1
          -1.325109744770035e-1 -1.293918862608620e-1 -1.265127362066121e-1 -1.222324398317357e-1 -1.207379848487515e-1
          -1.191168369859510e-1 -1.177669545703802e-1 -1.154185224898538e-1 -1.127307169955046e-1 -1.094928991419692e-1
          -1.079468805849427e-1 -1.058564488867478e-1 -1.044323423382652e-1 -1.042388906440858e-1 -1.034167147735883e-1
          -1.015364292671468e-1 -9.990988350368966e-2 -9.762296757660661e-2 -9.724185210024366e-2 -9.576708531563803e-2
          -9.472813457116464e-2 -9.350141991135036e-2 -9.275811258711213e-2 -9.153810754292927e-2 -9.024152227848464e-2
          -8.889799764002110e-2 -8.689180389182319e-2 -8.624888241309748e-2 -8.495368809642603e-2 -8.446314908610654e-2
          -8.328867760807157e-2 -8.280502765387560e-2 -8.054509244042801e-2 -7.997896099663635e-2
          </eigenvalues>
        <occupations size="104">
          1.000000000000000e0 1.000000000000000e0 1.000000000000000e0 1.000000000000000e0 1.000000000000000e0
          1.000000000000000e0 1.000000000000000e0 1.000000000000000e0 1.000000000000000e0 1.000000000000000e0
          1.000000000000000e0 1.000000000000000e0 1.000000000000000e0 1.000000000000000e0 1.000000000000000e0
          1.000000000000000e0 1.000000000000000e0 1.000000000000000e0 1.000000000000000e0 1.000000000000000e0
          1.000000000000000e0 1.000000000000000e0 1.000000000000000e0 1.000000000000000e0 1.000000000000000e0
          1.000000000000000e0 1.000000000000000e0 1.000000000000000e0 1.000000000000000e0 1.000000000000000e0
          1.000000000000000e0 1.000000000000000e0 1.000000000000000e0 1.000000000000000e0 1.000000000000000e0
          1.000000000000000e0 1.000000000000000e0 1.000000000000000e0 1.000000000000000e0 1.000000000000000e0
          1.000000000000000e0 1.000000000000000e0 1.000000000000000e0 1.000000000000000e0 1.000000000000000e0
          1.000000000000000e0 1.000000000000000e0 1.000000000000000e0 1.000000000000000e0 1.000000000000000e0
          1.000000000000000e0 1.000000000000000e0 1.000000000000000e0 1.000000000000000e0 9.999999999999968e-1
          9.999999999998613e-1 9.999999999993738e-1 9.999999999974627e-1 9.999999999609974e-1 9.999999999506269e-1
          9.999999938457020e-1 9.999999904243021e-1 9.999999829274369e-1 9.999999179906458e-1 9.999996040121415e-1
          9.999985322705340e-1 9.999969641124448e-1 9.999933759466316e-1 9.999556739476674e-1 9.998620092952377e-1
          9.996124762670537e-1 9.990949354001557e-1 9.980209200121781e-1 9.936845088075527e-1 9.905453814689070e-1
          9.853796922766131e-1 9.790263945132708e-1 9.609940096027863e-1 9.222174435407192e-1 8.308704301148444e-1
          7.633466232490623e-1 6.461778236037854e-1 5.534848766070870e-1 5.404415298891108e-1 4.846035767011324e-1
          3.604856526324233e-1 2.658341127871110e-1 1.627150384305675e-1 1.490754605061050e-1 1.049706901746169e-1
          8.121977591303541e-2 5.954148547616038e-2 4.917435537490984e-2 3.577971312495627e-2 2.541288624524501e-2
          1.776938320718191e-2 1.037155811165423e-2 8.721449379692475e-3 6.146845438898348e-3 5.382887510351171e-3
          3.916148232525090e-3 3.434886088901201e-3 1.860049513850386e-3 1.594908711266410e-3
          </occupations>
      </ks_energies>
      <ks_energies>
        <k_point weight="2.500000000000e-1">1.470588235294118e-2 0.000000000000000e0 0.000000000000000e0</k_point>
        <npw>257667</npw>
        <eigenvalues size="104">
          -2.229853279691657e0 -2.228689519653642e0 -2.227542083480929e0 -2.227372506031149e0 -2.226893846903625e0
          -2.226565935866879e0 -2.225850573012950e0 -2.225775622663985e0 -2.225302947480614e0 -2.225162569351164e0
          -2.224890243889741e0 -2.224357750435897e0 -1.362435595765743e0 -1.361953888849738e0 -1.359999749460287e0
          -1.359466768239753e0 -1.359105188227209e0 -1.358621065636506e0 -1.358426154231979e0 -1.358202180605059e0
          -1.358151847752090e0 -1.357941485047758e0 -1.357436007763907e0 -1.356845723682688e0 -1.356403990088510e0
          -1.356326182432324e0 -1.355660335131756e0 -1.355260891958135e0 -1.355002686433152e0 -1.354976926975042e0
          -1.353859201783915e0 -1.353810683789694e0 -1.353561596332407e0 -1.353077577137812e0 -1.353038632348814e0
          -1.352821290503641e0 -1.352347759575298e0 -1.351564552321977e0 -1.350733065739977e0 -1.350574468944480e0
          -1.349574336950821e0 -1.349204930024287e0 -1.348754127465883e0 -1.348398451611246e0 -1.347959734153904e0
          -1.346046958521968e0 -1.345231472330828e0 -1.345226540450059e0 -4.611223222603828e-1 -4.370248465128967e-1
          -4.327705205506349e-1 -4.141424252372744e-1 -4.053492194685148e-1 -3.980598703619349e-1 -2.264383025405716e-1
          -2.124452057674505e-1 -2.069055652562206e-1 -2.017633825423635e-1 -1.917212572995917e-1 -1.908554429216660e-1
          -1.731209835180198e-1 -1.715014186244902e-1 -1.693734545658408e-1 -1.636078499371082e-1 -1.578159413241992e-1
          -1.530004623676719e-1 -1.503285052348600e-1 -1.474680059040370e-1 -1.404844602303767e-1 -1.363048266748237e-1
          -1.324918995568427e-1 -1.293908826926943e-1 -1.265101875332699e-1 -1.222437362777410e-1 -1.207687605044467e-1
          -1.191101338284197e-1 -1.177759660641896e-1 -1.154106291850738e-1 -1.127330259213225e-1 -1.094933725320448e-1
          -1.079497731147126e-1 -1.058489819101696e-1 -1.044286071501789e-1 -1.042358503516964e-1 -1.034212981678079e-1
          -1.015413874232813e-1 -9.991563222084249e-2 -9.762692358034728e-2 -9.724335353808883e-2 -9.574253089546275e-2
          -9.471652048449721e-2 -9.350918258632928e-2 -9.273635992508513e-2 -9.155998931988096e-2 -9.023608102653625e-2
          -8.891393377140517e-2 -8.687931073799358e-2 -8.625386607178799e-2 -8.501355941746962e-2 -8.444900498370556e-2
          -8.329816718703942e-2 -8.278282101297350e-2 -8.060660623279027e-2 -7.997840535402714e-2
          </eigenvalues>
        <occupations size="104">
          1.000000000000000e0 1.000000000000000e0 1.000000000000000e0 1.000000000000000e0 1.000000000000000e0
          1.000000000000000e0 1.000000000000000e0 1.000000000000000e0 1.000000000000000e0 1.000000000000000e0
          1.000000000000000e0 1.000000000000000e0 1.000000000000000e0 1.000000000000000e0 1.000000000000000e0
          1.000000000000000e0 1.000000000000000e0 1.000000000000000e0 1.000000000000000e0 1.000000000000000e0
          1.000000000000000e0 1.000000000000000e0 1.000000000000000e0 1.000000000000000e0 1.000000000000000e0
          1.000000000000000e0 1.000000000000000e0 1.000000000000000e0 1.000000000000000e0 1.000000000000000e0
          1.000000000000000e0 1.000000000000000e0 1.000000000000000e0 1.000000000000000e0 1.000000000000000e0
          1.000000000000000e0 1.000000000000000e0 1.000000000000000e0 1.000000000000000e0 1.000000000000000e0
          1.000000000000000e0 1.000000000000000e0 1.000000000000000e0 1.000000000000000e0 1.000000000000000e0
          1.000000000000000e0 1.000000000000000e0 1.000000000000000e0 1.000000000000000e0 1.000000000000000e0
          1.000000000000000e0 1.000000000000000e0 1.000000000000000e0 1.000000000000000e0 9.999999999999968e-1
          9.999999999998613e-1 9.999999999993738e-1 9.999999999974627e-1 9.999999999609932e-1 9.999999999506304e-1
          9.999999938443274e-1 9.999999904352920e-1 9.999999829333110e-1 9.999999180565505e-1 9.999996037332446e-1
          9.999985308415141e-1 9.999969602819895e-1 9.999933796869453e-1 9.999557248086443e-1 9.998619429651583e-1
          9.996104603619941e-1 9.990946884308080e-1 9.980195497053344e-1 9.937037702686499e-1 9.906234890823377e-1
          9.853533911262343e-1 9.790766872039942e-1 9.609134176690478e-1 9.222625004052819e-1 8.308885311800866e-1
          7.634887817863529e-1 6.457131356686348e-1 5.532336714057388e-1 5.402360496815612e-1 4.849150882551474e-1
          3.607967460431687e-1 2.661395243857272e-1 1.628617505518259e-1 1.491272948349093e-1 1.043445965935143e-1
          8.098425234657466e-2 5.965987831937886e-2 4.889833319960421e-2 3.598570361567435e-2 2.537624088520649e-2
          1.784522835818190e-2 1.033672308078608e-2 8.733181396714599e-3 6.247178181139925e-3 5.362320519177008e-3
          3.926234002624745e-3 3.414263222824771e-3 1.891387082840986e-3 1.594667966929542e-3
          </occupations>
      </ks_energies>
      <ks_energies>
        <k_point weight="2.500000000000e-1">1.470588235294118e-2 1.470588235294118e-2 0.000000000000000e0</k_point>
        <npw>257670</npw>
        <eigenvalues size="104">
          -2.229853279241596e0 -2.228689515592424e0 -2.227542083425681e0 -2.227372501507873e0 -2.226893848768093e0
          -2.226565936523037e0 -2.225850570246485e0 -2.225775622876394e0 -2.225302944097597e0 -2.225162572765581e0
          -2.224890247549224e0 -2.224357753495454e0 -1.362435595912281e0 -1.361953889038924e0 -1.359999749496821e0
          -1.359466768485756e0 -1.359105188423567e0 -1.358621065877494e0 -1.358426154435580e0 -1.358202180647070e0
          -1.358151848081309e0 -1.357941485231095e0 -1.357436007953745e0 -1.356845723884465e0 -1.356403990205862e0
          -1.356326182690351e0 -1.355660335337461e0 -1.355260891977155e0 -1.355002686704701e0 -1.354976927196190e0
          -1.353859202157600e0 -1.353810683941848e0 -1.353561596704136e0 -1.353077577447381e0 -1.353038632670439e0
          -1.352821290737499e0 -1.352347760027824e0 -1.351564552575277e0 -1.350733066223427e0 -1.350574469181099e0
          -1.349574337073186e0 -1.349204929945173e0 -1.348754127571206e0 -1.348398451708989e0 -1.347959734314468e0
          -1.346046958558722e0 -1.345231472528445e0 -1.345226540816997e0 -4.611223165198890e-1 -4.370248457885425e-1
          -4.327705317304385e-1 -4.141424188590222e-1 -4.053492252979762e-1 -3.980598764390585e-1 -2.264382267712738e-1
          -2.124452795388281e-1 -2.069056621701390e-1 -2.017634932822921e-1 -1.917214990344972e-1 -1.908554938447530e-1
          -1.731213860898521e-1 -1.715000435831098e-1 -1.693730276984039e-1 -1.636069282527601e-1 -1.578161468730080e-1
          -1.530009666746788e-1 -1.503274285556900e-1 -1.474679553335488e-1 -1.404880835878467e-1 -1.363036536376967e-1
          -1.325003208385996e-1 -1.293909739635037e-1 -1.265119952785802e-1 -1.222396880100861e-1 -1.207554623669453e-1
          -1.191138976625090e-1 -1.177779051541337e-1 -1.154153173579434e-1 -1.127329943085419e-1 -1.094925903832963e-1
          -1.079492109883395e-1 -1.058487509029601e-1 -1.044293531751952e-1 -1.042355929349851e-1 -1.034189011575058e-1
          -1.015413413706993e-1 -9.991337166405124e-2 -9.762516249777534e-2 -9.724233845687012e-2 -9.574378633276535e-2
          -9.471550613927334e-2 -9.350621848023636e-2 -9.273650363147944e-2 -9.155531957903046e-2 -9.023832159029421e-2
          -8.891421928880188e-2 -8.688126349852315e-2 -8.624917159383131e-2 -8.501031472697413e-2 -8.446143060108360e-2
          -8.329494583930462e-2 -8.277666147009723e-2 -8.060050805896088e-2 -7.998501325979692e-2
          </eigenvalues>
        <occupations size="104">
          1.000000000000000e0 1.000000000000000e0 1.000000000000000e0 1.000000000000000e0 1.000000000000000e0
          1.000000000000000e0 1.000000000000000e0 1.000000000000000e0 1.000000000000000e0 1.000000000000000e0
          1.000000000000000e0 1.000000000000000e0 1.000000000000000e0 1.000000000000000e0 1.000000000000000e0
          1.000000000000000e0 1.000000000000000e0 1.000000000000000e0 1.000000000000000e0 1.000000000000000e0
          1.000000000000000e0 1.000000000000000e0 1.000000000000000e0 1.000000000000000e0 1.000000000000000e0
          1.000000000000000e0 1.000000000000000e0 1.000000000000000e0 1.000000000000000e0 1.000000000000000e0
          1.000000000000000e0 1.000000000000000e0 1.000000000000000e0 1.000000000000000e0 1.000000000000000e0
          1.000000000000000e0 1.000000000000000e0 1.000000000000000e0 1.000000000000000e0 1.000000000000000e0
          1.000000000000000e0 1.000000000000000e0 1.000000000000000e0 1.000000000000000e0 1.000000000000000e0
          1.000000000000000e0 1.000000000000000e0 1.000000000000000e0 1.000000000000000e0 1.000000000000000e0
          1.000000000000000e0 1.000000000000000e0 1.000000000000000e0 1.000000000000000e0 9.999999999999968e-1
          9.999999999998613e-1 9.999999999993738e-1 9.999999999974627e-1 9.999999999609956e-1 9.999999999506311e-1
          9.999999938450017e-1 9.999999904317127e-1 9.999999829313285e-1 9.999999180359962e-1 9.999996037554082e-1
          9.999985310431112e-1 9.999969593912873e-1 9.999933795958436e-1 9.999557684390231e-1 9.998618988964541e-1
          9.996113516420191e-1 9.990947108945388e-1 9.980205217461402e-1 9.936968743268896e-1 9.905898175719587e-1
          9.853681649988172e-1 9.790874937269255e-1 9.609613039240653e-1 9.222618836682301e-1 8.308586232461405e-1
          7.634611596975177e-1 6.456987551406534e-1 5.532838465214571e-1 5.402186513707110e-1 4.847521733628150e-1
          3.607938559924484e-1 2.660194013054776e-1 1.627964259933261e-1 1.490922494300897e-1 1.043765277973420e-1
          8.096371190677118e-2 5.961464510211557e-2 4.890015187587272e-2 3.594164804332824e-2 2.539132423888932e-2
          1.784659012119001e-2 1.034216037681480e-2 8.722129712111027e-3 6.241699236957064e-3 5.380384473842162e-3
          3.922807373512267e-3 3.408564869527564e-3 1.888257043849100e-3 1.597533338292982e-3
          </occupations>
      </ks_energies>
      <ks_energies>
        <k_point weight="2.500000000000e-1">1.470588235294118e-2 -2.941176470588236e-2 0.000000000000000e0</k_point>
        <npw>257660</npw>
        <eigenvalues size="104">
          -2.229853278682754e0 -2.228689518095108e0 -2.227542079834943e0 -2.227372504692255e0 -2.226893850486264e0
          -2.226565929100877e0 -2.225850573437306e0 -2.225775622797608e0 -2.225302945374176e0 -2.225162566190993e0
          -2.224890244453798e0 -2.224357746921481e0 -1.362435595960089e0 -1.361953889118085e0 -1.359999749643824e0
          -1.359466768483009e0 -1.359105188532841e0 -1.358621066087409e0 -1.358426154617591e0 -1.358202180899344e0
          -1.358151848205445e0 -1.357941485286431e0 -1.357436008114477e0 -1.356845723983537e0 -1.356403990108055e0
          -1.356326182746255e0 -1.355660335355467e0 -1.355260892075131e0 -1.355002686561856e0 -1.354976927166843e0
          -1.353859202525966e0 -1.353810684088623e0 -1.353561596691550e0 -1.353077577535314e0 -1.353038632892299e0
          -1.352821290792610e0 -1.352347760172330e0 -1.351564552817808e0 -1.350733066295214e0 -1.350574469322263e0
          -1.349574337337313e0 -1.349204929558611e0 -1.348754127838057e0 -1.348398451661622e0 -1.347959734310791e0
          -1.346046958630951e0 -1.345231472870090e0 -1.345226540956194e0 -4.611223202001517e-1 -4.370248450810855e-1
          -4.327705294371861e-1 -4.141424188228038e-1 -4.053492124923197e-1 -3.980598650502161e-1 -2.264381987704623e-1
          -2.124453168078426e-1 -2.069057337870193e-1 -2.017635454305041e-1 -1.917217229015820e-1 -1.908555425816912e-1
          -1.731217756725640e-1 -1.714986837298226e-1 -1.693726368701693e-1 -1.636059741081855e-1 -1.578163459319977e-1
          -1.530014558490045e-1 -1.503263456817509e-1 -1.474678360657903e-1 -1.404917204643998e-1 -1.363024923402048e-1
          -1.325086956640044e-1 -1.293910421095370e-1 -1.265136916587884e-1 -1.222356245464143e-1 -1.207421093501179e-1
          -1.191177165050792e-1 -1.177798589721039e-1 -1.154200627210175e-1 -1.127329537853681e-1 -1.094918013600378e-1
          -1.079486244549755e-1 -1.058485155384659e-1 -1.044301301264636e-1 -1.042352926261499e-1 -1.034164791758872e-1
          -1.015412500014189e-1 -9.991111285047564e-2 -9.762333112925933e-2 -9.724133405936644e-2 -9.574490232974529e-2
          -9.471466525560032e-2 -9.350333905386822e-2 -9.273666599716799e-2 -9.155073071880054e-2 -9.024056742214503e-2
          -8.891471330731155e-2 -8.688268902685536e-2 -8.624429017015395e-2 -8.500702404642642e-2 -8.447284040299706e-2
          -8.329097544124096e-2 -8.277019982803894e-2 -8.056515332664349e-2 -7.997563782040689e-2
          </eigenvalues>
        <occupations size="104">
          1.000000000000000e0 1.000000000000000e0 1.000000000000000e0 1.000000000000000e0 1.000000000000000e0
          1.000000000000000e0 1.000000000000000e0 1.000000000000000e0 1.000000000000000e0 1.000000000000000e0
          1.000000000000000e0 1.000000000000000e0 1.000000000000000e0 1.000000000000000e0 1.000000000000000e0
          1.000000000000000e0 1.000000000000000e0 1.000000000000000e0 1.000000000000000e0 1.000000000000000e0
          1.000000000000000e0 1.000000000000000e0 1.000000000000000e0 1.000000000000000e0 1.000000000000000e0
          1.000000000000000e0 1.000000000000000e0 1.000000000000000e0 1.000000000000000e0 1.000000000000000e0
          1.000000000000000e0 1.000000000000000e0 1.000000000000000e0 1.000000000000000e0 1.000000000000000e0
          1.000000000000000e0 1.000000000000000e0 1.000000000000000e0 1.000000000000000e0 1.000000000000000e0
          1.000000000000000e0 1.000000000000000e0 1.000000000000000e0 1.000000000000000e0 1.000000000000000e0
          1.000000000000000e0 1.000000000000000e0 1.000000000000000e0 1.000000000000000e0 1.000000000000000e0
          1.000000000000000e0 1.000000000000000e0 1.000000000000000e0 1.000000000000000e0 9.999999999999968e-1
          9.999999999998613e-1 9.999999999993738e-1 9.999999999974627e-1 9.999999999609981e-1 9.999999999506317e-1
          9.999999938456540e-1 9.999999904281712e-1 9.999999829295131e-1 9.999999180147126e-1 9.999996037768708e-1
          9.999985312386322e-1 9.999969584951971e-1 9.999933793809801e-1 9.999558121889571e-1 9.998618552549303e-1
          9.996122359836011e-1 9.990947276663963e-1 9.980214334718774e-1 9.936899449526384e-1 9.905558865982698e-1
          9.853831397872034e-1 9.790983768043469e-1 9.610097170147881e-1 9.222610930908301e-1 8.308284481754390e-1
          7.634323359104203e-1 6.456841030945756e-1 5.533361004782385e-1 5.401983539380842e-1 4.845875645646661e-1
          3.607881221015774e-1 2.658994053907062e-1 1.627285166784903e-1 1.490575795638070e-1 1.044049196777096e-1
          8.094668765640742e-2 5.957073488416449e-2 4.890220677204143e-2 3.589840610592969e-2 2.540645181957871e-2
          1.784894656233096e-2 1.034613142659486e-2 8.710652623731120e-3 6.236147511550536e-3 5.397024966612359e-3
          3.918588058682792e-3 3.402597222818438e-3 1.870211958582070e-3 1.593469412622872e-3
          </occupations>
      </ks_energies>
      <ks_energies>
        <k_point weight="2.500000000000e-1">1.470588235294118e-2 -1.470588235294118e-2 0.000000000000000e0</k_point>
        <npw>257670</npw>
        <eigenvalues size="104">
          -2.229853277983430e0 -2.228689517162193e0 -2.227542081490982e0 -2.227372503034073e0 -2.226893843883747e0
          -2.226565942403466e0 -2.225850566310473e0 -2.225775622136247e0 -2.225302955105662e0 -2.225162571486693e0
          -2.224890243270299e0 -2.224357753078921e0 -1.362435596019985e0 -1.361953889045050e0 -1.359999749482825e0
          -1.359466768455272e0 -1.359105188301812e0 -1.358621065908064e0 -1.358426154586304e0 -1.358202180575942e0
          -1.358151847941286e0 -1.357941485217948e0 -1.357436008000187e0 -1.356845723835226e0 -1.356403990224655e0
          -1.356326182482536e0 -1.355660335304266e0 -1.355260892051456e0 -1.355002686533064e0 -1.354976927109056e0
          -1.353859202055514e0 -1.353810684032349e0 -1.353561596507459e0 -1.353077577424207e0 -1.353038632699719e0
          -1.352821290587252e0 -1.352347759832128e0 -1.351564552582945e0 -1.350733066013976e0 -1.350574469140469e0
          -1.349574337300430e0 -1.349204930028588e0 -1.348754127779060e0 -1.348398451698872e0 -1.347959734208447e0
          -1.346046958660780e0 -1.345231472665480e0 -1.345226540726121e0 -4.611223149898970e-1 -4.370248543695071e-1
          -4.327705235056198e-1 -4.141424220782200e-1 -4.053492250345670e-1 -3.980598760838498e-1 -2.264382291742527e-1
          -2.124452792969642e-1 -2.069056688096452e-1 -2.017634825645647e-1 -1.917214913897653e-1 -1.908555039974745e-1
          -1.731213799644363e-1 -1.715000702215275e-1 -1.693730319767154e-1 -1.636069046833772e-1 -1.578161434357822e-1
          -1.530009741326172e-1 -1.503274476407444e-1 -1.474679437226173e-1 -1.404880922716523e-1 -1.363036903198711e-1
          -1.325002951530200e-1 -1.293909942771630e-1 -1.265119294779910e-1 -1.222396484460822e-1 -1.207554764771581e-1
          -1.191138929899117e-1 -1.177779332447298e-1 -1.154153709029520e-1 -1.127329828334585e-1 -1.094926047634877e-1
          -1.079492032403456e-1 -1.058487425089416e-1 -1.044293655455073e-1 -1.042355657544121e-1 -1.034189011751907e-1
          -1.015413291567428e-1 -9.991339150883086e-2 -9.762510020778691e-2 -9.724235153138903e-2 -9.574361255830610e-2
          -9.471566677667697e-2 -9.350629536831084e-2 -9.273651602484573e-2 -9.155541786632782e-2 -9.023831440282748e-2
          -8.891441858757329e-2 -8.688072273982886e-2 -8.624908490051507e-2 -8.501059547824601e-2 -8.446133519358304e-2
          -8.329463560158166e-2 -8.277608537859747e-2 -8.059589615958476e-2 -7.998613184249894e-2
          </eigenvalues>
        <occupations size="104">
          1.000000000000000e0 1.000000000000000e0 1.000000000000000e0 1.000000000000000e0 1.000000000000000e0
          1.000000000000000e0 1.000000000000000e0 1.000000000000000e0 1.000000000000000e0 1.000000000000000e0
          1.000000000000000e0 1.000000000000000e0 1.000000000000000e0 1.000000000000000e0 1.000000000000000e0
          1.000000000000000e0 1.000000000000000e0 1.000000000000000e0 1.000000000000000e0 1.000000000000000e0
          1.000000000000000e0 1.000000000000000e0 1.000000000000000e0 1.000000000000000e0 1.000000000000000e0
          1.000000000000000e0 1.000000000000000e0 1.000000000000000e0 1.000000000000000e0 1.000000000000000e0
          1.000000000000000e0 1.000000000000000e0 1.000000000000000e0 1.000000000000000e0 1.000000000000000e0
          1.000000000000000e0 1.000000000000000e0 1.000000000000000e0 1.000000000000000e0 1.000000000000000e0
          1.000000000000000e0 1.000000000000000e0 1.000000000000000e0 1.000000000000000e0 1.000000000000000e0
          1.000000000000000e0 1.000000000000000e0 1.000000000000000e0 1.000000000000000e0 1.000000000000000e0
          1.000000000000000e0 1.000000000000000e0 1.000000000000000e0 1.000000000000000e0 9.999999999999968e-1
          9.999999999998613e-1 9.999999999993738e-1 9.999999999974627e-1 9.999999999609956e-1 9.999999999506311e-1
          9.999999938449912e-1 9.999999904317820e-1 9.999999829313483e-1 9.999999180354708e-1 9.999996037550376e-1
          9.999985310460922e-1 9.999969594070778e-1 9.999933795749264e-1 9.999557685435370e-1 9.998619002747445e-1
          9.996113489266458e-1 9.990947158940962e-1 9.980204863729270e-1 9.936968068953490e-1 9.905898533630792e-1
          9.853681466669544e-1 9.790876502353070e-1 9.609618505219245e-1 9.222616597985162e-1 8.308591731563013e-1
          7.634607789565823e-1 6.456982325960816e-1 5.532846784976058e-1 5.402168142812364e-1 4.847521745647676e-1
          3.607930895017529e-1 2.660204556811310e-1 1.627941158317533e-1 1.490927007811367e-1 1.043721074460858e-1
          8.096696448948359e-2 5.961581803308738e-2 4.890030872312499e-2 3.594257477656653e-2 2.539127583929555e-2
          1.784754072861785e-2 1.034065439681432e-2 8.721925750148232e-3 6.242173121310625e-3 5.380245543239286e-3
          3.922477523090781e-3 3.408032397226328e-3 1.885893306077727e-3 1.598018895280492e-3
          </occupations>
      </ks_energies>
      <ks_energies>
        <k_point weight="1.250000000000e-1">-2.941176470588236e-2 0.000000000000000e0 0.000000000000000e0</k_point>
        <npw>257754</npw>
        <eigenvalues size="104">
          -2.229853289800921e0 -2.228689529267821e0 -2.227542093501347e0 -2.227372514687277e0 -2.226893858561191e0
          -2.226565947100275e0 -2.225850581639317e0 -2.225775634370248e0 -2.225302959787843e0 -2.225162580401227e0
          -2.224890254807027e0 -2.224357760801101e0 -1.362435595989280e0 -1.361953888988569e0 -1.359999749614395e0
          -1.359466768254940e0 -1.359105188271472e0 -1.358621065683632e0 -1.358426154380725e0 -1.358202180504848e0
          -1.358151848158856e0 -1.357941485210391e0 -1.357436007930118e0 -1.356845723709654e0 -1.356403990432644e0
          -1.356326182710912e0 -1.355660335373170e0 -1.355260892255350e0 -1.355002686749176e0 -1.354976927133724e0
          -1.353859201772186e0 -1.353810683655290e0 -1.353561596283481e0 -1.353077577182349e0 -1.353038632406962e0
          -1.352821291108752e0 -1.352347759608286e0 -1.351564552276965e0 -1.350733065908921e0 -1.350574468998250e0
          -1.349574337055903e0 -1.349204930168586e0 -1.348754127506034e0 -1.348398452001474e0 -1.347959734108458e0
          -1.346046958715879e0 -1.345231472524544e0 -1.345226540586405e0 -4.611223297841885e-1 -4.370248538506272e-1
          -4.327705257336836e-1 -4.141424340191194e-1 -4.053492471486203e-1 -3.980598668603391e-1 -2.264382534086206e-1
          -2.124449941510533e-1 -2.069056422043404e-1 -2.017633344609493e-1 -1.917213325716359e-1 -1.908558215479076e-1
          -1.731209868665239e-1 -1.715029120414687e-1 -1.693739086042062e-1 -1.636089511501588e-1 -1.578137918280981e-1
          -1.529979172100721e-1 -1.503217187719154e-1 -1.474699926314101e-1 -1.404959883915979e-1 -1.363007912441968e-1
          -1.324896786637022e-1 -1.293900497140631e-1 -1.265111867797289e-1 -1.222469530680998e-1 -1.207728643856547e-1
          -1.191110387475210e-1 -1.177888193132433e-1 -1.154121725917990e-1 -1.127352744198807e-1 -1.094923017720525e-1
          -1.079515601520155e-1 -1.058411207040451e-1 -1.044264536244535e-1 -1.042321558153122e-1 -1.034211748211054e-1
          -1.015461830435158e-1 -9.991691485777386e-2 -9.762706224751023e-2 -9.724306653379477e-2 -9.572101723209839e-2
          -9.470269003898380e-2 -9.351109364665394e-2 -9.271389542729548e-2 -9.157334161484407e-2 -9.023503781707539e-2
          -8.893098425875181e-2 -8.687015006852004e-2 -8.624853365836117e-2 -8.506699366206638e-2 -8.445605702464992e-2
          -8.330041904716607e-2 -8.274708159580278e-2 -8.060833545504364e-2 -7.994473355447801e-2
          </eigenvalues>
        <occupations size="104">
          1.000000000000000e0 1.000000000000000e0 1.000000000000000e0 1.000000000000000e0 1.000000000000000e0
          1.000000000000000e0 1.000000000000000e0 1.000000000000000e0 1.000000000000000e0 1.000000000000000e0
          1.000000000000000e0 1.000000000000000e0 1.000000000000000e0 1.000000000000000e0 1.000000000000000e0
          1.000000000000000e0 1.000000000000000e0 1.000000000000000e0 1.000000000000000e0 1.000000000000000e0
          1.000000000000000e0 1.000000000000000e0 1.000000000000000e0 1.000000000000000e0 1.000000000000000e0
          1.000000000000000e0 1.000000000000000e0 1.000000000000000e0 1.000000000000000e0 1.000000000000000e0
          1.000000000000000e0 1.000000000000000e0 1.000000000000000e0 1.000000000000000e0 1.000000000000000e0
          1.000000000000000e0 1.000000000000000e0 1.000000000000000e0 1.000000000000000e0 1.000000000000000e0
          1.000000000000000e0 1.000000000000000e0 1.000000000000000e0 1.000000000000000e0 1.000000000000000e0
          1.000000000000000e0 1.000000000000000e0 1.000000000000000e0 1.000000000000000e0 1.000000000000000e0
          1.000000000000000e0 1.000000000000000e0 1.000000000000000e0 1.000000000000000e0 9.999999999999968e-1
          9.999999999998613e-1 9.999999999993738e-1 9.999999999974625e-1 9.999999999609939e-1 9.999999999506352e-1
          9.999999938443329e-1 9.999999904391782e-1 9.999999829354195e-1 9.999999180811017e-1 9.999996035013973e-1
          9.999985298236641e-1 9.999969546634018e-1 9.999933832650017e-1 9.999558634749548e-1 9.998617913029001e-1
          9.996102249698890e-1 9.990944833909181e-1 9.980200870679536e-1 9.937092445011642e-1 9.906338561847374e-1
          9.853569444730660e-1 9.791482163753738e-1 9.609291886579021e-1 9.223063551084337e-1 8.308475862174436e-1
          7.635765794624105e-1 6.452236164701965e-1 5.530888264796722e-1 5.399863335470357e-1 4.849067048105688e-1
          3.610977525319777e-1 2.662076974331733e-1 1.628668950863610e-1 1.491173854003566e-1 1.037987508475640e-1
          8.070459546129545e-2 5.968905875855267e-2 4.861482144135491e-2 3.611195971434839e-2 2.536922103354778e-2
          1.792672905600712e-2 1.031125371123925e-2 8.720628962245250e-3 6.338097054153384e-3 5.372565129402153e-3
          3.928631133589981e-3 3.381331530827092e-3 1.892275591123511e-3 1.580146437886547e-3
          </occupations>
      </ks_energies>
      <ks_energies>
        <k_point weight="2.500000000000e-1">-2.941176470588236e-2 1.470588235294118e-2 0.000000000000000e0</k_point>
        <npw>257660</npw>
        <eigenvalues size="104">
          -2.229853277427588e0 -2.228689514842808e0 -2.227542081147279e0 -2.227372499048136e0 -2.226893848847736e0
          -2.226565933514467e0 -2.225850567521609e0 -2.225775624226195e0 -2.225302947212956e0 -2.225162568607060e0
          -2.224890245073201e0 -2.224357749271626e0 -1.362435596045745e0 -1.361953889184325e0 -1.359999749484679e0
          -1.359466768643446e0 -1.359105188435052e0 -1.358621065955788e0 -1.358426154535668e0 -1.358202180656688e0
          -1.358151848224465e0 -1.357941485412447e0 -1.357436008179490e0 -1.356845723976753e0 -1.356403990349919e0
          -1.356326182815387e0 -1.355660335428195e0 -1.355260892307634e0 -1.355002686908388e0 -1.354976927114709e0
          -1.353859202131835e0 -1.353810683679852e0 -1.353561596619641e0 -1.353077577433890e0 -1.353038632788532e0
          -1.352821291437480e0 -1.352347760036590e0 -1.351564552692170e0 -1.350733066298180e0 -1.350574469303418e0
          -1.349574337390492e0 -1.349204930131461e0 -1.348754127756790e0 -1.348398452162858e0 -1.347959734419542e0
          -1.346046958909902e0 -1.345231472618248e0 -1.345226540854752e0 -4.611223160055633e-1 -4.370248420072450e-1
          -4.327705245991467e-1 -4.141424168971683e-1 -4.053492376169779e-1 -3.980598550899281e-1 -2.264382185725328e-1
          -2.124450776101766e-1 -2.069057256097504e-1 -2.017634072599673e-1 -1.917215581635029e-1 -1.908558538323295e-1
          -1.731213745500990e-1 -1.715015254851590e-1 -1.693734714277302e-1 -1.636079872688891e-1 -1.578139696099551e-1
          -1.529983901189152e-1 -1.503206233720561e-1 -1.474698700648803e-1 -1.404995850521429e-1 -1.362995914021492e-1
          -1.324980237333676e-1 -1.293901025196708e-1 -1.265129063496859e-1 -1.222428491353656e-1 -1.207595494902550e-1
          -1.191147657577137e-1 -1.177907601313707e-1 -1.154168659029030e-1 -1.127351960459543e-1 -1.094914935235531e-1
          -1.079509513327203e-1 -1.058409213445743e-1 -1.044271652501446e-1 -1.042318932577750e-1 -1.034187279896182e-1
          -1.015461101496047e-1 -9.991466848842920e-2 -9.762516141961136e-2 -9.724203551702113e-2 -9.572207175932606e-2
          -9.470184191007498e-2 -9.350815801096193e-2 -9.271404886807394e-2 -9.156879018651576e-2 -9.023727432750478e-2
          -8.893131451119217e-2 -8.687183421094646e-2 -8.624394643513188e-2 -8.506414332518657e-2 -8.446964050994408e-2
          -8.329726653149406e-2 -8.274180649214916e-2 -8.059492900677103e-2 -7.994022649631725e-2
          </eigenvalues>
        <occupations size="104">
          1.000000000000000e0 1.000000000000000e0 1.000000000000000e0 1.000000000000000e0 1.000000000000000e0
          1.000000000000000e0 1.000000000000000e0 1.000000000000000e0 1.000000000000000e0 1.000000000000000e0
          1.000000000000000e0 1.000000000000000e0 1.000000000000000e0 1.000000000000000e0 1.000000000000000e0
          1.000000000000000e0 1.000000000000000e0 1.000000000000000e0 1.000000000000000e0 1.000000000000000e0
          1.000000000000000e0 1.000000000000000e0 1.000000000000000e0 1.000000000000000e0 1.000000000000000e0
          1.000000000000000e0 1.000000000000000e0 1.000000000000000e0 1.000000000000000e0 1.000000000000000e0
          1.000000000000000e0 1.000000000000000e0 1.000000000000000e0 1.000000000000000e0 1.000000000000000e0
          1.000000000000000e0 1.000000000000000e0 1.000000000000000e0 1.000000000000000e0 1.000000000000000e0
          1.000000000000000e0 1.000000000000000e0 1.000000000000000e0 1.000000000000000e0 1.000000000000000e0
          1.000000000000000e0 1.000000000000000e0 1.000000000000000e0 1.000000000000000e0 1.000000000000000e0
          1.000000000000000e0 1.000000000000000e0 1.000000000000000e0 1.000000000000000e0 9.999999999999968e-1
          9.999999999998613e-1 9.999999999993738e-1 9.999999999974627e-1 9.999999999609964e-1 9.999999999506358e-1
          9.999999938449823e-1 9.999999904355702e-1 9.999999829333893e-1 9.999999180596127e-1 9.999996035205783e-1
          9.999985300128417e-1 9.999969537555351e-1 9.999933830443178e-1 9.999559066483876e-1 9.998617461775121e-1
          9.996111087265399e-1 9.990944963905351e-1 9.980210114567436e-1 9.937022597251497e-1 9.906001790891709e-1
          9.853715703784511e-1 9.791589963376316e-1 9.609771088081253e-1 9.223048268849771e-1 8.308166742449936e-1
          7.635466705159892e-1 6.452111983488745e-1 5.531366910206267e-1 5.399685863455074e-1 4.847404039816421e-1
          3.610931763856291e-1 2.660883086575625e-1 1.627963860070131e-1 1.490817918298470e-1 1.038254474191619e-1
          8.068747466962899e-2 5.964423933408018e-2 4.861675263001407e-2 3.606887467374253e-2 2.538427303606701e-2
          1.792831125259480e-2 1.031593146152836e-2 8.709845006441242e-3 6.333214151272458e-3 5.392352961940420e-3
          3.925275652381644e-3 3.376497728770151e-3 1.885397985775790e-3 1.578212738734349e-3
          </occupations>
      </ks_energies>
      <ks_energies>
        <k_point weight="1.250000000000e-1">-2.941176470588236e-2 -2.941176470588236e-2 0.000000000000000e0</k_point>
        <npw>257840</npw>
        <eigenvalues size="104">
          -2.229853298186017e0 -2.228689537045660e0 -2.227542101631145e0 -2.227372525672043e0 -2.226893868942687e0
          -2.226565954289630e0 -2.225850592497556e0 -2.225775641290843e0 -2.225302967367524e0 -2.225162589390532e0
          -2.224890264211650e0 -2.224357769017980e0 -1.362435596299826e0 -1.361953889311461e0 -1.359999749935233e0
          -1.359466768955950e0 -1.359105188506175e0 -1.358621066423759e0 -1.358426154907370e0 -1.358202181006270e0
          -1.358151848690725e0 -1.357941485675385e0 -1.357436008757908e0 -1.356845724320226e0 -1.356403990512543e0
          -1.356326183076971e0 -1.355660335650094e0 -1.355260892476372e0 -1.355002687229410e0 -1.354976927402738e0
          -1.353859202791624e0 -1.353810683998057e0 -1.353561597011281e0 -1.353077577757490e0 -1.353038633495578e0
          -1.352821291734014e0 -1.352347760601845e0 -1.351564552953743e0 -1.350733066771948e0 -1.350574469575881e0
          -1.349574337841384e0 -1.349204929917620e0 -1.348754128102938e0 -1.348398452072240e0 -1.347959734605793e0
          -1.346046959102329e0 -1.345231473343764e0 -1.345226541207440e0 -4.611223296140905e-1 -4.370248573689810e-1
          -4.327705431715605e-1 -4.141424251481822e-1 -4.053492499624809e-1 -3.980598723192639e-1 -2.264381690957784e-1
          -2.124451776622784e-1 -2.069058468983633e-1 -2.017635085554128e-1 -1.917218383001160e-1 -1.908559312532884e-1
          -1.731217991402020e-1 -1.715002328918708e-1 -1.693731204185540e-1 -1.636071130158653e-1 -1.578142262541499e-1
          -1.529989340757965e-1 -1.503195770383028e-1 -1.474698303320814e-1 -1.405032287839905e-1 -1.362984719026809e-1
          -1.325064684334541e-1 -1.293902250727481e-1 -1.265146883334967e-1 -1.222389054341424e-1 -1.207462602568917e-1
          -1.191186061992206e-1 -1.177927771317192e-1 -1.154216326909443e-1 -1.127352101506046e-1 -1.094907377285571e-1
          -1.079504174207162e-1 -1.058407882526208e-1 -1.044279910114326e-1 -1.042316739444111e-1 -1.034163426426544e-1
          -1.015460810833357e-1 -9.991247664546384e-2 -9.762328441592130e-2 -9.724107834187359e-2 -9.572317542912636e-2
          -9.470105002566919e-2 -9.350529990156126e-2 -9.271424967166880e-2 -9.156425803253869e-2 -9.023958705706104e-2
          -8.893170452530558e-2 -8.687354208133613e-2 -8.623937257315712e-2 -8.506134850748415e-2 -8.448221147656815e-2
          -8.329400773301204e-2 -8.273684697649118e-2 -8.058726650208992e-2 -7.995619644327125e-2
          </eigenvalues>
        <occupations size="104">
          1.000000000000000e0 1.000000000000000e0 1.000000000000000e0 1.000000000000000e0 1.000000000000000e0
          1.000000000000000e0 1.000000000000000e0 1.000000000000000e0 1.000000000000000e0 1.000000000000000e0
          1.000000000000000e0 1.000000000000000e0 1.000000000000000e0 1.000000000000000e0 1.000000000000000e0
          1.000000000000000e0 1.000000000000000e0 1.000000000000000e0 1.000000000000000e0 1.000000000000000e0
          1.000000000000000e0 1.000000000000000e0 1.000000000000000e0 1.000000000000000e0 1.000000000000000e0
          1.000000000000000e0 1.000000000000000e0 1.000000000000000e0 1.000000000000000e0 1.000000000000000e0
          1.000000000000000e0 1.000000000000000e0 1.000000000000000e0 1.000000000000000e0 1.000000000000000e0
          1.000000000000000e0 1.000000000000000e0 1.000000000000000e0 1.000000000000000e0 1.000000000000000e0
          1.000000000000000e0 1.000000000000000e0 1.000000000000000e0 1.000000000000000e0 1.000000000000000e0
          1.000000000000000e0 1.000000000000000e0 1.000000000000000e0 1.000000000000000e0 1.000000000000000e0
          1.000000000000000e0 1.000000000000000e0 1.000000000000000e0 1.000000000000000e0 9.999999999999968e-1
          9.999999999998613e-1 9.999999999993738e-1 9.999999999974627e-1 9.999999999609994e-1 9.999999999506368e-1
          9.999999938456934e-1 9.999999904322056e-1 9.999999829317591e-1 9.999999180401170e-1 9.999996035482662e-1
          9.999985302304102e-1 9.999969528880818e-1 9.999933829727764e-1 9.999559503437908e-1 9.998617040604787e-1
          9.996120009952140e-1 9.990945265597764e-1 9.980219689428750e-1 9.936955403979622e-1 9.905664473099277e-1
          9.853866263666536e-1 9.791701936620006e-1 9.610257214596912e-1 9.223051019154321e-1 8.307877643197036e-1
          7.635204393266068e-1 6.452029079289017e-1 5.531922311828764e-1 5.399537620943757e-1 4.845782852493944e-1
          3.610913516654852e-1 2.659718507226230e-1 1.627267847910867e-1 1.490487537508555e-1 1.038533945931293e-1
          8.067149225112480e-2 5.960063381538001e-2 4.861928003180694e-2 3.602602125882376e-2 2.539984715071901e-2
          1.793017993615491e-2 1.032067726141221e-2 8.699105621945742e-3 6.328429987487727e-3 5.410730376695142e-3
          3.921810046273870e-3 3.371959394727879e-3 1.881478276426676e-3 1.585075117999021e-3
          </occupations>
      </ks_energies>
    </band_structure>
    <forces rank="2" dims="3 18">
      3.029251457241242e-2 5.818013532938505e-2 -2.167855493057369e-3
      4.290358950261998e-3 -1.766556804648787e-3 -1.105151814802078e-1
      4.848600969786586e-2 -2.292604259098610e-2 7.477078335618024e-2
      -1.121653629601032e-2 5.434989679841457e-2 2.975221513416253e-2
      8.121777511877289e-3 1.228094307195880e-2 -8.957815798136124e-2
      1.383462310911155e-3 1.967706591556033e-3 8.292740159336462e-2
      -7.641264504261958e-3 -4.598174037203283e-3 -1.681579419489070e-2
      1.994063070646439e-2 1.345624571900501e-3 -8.889360745510935e-2
      5.422429743336528e-2 -2.423608200466437e-2 5.424581251684147e-2
      2.134739152815189e-2 6.632029294238084e-2 2.767726371334922e-2
      -5.833992791931594e-2 -3.737023552187121e-3 -4.182415454238436e-2
      -3.746046125893810e-2 -1.856613115930354e-2 8.032358236842102e-2
      1.524666294694914e-2 6.318415498345988e-3 -1.186158791028800e-3
      -4.201590813926168e-2 -2.213430747907227e-2 -3.373151985577600e-2
      -3.976971626847641e-2 -1.682171153187910e-2 5.518551798138736e-2
      1.554553615937462e-2 2.087744318341791e-2 -1.454840443571698e-2
      -2.630262989687029e-2 -4.500854889134116e-2 -4.065642269908603e-2
      3.867802465500677e-3 -6.184587993607394e-2 3.503468026491221e-2
      </forces>
    <electric_field>
      <dipoleInfo>
        <idir>3</idir>
        <dipole Units="Atomic Units">2.156024583949565e-1</dipole>
        <ion_dipole Units="Atomic Units">-8.413060706563677e1</ion_dipole>
        <elec_dipole Units="Atomic Units">-8.434620952403172e1</elec_dipole>
        <dipoleField Units="Atomic Units">6.552895885791887e-5</dipoleField>
        <potentialAmp Units="Atomic Units">-5.119206011303277e-3</potentialAmp>
        <totalLength Units="Bohr">3.906063899475983e1</totalLength>
      </dipoleInfo>
    </electric_field>
  </output>
  <exit_status>0</exit_status>
  <timing_info>
    <total label="PWSCF">
      <cpu>2.700693439000001e3</cpu>
      <wall>2.864625197172165e3</wall>
    </total>
    <partial label="init_run" calls="1">
      <cpu>2.893565200000000e1</cpu>
      <wall>3.057532095909119e1</wall>
    </partial>
    <partial label="hinit0" calls="1">
      <cpu>4.657564999999999e0</cpu>
      <wall>4.686174869537354e0</wall>
    </partial>
    <partial label="init_vloc" calls="1">
      <cpu>2.270047000000000e0</cpu>
      <wall>2.269798994064331e0</wall>
    </partial>
    <partial label="init_us_1" calls="1">
      <cpu>7.475620000000003e-1</cpu>
      <wall>7.518260478973389e-1</wall>
    </partial>
    <partial label="fft" calls="7052">
      <cpu>2.910999359999869e2</cpu>
      <wall>3.041436693668366e2</wall>
    </partial>
    <partial label="fft_scatter" calls="688327">
      <cpu>5.161043719999880e2</cpu>
      <wall>5.305879120826722e2</wall>
    </partial>
    <partial label="potinit" calls="1">
      <cpu>9.040431999999999e0</cpu>
      <wall>9.473881006240845e0</wall>
    </partial>
    <partial label="v_of_rho" calls="111">
      <cpu>3.234712200000004e2</cpu>
      <wall>3.497174541950226e2</wall>
    </partial>
    <partial label="v_xc" calls="112">
      <cpu>3.225359759999997e2</cpu>
      <wall>3.479466102123261e2</wall>
    </partial>
    <partial label="vdW_kernel" calls="1">
      <cpu>2.178345999999999e0</cpu>
      <wall>2.188280105590820e0</wall>
    </partial>
    <partial label="v_h" calls="111">
      <cpu>2.520476000000599e0</cpu>
      <wall>3.609027862548828e0</wall>
    </partial>
    <partial label="interpolate" calls="111">
      <cpu>3.450497000000269e0</cpu>
      <wall>3.667828559875488e0</wall>
    </partial>
    <partial label="ffts" calls="221">
      <cpu>9.966300000005504e-1</cpu>
      <wall>1.076358795166016e0</wall>
    </partial>
    <partial label="newd" calls="111">
      <cpu>1.543839230000017e2</cpu>
      <wall>2.205162191390991e2</wall>
    </partial>
    <partial label="wfcinit" calls="1">
      <cpu>7.680617999999999e0</cpu>
      <wall>7.866758108139038e0</wall>
    </partial>
    <partial label="init_us_2" calls="2220">
      <cpu>2.248389699999825e1</cpu>
      <wall>2.256913280487061e1</wall>
    </partial>
    <partial label="init_us_2:cp" calls="2220">
      <cpu>2.246296500000653e1</cpu>
      <wall>2.256153798103333e1</wall>
    </partial>
    <partial label="wfcinit:atom" calls="10">
      <cpu>1.006569999999982e-1</cpu>
      <wall>1.026620864868164e-1</wall>
    </partial>
    <partial label="atomic_wfc" calls="10">
      <cpu>1.005909999999979e-1</cpu>
      <wall>1.026284694671631e-1</wall>
    </partial>
    <partial label="wfcinit:wfcr" calls="10">
      <cpu>6.895029999999998e0</cpu>
      <wall>6.998989343643188e0</wall>
    </partial>
    <partial label="wfcrot" calls="10">
      <cpu>6.894956000000008e0</cpu>
      <wall>6.998947858810425e0</wall>
    </partial>
    <partial label="rotwfck" calls="10">
      <cpu>6.894606000000000e0</cpu>
      <wall>6.998598098754883e0</wall>
    </partial>
    <partial label="rotwfck:hpsi" calls="10">
      <cpu>5.310260999999997e0</cpu>
      <wall>5.397502183914185e0</wall>
    </partial>
    <partial label="h_psi_bgrp" calls="5855">
      <cpu>1.070497020000006e3</cpu>
      <wall>1.074876551389694e3</wall>
    </partial>
    <partial label="h_psi" calls="5855">
      <cpu>1.070468027000002e3</cpu>
      <wall>1.074861983776093e3</wall>
    </partial>
    <partial label="h_psi:pot" calls="5855">
      <cpu>1.057454629999989e3</cpu>
      <wall>1.061706142663956e3</wall>
    </partial>
    <partial label="vloc_psi" calls="5855">
      <cpu>8.393188709999910e2</cpu>
      <wall>8.434397110939027e2</wall>
    </partial>
    <partial label="fftw" calls="681054">
      <cpu>9.272288240000849e2</cpu>
      <wall>9.318766620159151e2</wall>
    </partial>
    <partial label="h_psi:calbec" calls="5855">
      <cpu>1.087284460000187e2</cpu>
      <wall>1.088267567157746e2</wall>
    </partial>
    <partial label="calbec" calls="6995">
      <cpu>1.475670690000225e2</cpu>
      <wall>1.476964960098267e2</wall>
    </partial>
    <partial label="add_vuspsi" calls="5855">
      <cpu>1.093201800000093e2</cpu>
      <wall>1.093911585807801e2</wall>
    </partial>
    <partial label="rotwfck:hc" calls="10">
      <cpu>1.121212000000007e0</cpu>
      <wall>1.124209880828857e0</wall>
    </partial>
    <partial label="s_psi_bgrp" calls="5855">
      <cpu>1.180801279999773e2</cpu>
      <wall>1.182569248676300e2</wall>
    </partial>
    <partial label="s_psi" calls="5855">
      <cpu>1.083507999999902e2</cpu>
      <wall>1.084278533458710e2</wall>
    </partial>
    <partial label="rotwfck:diag" calls="10">
      <cpu>1.515370000000011e-1</cpu>
      <wall>1.543698310852051e-1</wall>
    </partial>
    <partial label="cdiaghg" calls="5845">
      <cpu>9.977147199998582e1</cpu>
      <wall>9.983718276023865e1</wall>
    </partial>
    <partial label="rotwfck:evc" calls="10">
      <cpu>3.113929999999918e-1</cpu>
      <wall>3.223855495452881e-1</wall>
    </partial>
    <partial label="electrons" calls="1">
      <cpu>2.660289943000000e3</cpu>
      <wall>2.821123208999634e3</wall>
    </partial>
    <partial label="c_bands" calls="110">
      <cpu>1.703309332000000e3</cpu>
      <wall>1.708974055290223e3</wall>
    </partial>
    <partial label="cegterg" calls="1111">
      <cpu>1.642112269999994e3</cpu>
      <wall>1.647029545545578e3</wall>
    </partial>
    <partial label="cegterg:init" calls="1111">
      <cpu>3.547377699999788e1</cpu>
      <wall>3.549576234817505e1</wall>
    </partial>
    <partial label="cegterg:upda" calls="4734">
      <cpu>7.372163700000738e1</cpu>
      <wall>7.379782843589783e1</wall>
    </partial>
    <partial label="g_psi" calls="4734">
      <cpu>5.574598000020615e0</cpu>
      <wall>5.604870080947876e0</wall>
    </partial>
    <partial label="cegterg:over" calls="4734">
      <cpu>9.713608100000375e1</cpu>
      <wall>9.725058054924013e1</wall>
    </partial>
    <partial label="cegterg:diag" calls="5835">
      <cpu>9.964333299999863e1</cpu>
      <wall>9.969958472251893e1</wall>
    </partial>
    <partial label="cegterg:last" calls="2163">
      <cpu>1.286908140000064e2</cpu>
      <wall>1.287871952056885e2</wall>
    </partial>
    <partial label="sum_band" calls="110">
      <cpu>4.704387220000004e2</cpu>
      <wall>5.307327792644501e2</wall>
    </partial>
    <partial label="sum_band:wei" calls="110">
      <cpu>9.345099999973172e-2</cpu>
      <wall>9.372949600219727e-2</wall>
    </partial>
    <partial label="sum_band:loo" calls="110">
      <cpu>2.314368279999994e2</cpu>
      <wall>2.324794962406159e2</wall>
    </partial>
    <partial label="sum_band:buf" calls="1100">
      <cpu>5.441434999997909e0</cpu>
      <wall>5.588153362274170e0</wall>
    </partial>
    <partial label="sum_band:ini" calls="1100">
      <cpu>1.105567500000416e1</cpu>
      <wall>1.107457304000855e1</wall>
    </partial>
    <partial label="sum_band:cal" calls="1100">
      <cpu>3.749305599999616e1</cpu>
      <wall>3.750260877609253e1</wall>
    </partial>
    <partial label="sum_band:bec" calls="1100">
      <cpu>4.181569999991552e-1</cpu>
      <wall>4.222037792205811e-1</wall>
    </partial>
    <partial label="addusdens" calls="110">
      <cpu>1.668686869999997e2</cpu>
      <wall>2.234515061378479e2</wall>
    </partial>
    <partial label="addusd:skk" calls="220">
      <cpu>8.507269999981872e-1</cpu>
      <wall>1.437575101852417e0</wall>
    </partial>
    <partial label="addusd:dgemm" calls="220">
      <cpu>3.625662999999850e1</cpu>
      <wall>8.059241747856140e1</wall>
    </partial>
    <partial label="addusd:qvan2" calls="220">
      <cpu>1.185597910000001e2</cpu>
      <wall>1.186164498329163e2</wall>
    </partial>
    <partial label="sum_band:sym" calls="110">
      <cpu>7.102304300000196e1</cpu>
      <wall>7.360961151123047e1</wall>
    </partial>
    <partial label="mix_rho" calls="110">
      <cpu>1.057478700000047e1</cpu>
      <wall>1.107589912414551e1</wall>
    </partial>
    <partial label="ions" calls="1">
      <cpu>1.122282899999982e1</cpu>
      <wall>1.242138004302979e1</wall>
    </partial>
    <partial label="forces" calls="1">
      <cpu>1.122281999999996e1</cpu>
      <wall>1.242137193679810e1</wall>
    </partial>
    <partial label="frc_us" calls="1">
      <cpu>3.514036000000033e0</cpu>
      <wall>4.407881021499634e0</wall>
    </partial>
    <partial label="frc_lc" calls="1">
      <cpu>4.708120000000235e-1</cpu>
      <wall>4.726698398590088e-1</wall>
    </partial>
    <partial label="frc_cc" calls="1">
      <cpu>4.354624000000058e0</cpu>
      <wall>4.650918006896973e0</wall>
    </partial>
    <partial label="frc_scc" calls="1">
      <cpu>2.661677000000054e0</cpu>
      <wall>2.667754888534546e0</wall>
    </partial>
  </timing_info>
  <closed DATE="26 Oct 2022" TIME="12:58:21"></closed>
</qes:espresso>
