<?xml version="1.0" encoding="UTF-8"?>
<qes:espresso xsi:schemaLocation="http://www.quantum-espresso.org/ns/qes/qes-1.0 http://www.quantum-espresso.org/ns/qes/qes_220603.xsd" Units="Hartree atomic units" xmlns:xsi="http://www.w3.org/2001/XMLSchema-instance" xmlns:qes="http://www.quantum-espresso.org/ns/qes/qes-1.0">
  <!--All quantities are in Hartree atomic units unless otherwise specified-->
  <general_info>
    <xml_format NAME="QEXSD" VERSION="21.11.01">QEXSD_21.11.01</xml_format>
    <creator NAME="PWSCF" VERSION="7.1">XML file generated by PWSCF</creator>
    <created DATE="26Oct2022" TIME="12: 9:56">This run was terminated on:  12: 9:56  26 Oct 2022</created>
    <job></job>
  </general_info>
  <parallel_info>
    <nprocs>64</nprocs>
    <nthreads>1</nthreads>
    <ntasks>1</ntasks>
    <nbgrp>1</nbgrp>
    <npool>1</npool>
    <ndiag>64</ndiag>
  </parallel_info>
  <input>
    <control_variables>
      <title></title>
      <calculation>scf</calculation>
      <restart_mode>from_scratch</restart_mode>
      <prefix>calc</prefix>
      <pseudo_dir>/scratch/alevoj1/esp-psp/v2/</pseudo_dir>
      <outdir>.</outdir>
      <stress>false</stress>
      <forces>true</forces>
      <wf_collect>true</wf_collect>
      <disk_io>low</disk_io>
      <max_seconds>10000000</max_seconds>
      <nstep>1</nstep>
      <etot_conv_thr>5.000000000000000e-1</etot_conv_thr>
      <forc_conv_thr>9.723452333419537e-4</forc_conv_thr>
      <press_conv_thr>5.000000000000000e-1</press_conv_thr>
      <verbosity>low</verbosity>
      <print_every>100000</print_every>
      <fcp>false</fcp>
      <rism>false</rism>
    </control_variables>
    <atomic_species ntyp="2">
      <species name="C1">
        <mass>1.201100000000000e1</mass>
        <pseudo_file>C.UPF</pseudo_file>
      </species>
      <species name="Ti1">
        <mass>4.786700000000000e1</mass>
        <pseudo_file>Ti.UPF</pseudo_file>
      </species>
    </atomic_species>
    <atomic_structure nat="10" alat="2.078698737022e1">
      <atomic_positions>
        <atom name="C1" index="1">4.384164608990945e0 5.189262045490137e0 2.002164828976683e1</atom>
        <atom name="Ti1" index="2">7.388829147049383e0 6.924005925362705e0 2.303576145844812e1</atom>
        <atom name="C1" index="3">1.039349368510784e1 5.189262045490137e0 2.002164828976683e1</atom>
        <atom name="Ti1" index="4">1.339815822316630e1 6.924005925362705e0 2.303576145844812e1</atom>
        <atom name="Ti1" index="5">1.039349368510784e1 8.658749805235272e0 1.700753512108555e1</atom>
        <atom name="C1" index="6">7.388829147049383e0 1.039349368510784e1 2.002164828976683e1</atom>
        <atom name="Ti1" index="7">1.039349368510784e1 1.212823756498041e1 2.303576145844812e1</atom>
        <atom name="C1" index="8">1.640282276122473e1 5.189262045490137e0 2.002164828976683e1</atom>
        <atom name="C1" index="9">1.339815822316630e1 1.039349368510784e1 2.002164828976683e1</atom>
        <atom name="C1" index="10">1.039349368510784e1 1.559772532472554e1 2.002164828976683e1</atom>
      </atomic_positions>
      <cell>
        <a1>2.078698737021568e1 0.000000000000000e0 0.000000000000000e0</a1>
        <a2>0.000000000000000e0 2.078698737021568e1 0.000000000000000e0</a2>
        <a3>0.000000000000000e0 0.000000000000000e0 4.004329657953366e1</a3>
      </cell>
    </atomic_structure>
    <dft>
      <functional>BEEF-VDW</functional>
      <vdW>
        <vdw_corr>none</vdw_corr>
        <non_local_term>VDW2</non_local_term>
      </vdW>
    </dft>
    <spin>
      <lsda>false</lsda>
      <noncolin>false</noncolin>
      <spinorbit>false</spinorbit>
    </spin>
    <bands>
      <nbnd>56</nbnd>
      <smearing degauss="3.674932379085e-3">fd</smearing>
      <tot_charge>0.000000000000000e0</tot_charge>
      <occupations>smearing</occupations>
    </bands>
    <basis>
      <gamma_only>false</gamma_only>
      <ecutwfc>2.572452665359641e1</ecutwfc>
      <ecutrho>2.572452665359642e2</ecutrho>
    </basis>
    <electron_control>
      <diagonalization>davidson</diagonalization>
      <mixing_mode>plain</mixing_mode>
      <mixing_beta>1.000000000000000e-1</mixing_beta>
      <conv_thr>3.674932379085202e-8</conv_thr>
      <mixing_ndim>10</mixing_ndim>
      <max_nstep>500</max_nstep>
      <real_space_q>false</real_space_q>
      <real_space_beta>false</real_space_beta>
      <tq_smoothing>false</tq_smoothing>
      <tbeta_smoothing>false</tbeta_smoothing>
      <diago_thr_init>0.000000000000000e0</diago_thr_init>
      <diago_full_acc>false</diago_full_acc>
      <diago_cg_maxiter>20</diago_cg_maxiter>
      <diago_ppcg_maxiter>20</diago_ppcg_maxiter>
      <diago_rmm_ndim>4</diago_rmm_ndim>
      <diago_gs_nblock>16</diago_gs_nblock>
      <diago_rmm_conv>false</diago_rmm_conv>
    </electron_control>
    <k_points_IBZ>
      <monkhorst_pack nk1="4" nk2="4" nk3="1" k1="0" k2="0" k3="0">Monkhorst-Pack</monkhorst_pack>
    </k_points_IBZ>
    <ion_control>
      <ion_dynamics>none</ion_dynamics>
      <upscale>1.000000000000000e2</upscale>
      <remove_rigid_rot>false</remove_rigid_rot>
      <refold_pos>false</refold_pos>
    </ion_control>
    <cell_control>
      <cell_dynamics>none</cell_dynamics>
      <pressure>0.000000000000000e0</pressure>
      <wmass>2.635340000000000e2</wmass>
      <cell_do_free>all</cell_do_free>
    </cell_control>
    <symmetry_flags>
      <nosym>true</nosym>
      <nosym_evc>false</nosym_evc>
      <noinv>false</noinv>
      <no_t_rev>false</no_t_rev>
      <force_symmorphic>false</force_symmorphic>
      <use_all_frac>false</use_all_frac>
    </symmetry_flags>
    <electric_field>
      <electric_potential>sawtooth_potential</electric_potential>
      <dipole_correction>true</dipole_correction>
      <electric_field_direction>3</electric_field_direction>
      <potential_max_position>0.000000000000000e0</potential_max_position>
      <potential_decrease_width>2.500000000000000e-2</potential_decrease_width>
      <electric_field_amplitude>0.000000000000000e0</electric_field_amplitude>
      <electric_field_vector>0.000000000000000e0 0.000000000000000e0 0.000000000000000e0</electric_field_vector>
      <nk_per_string>0</nk_per_string>
      <n_berry_cycles>1</n_berry_cycles>
    </electric_field>
  </input>
  <output>
    <convergence_info>
      <scf_conv>
        <convergence_achieved>true</convergence_achieved>
        <n_scf_steps>40</n_scf_steps>
        <scf_error>2.777225515058959e-8</scf_error>
      </scf_conv>
    </convergence_info>
    <algorithmic_info>
      <real_space_q>false</real_space_q>
      <real_space_beta>false</real_space_beta>
      <uspp>true</uspp>
      <paw>false</paw>
    </algorithmic_info>
    <atomic_species ntyp="2" pseudo_dir="/scratch/alevoj1/esp-psp/v2/">
      <species name="C1">
        <mass>1.201100000000000e1</mass>
        <pseudo_file>C.UPF</pseudo_file>
      </species>
      <species name="Ti1">
        <mass>4.786700000000000e1</mass>
        <pseudo_file>Ti.UPF</pseudo_file>
      </species>
    </atomic_species>
    <atomic_structure nat="10" alat="1.889726124565e0">
      <atomic_positions>
        <atom name="C1" index="1">4.384164608990945e0 5.189262045490137e0 2.002164828976683e1</atom>
        <atom name="Ti1" index="2">7.388829147049383e0 6.924005925362705e0 2.303576145844812e1</atom>
        <atom name="C1" index="3">1.039349368510784e1 5.189262045490137e0 2.002164828976683e1</atom>
        <atom name="Ti1" index="4">1.339815822316630e1 6.924005925362705e0 2.303576145844812e1</atom>
        <atom name="Ti1" index="5">1.039349368510784e1 8.658749805235272e0 1.700753512108555e1</atom>
        <atom name="C1" index="6">7.388829147049383e0 1.039349368510784e1 2.002164828976683e1</atom>
        <atom name="Ti1" index="7">1.039349368510784e1 1.212823756498041e1 2.303576145844812e1</atom>
        <atom name="C1" index="8">1.640282276122473e1 5.189262045490137e0 2.002164828976683e1</atom>
        <atom name="C1" index="9">1.339815822316630e1 1.039349368510784e1 2.002164828976683e1</atom>
        <atom name="C1" index="10">1.039349368510784e1 1.559772532472554e1 2.002164828976683e1</atom>
      </atomic_positions>
      <cell>
        <a1>2.078698737021568e1 0.000000000000000e0 0.000000000000000e0</a1>
        <a2>0.000000000000000e0 2.078698737021568e1 0.000000000000000e0</a2>
        <a3>0.000000000000000e0 0.000000000000000e0 4.004329657953366e1</a3>
      </cell>
    </atomic_structure>
    <symmetries>
      <nsym>1</nsym>
      <nrot>16</nrot>
      <space_group>0</space_group>
      <symmetry>
        <info name="identity">crystal_symmetry</info>
        <rotation rank="2" dims="3 3">
          1.000000000000000e0 0.000000000000000e0 0.000000000000000e0
          0.000000000000000e0 1.000000000000000e0 0.000000000000000e0
          0.000000000000000e0 0.000000000000000e0 1.000000000000000e0
          </rotation>
        <fractional_translation>0.000000000000000e0 0.000000000000000e0 0.000000000000000e0</fractional_translation>
        <equivalent_atoms size="10" nat="10">
          1 2 3 4 5 6 7 8
          9 10
          </equivalent_atoms>
      </symmetry>
      <symmetry>
        <info name="inv. 180 deg rotation - cart. axis [1,0,0]">lattice_symmetry</info>
        <rotation rank="2" dims="3 3">
          -1.000000000000000e0 0.000000000000000e0 0.000000000000000e0
          0.000000000000000e0 1.000000000000000e0 0.000000000000000e0
          0.000000000000000e0 0.000000000000000e0 1.000000000000000e0
          </rotation>
      </symmetry>
      <symmetry>
        <info name="180 deg rotation - cart. axis [0,1,0]">lattice_symmetry</info>
        <rotation rank="2" dims="3 3">
          -1.000000000000000e0 0.000000000000000e0 0.000000000000000e0
          0.000000000000000e0 1.000000000000000e0 0.000000000000000e0
          0.000000000000000e0 0.000000000000000e0 -1.000000000000000e0
          </rotation>
      </symmetry>
      <symmetry>
        <info name="180 deg rotation - cart. axis [1,0,0]">lattice_symmetry</info>
        <rotation rank="2" dims="3 3">
          1.000000000000000e0 0.000000000000000e0 0.000000000000000e0
          0.000000000000000e0 -1.000000000000000e0 0.000000000000000e0
          0.000000000000000e0 0.000000000000000e0 -1.000000000000000e0
          </rotation>
      </symmetry>
      <symmetry>
        <info name="180 deg rotation - cart. axis [1,1,0]">lattice_symmetry</info>
        <rotation rank="2" dims="3 3">
          0.000000000000000e0 1.000000000000000e0 0.000000000000000e0
          1.000000000000000e0 0.000000000000000e0 0.000000000000000e0
          0.000000000000000e0 0.000000000000000e0 -1.000000000000000e0
          </rotation>
      </symmetry>
      <symmetry>
        <info name="180 deg rotation - cart. axis [1,-1,0]">lattice_symmetry</info>
        <rotation rank="2" dims="3 3">
          0.000000000000000e0 -1.000000000000000e0 0.000000000000000e0
          -1.000000000000000e0 0.000000000000000e0 0.000000000000000e0
          0.000000000000000e0 0.000000000000000e0 -1.000000000000000e0
          </rotation>
      </symmetry>
      <symmetry>
        <info name=" 90 deg rotation - cart. axis [0,0,-1]">lattice_symmetry</info>
        <rotation rank="2" dims="3 3">
          0.000000000000000e0 1.000000000000000e0 0.000000000000000e0
          -1.000000000000000e0 0.000000000000000e0 0.000000000000000e0
          0.000000000000000e0 0.000000000000000e0 1.000000000000000e0
          </rotation>
      </symmetry>
      <symmetry>
        <info name=" 90 deg rotation - cart. axis [0,0,1]">lattice_symmetry</info>
        <rotation rank="2" dims="3 3">
          0.000000000000000e0 -1.000000000000000e0 0.000000000000000e0
          1.000000000000000e0 0.000000000000000e0 0.000000000000000e0
          0.000000000000000e0 0.000000000000000e0 1.000000000000000e0
          </rotation>
      </symmetry>
      <symmetry>
        <info name="inversion">lattice_symmetry</info>
        <rotation rank="2" dims="3 3">
          -1.000000000000000e0 0.000000000000000e0 0.000000000000000e0
          0.000000000000000e0 -1.000000000000000e0 0.000000000000000e0
          0.000000000000000e0 0.000000000000000e0 -1.000000000000000e0
          </rotation>
      </symmetry>
      <symmetry>
        <info name="inv. 180 deg rotation - cart. axis [0,0,1]">lattice_symmetry</info>
        <rotation rank="2" dims="3 3">
          1.000000000000000e0 0.000000000000000e0 0.000000000000000e0
          0.000000000000000e0 1.000000000000000e0 0.000000000000000e0
          0.000000000000000e0 0.000000000000000e0 -1.000000000000000e0
          </rotation>
      </symmetry>
      <symmetry>
        <info name="inv. 180 deg rotation - cart. axis [0,1,0]">lattice_symmetry</info>
        <rotation rank="2" dims="3 3">
          1.000000000000000e0 0.000000000000000e0 0.000000000000000e0
          0.000000000000000e0 -1.000000000000000e0 0.000000000000000e0
          0.000000000000000e0 0.000000000000000e0 1.000000000000000e0
          </rotation>
      </symmetry>
      <symmetry>
        <info name="180 deg rotation - cart. axis [0,0,1]">lattice_symmetry</info>
        <rotation rank="2" dims="3 3">
          -1.000000000000000e0 0.000000000000000e0 0.000000000000000e0
          0.000000000000000e0 -1.000000000000000e0 0.000000000000000e0
          0.000000000000000e0 0.000000000000000e0 1.000000000000000e0
          </rotation>
      </symmetry>
      <symmetry>
        <info name="inv. 180 deg rotation - cart. axis [1,1,0]">lattice_symmetry</info>
        <rotation rank="2" dims="3 3">
          0.000000000000000e0 -1.000000000000000e0 0.000000000000000e0
          -1.000000000000000e0 0.000000000000000e0 0.000000000000000e0
          0.000000000000000e0 0.000000000000000e0 1.000000000000000e0
          </rotation>
      </symmetry>
      <symmetry>
        <info name="inv. 180 deg rotation - cart. axis [1,-1,0]">lattice_symmetry</info>
        <rotation rank="2" dims="3 3">
          0.000000000000000e0 1.000000000000000e0 0.000000000000000e0
          1.000000000000000e0 0.000000000000000e0 0.000000000000000e0
          0.000000000000000e0 0.000000000000000e0 1.000000000000000e0
          </rotation>
      </symmetry>
      <symmetry>
        <info name="inv.  90 deg rotation - cart. axis [0,0,-1]">lattice_symmetry</info>
        <rotation rank="2" dims="3 3">
          0.000000000000000e0 -1.000000000000000e0 0.000000000000000e0
          1.000000000000000e0 0.000000000000000e0 0.000000000000000e0
          0.000000000000000e0 0.000000000000000e0 -1.000000000000000e0
          </rotation>
      </symmetry>
      <symmetry>
        <info name="inv.  90 deg rotation - cart. axis [0,0,1]">lattice_symmetry</info>
        <rotation rank="2" dims="3 3">
          0.000000000000000e0 1.000000000000000e0 0.000000000000000e0
          -1.000000000000000e0 0.000000000000000e0 0.000000000000000e0
          0.000000000000000e0 0.000000000000000e0 -1.000000000000000e0
          </rotation>
      </symmetry>
    </symmetries>
    <basis_set>
      <gamma_only>false</gamma_only>
      <ecutwfc>2.572452665359641e1</ecutwfc>
      <ecutrho>2.572452665359642e2</ecutrho>
      <fft_grid nr1="160" nr2="160" nr3="300"></fft_grid>
      <fft_smooth nr1="96" nr2="96" nr3="192"></fft_smooth>
      <fft_box nr1="160" nr2="160" nr3="300"></fft_box>
      <ngm>3409785</ngm>
      <ngms>862623</ngms>
      <npwx>107863</npwx>
      <reciprocal_lattice>
        <b1>9.090909090909090e-2 0.000000000000000e0 0.000000000000000e0</b1>
        <b2>0.000000000000000e0 9.090909090909090e-2 0.000000000000000e0</b2>
        <b3>0.000000000000000e0 0.000000000000000e0 4.719207173194903e-2</b3>
      </reciprocal_lattice>
    </basis_set>
    <dft>
      <functional>BEEF</functional>
      <vdW>
        <vdw_corr>none</vdw_corr>
        <non_local_term>VDW2</non_local_term>
      </vdW>
    </dft>
    <magnetization>
      <lsda>false</lsda>
      <noncolin>false</noncolin>
      <spinorbit>false</spinorbit>
      <absolute>0.000000000000000e0</absolute>
    </magnetization>
    <total_energy>
      <etot>-2.693774011204800e2</etot>
      <eband>-6.073290234181212e1</eband>
      <ehart>3.609781239695388e2</ehart>
      <vtxc>-5.091388275078083e1</vtxc>
      <etxc>-4.127591745056888e1</etxc>
      <ewald>1.426861504286206e2</ewald>
      <demet>-2.300986788122906e-2</demet>
      <efieldcorr>5.266021151680556e-4</efieldcorr>
    </total_energy>
    <band_structure>
      <lsda>false</lsda>
      <noncolin>false</noncolin>
      <spinorbit>false</spinorbit>
      <nbnd>56</nbnd>
      <nelec>7.200000000000000e1</nelec>
      <num_of_atomic_wfc>64</num_of_atomic_wfc>
      <wf_collected>true</wf_collected>
      <fermi_energy>-1.266090991846385e-1</fermi_energy>
      <starting_k_points>
        <monkhorst_pack nk1="4" nk2="4" nk3="1" k1="0" k2="0" k3="0">Monkhorst-Pack</monkhorst_pack>
      </starting_k_points>
      <nks>10</nks>
      <occupations_kind>smearing</occupations_kind>
      <smearing degauss="3.674932379085e-3">fd</smearing>
      <ks_energies>
        <k_point weight="1.250000000000e-1">0.000000000000000e0 0.000000000000000e0 0.000000000000000e0</k_point>
        <npw>107863</npw>
        <eigenvalues size="56">
          -2.256134041568276e0 -2.243986130493720e0 -2.243644781687252e0 -2.243639280920278e0 -1.383973202166056e0
          -1.383915144534355e0 -1.383905414390632e0 -1.376318501726933e0 -1.375351699002104e0 -1.375332318062982e0
          -1.374108887235060e0 -1.374104924091891e0 -1.372989124484880e0 -1.366473172646582e0 -1.364264171308049e0
          -1.364256722838489e0 -4.604919151988559e-1 -4.367531845618384e-1 -4.365868043967883e-1 -4.235464263844112e-1
          -4.212329035364394e-1 -4.210282270978976e-1 -2.060154046050240e-1 -1.892017105742185e-1 -1.853786752545353e-1
          -1.850090808601034e-1 -1.778394998086336e-1 -1.777782207845813e-1 -1.656279673340942e-1 -1.579294168314895e-1
          -1.491787390215853e-1 -1.473338305380727e-1 -1.453377140605015e-1 -1.447219868743217e-1 -1.313681610984679e-1
          -1.265764478799180e-1 -1.260753665399243e-1 -1.181605943966540e-1 -1.173265085741896e-1 -1.168546687372472e-1
          -1.119606243296919e-1 -1.070407500335971e-1 -1.061464645163434e-1 -1.023309510829021e-1 -1.010440991019007e-1
          -9.874165625517474e-2 -9.850176938069096e-2 -8.664219271272732e-2 -8.640208651106789e-2 -8.320151012094513e-2
          -7.676287030987801e-2 -7.639760132529262e-2 -7.530470057169034e-2 -6.450270239378639e-2 -6.288494307811875e-2
          -5.977509342011587e-2
          </eigenvalues>
        <occupations size="56">
          1.000000000000000e0 1.000000000000000e0 1.000000000000000e0 1.000000000000000e0 1.000000000000000e0
          1.000000000000000e0 1.000000000000000e0 1.000000000000000e0 1.000000000000000e0 1.000000000000000e0
          1.000000000000000e0 1.000000000000000e0 1.000000000000000e0 1.000000000000000e0 1.000000000000000e0
          1.000000000000000e0 1.000000000000000e0 1.000000000000000e0 1.000000000000000e0 1.000000000000000e0
          1.000000000000000e0 1.000000000000000e0 9.999999995869926e-1 9.999999599171204e-1 9.999998865627198e-1
          9.999998745607186e-1 9.999991174959501e-1 9.999991026569464e-1 9.999755186495388e-1 9.998011363446784e-1
          9.978529510425084e-1 9.964578976347299e-1 9.939179660836198e-1 9.928165605421988e-1 7.849934130579401e-1
          4.977787965491368e-1 4.637546780915225e-1 9.120953045549026e-2 7.406084955558439e-2 6.572351575000419e-2
          1.823421680405965e-2 4.845638523571631e-3 3.802956391460122e-3 1.349837435056939e-3 9.514318521386684e-4
          5.087132590886133e-4 4.765821551516217e-4 1.891476493133262e-5 1.771847363746132e-5 7.416423556217473e-6
          1.286158668718156e-6 1.164469212509422e-6 8.649117839670726e-7 4.575289277393277e-8 2.946020352345011e-8
          1.263925151504750e-8
          </occupations>
      </ks_energies>
      <ks_energies>
        <k_point weight="2.500000000000e-1">0.000000000000000e0 2.272727272727272e-2 0.000000000000000e0</k_point>
        <npw>107821</npw>
        <eigenvalues size="56">
          -2.256134031630888e0 -2.243986135361601e0 -2.243644759065874e0 -2.243639255871555e0 -1.383973202133804e0
          -1.383915145292202e0 -1.383905414529257e0 -1.376318502486786e0 -1.375351699739298e0 -1.375332318337269e0
          -1.374108887101815e0 -1.374104923646844e0 -1.372989124868349e0 -1.366473174562627e0 -1.364264170991210e0
          -1.364256722695296e0 -4.604786921233726e-1 -4.368068028338810e-1 -4.365864038964287e-1 -4.235461538979783e-1
          -4.211881637947562e-1 -4.210287470229923e-1 -2.059800874972486e-1 -1.892275677127426e-1 -1.855498243373263e-1
          -1.850180083941811e-1 -1.778889920755285e-1 -1.777931145881698e-1 -1.656465029928790e-1 -1.578205065141958e-1
          -1.486786856202804e-1 -1.473831650597794e-1 -1.453570431323343e-1 -1.447473061157096e-1 -1.312932436160831e-1
          -1.266518810131007e-1 -1.261928387318019e-1 -1.191042542007694e-1 -1.171349691696115e-1 -1.167301158386286e-1
          -1.117397064549691e-1 -1.069299854067237e-1 -1.058881035866472e-1 -1.020396003533799e-1 -1.012422149087425e-1
          -9.880364204398804e-2 -9.854218114732348e-2 -8.666073520817427e-2 -8.646991872880207e-2 -8.308149310028609e-2
          -7.687555839464078e-2 -7.640070475594035e-2 -7.538832398526529e-2 -6.424990904832464e-2 -6.286232763789636e-2
          -5.966707294366311e-2
          </eigenvalues>
        <occupations size="56">
          1.000000000000000e0 1.000000000000000e0 1.000000000000000e0 1.000000000000000e0 1.000000000000000e0
          1.000000000000000e0 1.000000000000000e0 1.000000000000000e0 1.000000000000000e0 1.000000000000000e0
          1.000000000000000e0 1.000000000000000e0 1.000000000000000e0 1.000000000000000e0 1.000000000000000e0
          1.000000000000000e0 1.000000000000000e0 1.000000000000000e0 1.000000000000000e0 1.000000000000000e0
          1.000000000000000e0 1.000000000000000e0 9.999999995830041e-1 9.999999601981571e-1 9.999998917245920e-1
          9.999998748650791e-1 9.999991293014171e-1 9.999991062863447e-1 9.999756418149264e-1 9.997951558461583e-1
          9.975407587561886e-1 9.965049661273470e-1 9.939496787860651e-1 9.928655304157317e-1 7.815326884797734e-1
          5.029103491498445e-1 4.717126790815297e-1 1.148457229572229e-1 7.056503969593089e-2 6.367275951396922e-2
          1.718865332239377e-2 4.702443745432634e-3 3.545692149477030e-3 1.247082080391961e-3 1.004078434892314e-3
          5.173621198212615e-4 4.818493212749157e-4 1.901044195018980e-5 1.804855379657639e-5 7.178129868586199e-6
          1.326208273441494e-6 1.165453005191584e-6 8.848185422958490e-7 4.271142514233968e-8 2.927946289395327e-8
          1.227314207741562e-8
          </occupations>
      </ks_energies>
      <ks_energies>
        <k_point weight="1.250000000000e-1">0.000000000000000e0 -4.545454545454545e-2 0.000000000000000e0</k_point>
        <npw>107808</npw>
        <eigenvalues size="56">
          -2.256134025297249e0 -2.243986166125821e0 -2.243644724180662e0 -2.243639237663038e0 -1.383973202187958e0
          -1.383915146120024e0 -1.383905414946206e0 -1.376318503062244e0 -1.375351700429687e0 -1.375332319901792e0
          -1.374108887296108e0 -1.374104923734547e0 -1.372989126199700e0 -1.366473176953085e0 -1.364264172070749e0
          -1.364256722640387e0 -4.604654933604214e-1 -4.368601989280374e-1 -4.365860460162664e-1 -4.235458958821889e-1
          -4.211437092061196e-1 -4.210292714359182e-1 -2.059447120548687e-1 -1.892547300990861e-1 -1.857172240845854e-1
          -1.850269456913193e-1 -1.779375909759033e-1 -1.778078695395557e-1 -1.656634632983969e-1 -1.577103217192202e-1
          -1.481964734760966e-1 -1.474344530411556e-1 -1.453509806550391e-1 -1.447718716251944e-1 -1.312004837933292e-1
          -1.267485232010862e-1 -1.263068668185209e-1 -1.199276935299131e-1 -1.170155915391484e-1 -1.166141522540276e-1
          -1.115013238506669e-1 -1.068566170304590e-1 -1.056660389458451e-1 -1.017299486089829e-1 -1.014573858992696e-1
          -9.886943639042292e-2 -9.857863326363272e-2 -8.667821429631068e-2 -8.653677964930509e-2 -8.295725166810470e-2
          -7.697661645965365e-2 -7.640339891650943e-2 -7.548688458130261e-2 -6.397919595699247e-2 -6.284004504198192e-2
          -5.955852296863759e-2
          </eigenvalues>
        <occupations size="56">
          1.000000000000000e0 1.000000000000000e0 1.000000000000000e0 1.000000000000000e0 1.000000000000000e0
          1.000000000000000e0 1.000000000000000e0 1.000000000000000e0 1.000000000000000e0 1.000000000000000e0
          1.000000000000000e0 1.000000000000000e0 1.000000000000000e0 1.000000000000000e0 1.000000000000000e0
          1.000000000000000e0 1.000000000000000e0 1.000000000000000e0 1.000000000000000e0 1.000000000000000e0
          1.000000000000000e0 1.000000000000000e0 9.999999995789707e-1 9.999999604912585e-1 9.999998965460826e-1
          9.999998751690327e-1 9.999991407401012e-1 9.999991098674318e-1 9.999757539694865e-1 9.997889223576738e-1
          9.971969034809158e-1 9.965532376644559e-1 9.939397499683380e-1 9.929127256834532e-1 7.771924043319643e-1
          5.094836639668966e-1 4.794511776152808e-1 1.396616513087914e-1 6.846403008652018e-2 6.181718115274053e-2
          1.612647670254084e-2 4.609921015687171e-3 3.338476131672160e-3 1.146423089192308e-3 1.064558973717773e-3
          5.267032313044949e-4 4.866502906637322e-4 1.910107499389590e-5 1.837992452667996e-5 6.939510988377911e-6
          1.363184096341755e-6 1.166307732514765e-6 9.088701787077104e-7 3.967819028148357e-8 2.910246685816266e-8
          1.191592037516765e-8
          </occupations>
      </ks_energies>
      <ks_energies>
        <k_point weight="2.500000000000e-1">2.272727272727272e-2 0.000000000000000e0 0.000000000000000e0</k_point>
        <npw>107821</npw>
        <eigenvalues size="56">
          -2.256134030065757e0 -2.243986136149283e0 -2.243644749785384e0 -2.243639261110349e0 -1.383973201917153e0
          -1.383915145007907e0 -1.383905415933707e0 -1.376318501799003e0 -1.375351698957485e0 -1.375332318981639e0
          -1.374108886590190e0 -1.374104923512558e0 -1.372989126932008e0 -1.366473174005755e0 -1.364264172297649e0
          -1.364256722896101e0 -4.604647495863639e-1 -4.368531872916501e-1 -4.366209038577747e-1 -4.233465713300129e-1
          -4.212717335551039e-1 -4.210736428875556e-1 -2.059743638647932e-1 -1.891757139188373e-1 -1.855233387569737e-1
          -1.852142750030832e-1 -1.779142691902891e-1 -1.778055300703314e-1 -1.651433581881291e-1 -1.581749324022359e-1
          -1.488799935754265e-1 -1.477536723556192e-1 -1.451964818691089e-1 -1.449807996370593e-1 -1.309274670506182e-1
          -1.261712008216402e-1 -1.261436894142635e-1 -1.192582019627149e-1 -1.175953392716496e-1 -1.162760870727993e-1
          -1.128065857098309e-1 -1.068088308439178e-1 -1.053445126650656e-1 -1.015237138879171e-1 -1.011398155129484e-1
          -9.863210748193495e-2 -9.853872343823971e-2 -8.653314532821843e-2 -8.645555153458485e-2 -8.290576362230983e-2
          -7.660656869898851e-2 -7.643647236187724e-2 -7.499407890582877e-2 -6.436466374581409e-2 -6.383089187337631e-2
          -6.020039096499561e-2
          </eigenvalues>
        <occupations size="56">
          1.000000000000000e0 1.000000000000000e0 1.000000000000000e0 1.000000000000000e0 1.000000000000000e0
          1.000000000000000e0 1.000000000000000e0 1.000000000000000e0 1.000000000000000e0 1.000000000000000e0
          1.000000000000000e0 1.000000000000000e0 1.000000000000000e0 1.000000000000000e0 1.000000000000000e0
          1.000000000000000e0 1.000000000000000e0 1.000000000000000e0 1.000000000000000e0 1.000000000000000e0
          1.000000000000000e0 1.000000000000000e0 9.999999995823543e-1 9.999999596325669e-1 9.999998909414222e-1
          9.999998813728160e-1 9.999991352697476e-1 9.999991093005917e-1 9.999720678869625e-1 9.998139855971900e-1
          9.976715442458229e-1 9.968390957372074e-1 9.936811821606531e-1 9.933017896112476e-1 7.640634113096375e-1
          4.702456452948319e-1 4.683811382952576e-1 1.191734274727513e-1 7.923629925816699e-2 5.669221531168090e-2
          2.284629310525662e-2 4.550635976342601e-3 3.059655768755722e-3 1.083926374348230e-3 9.765136393860843e-4
          4.937798245589543e-4 4.813963851748635e-4 1.836175703537318e-5 1.797813176535054e-5 6.842962797781769e-6
          1.232603032964718e-6 1.176851564228929e-6 7.948100302452897e-7 4.406618875187424e-8 3.810883251791894e-8
          1.418998625282625e-8
          </occupations>
      </ks_energies>
      <ks_energies>
        <k_point weight="2.500000000000e-1">2.272727272727272e-2 2.272727272727272e-2 0.000000000000000e0</k_point>
        <npw>107828</npw>
        <eigenvalues size="56">
          -2.256134031682112e0 -2.243986141731473e0 -2.243644749166203e0 -2.243639257171111e0 -1.383973202139376e0
          -1.383915145520069e0 -1.383905416120308e0 -1.376318502702091e0 -1.375351700300340e0 -1.375332319297984e0
          -1.374108886310716e0 -1.374104923632328e0 -1.372989127737127e0 -1.366473175237241e0 -1.364264172749208e0
          -1.364256723249368e0 -4.604515086910212e-1 -4.368721767306786e-1 -4.366555814529440e-1 -4.233438691362057e-1
          -4.212507167385622e-1 -4.210525332803414e-1 -2.059391788241411e-1 -1.892036688983283e-1 -1.855969971693264e-1
          -1.853187125562911e-1 -1.779291135916640e-1 -1.778543272844861e-1 -1.651547226164169e-1 -1.580650205846453e-1
          -1.486006010656390e-1 -1.475976415312726e-1 -1.451868577744663e-1 -1.450129059636552e-1 -1.308768363009580e-1
          -1.262687078258818e-1 -1.262392358993863e-1 -1.193736527315553e-1 -1.183802664300493e-1 -1.160486594889570e-1
          -1.125408605802678e-1 -1.067617049567047e-1 -1.048845702735052e-1 -1.015293436721997e-1 -1.011808846544719e-1
          -9.867035442491446e-2 -9.859542564073354e-2 -8.655912193255347e-2 -8.651679257171413e-2 -8.278304824414384e-2
          -7.665247497272832e-2 -7.652344379182998e-2 -7.505914471989477e-2 -6.417439161394939e-2 -6.371927144500480e-2
          -6.008222880168907e-2
          </eigenvalues>
        <occupations size="56">
          1.000000000000000e0 1.000000000000000e0 1.000000000000000e0 1.000000000000000e0 1.000000000000000e0
          1.000000000000000e0 1.000000000000000e0 1.000000000000000e0 1.000000000000000e0 1.000000000000000e0
          1.000000000000000e0 1.000000000000000e0 1.000000000000000e0 1.000000000000000e0 1.000000000000000e0
          1.000000000000000e0 1.000000000000000e0 1.000000000000000e0 1.000000000000000e0 1.000000000000000e0
          1.000000000000000e0 1.000000000000000e0 9.999999995783364e-1 9.999999599384743e-1 9.999998931055737e-1
          9.999998846966172e-1 9.999991387556625e-1 9.999991210494667e-1 9.999721541289190e-1 9.998083392301524e-1
          9.974880786401151e-1 9.967024518495418e-1 9.936647174145520e-1 9.933596672536048e-1 7.615707361107602e-1
          4.768602406333323e-1 4.748599868461918e-1 1.225108283561045e-1 9.628692614569820e-2 5.347202489676386e-2
          2.128656893353242e-2 4.492913493403224e-3 2.700685764140483e-3 1.085586355531199e-3 9.874770203014215e-4
          4.989431072070446e-4 4.888780078903928e-4 1.849200623474195e-5 1.828023368694550e-5 6.618233332176073e-6
          1.248096932972615e-6 1.205035237405352e-6 8.090076923150411e-7 4.184269012423104e-8 3.696873725634120e-8
          1.374098484694218e-8
          </occupations>
      </ks_energies>
      <ks_energies>
        <k_point weight="2.500000000000e-1">2.272727272727272e-2 -4.545454545454545e-2 0.000000000000000e0</k_point>
        <npw>107812</npw>
        <eigenvalues size="56">
          -2.256134024070258e0 -2.243986136559781e0 -2.243644735897158e0 -2.243639258115258e0 -1.383973202157088e0
          -1.383915145810022e0 -1.383905416239353e0 -1.376318503136994e0 -1.375351700857146e0 -1.375332319326908e0
          -1.374108885965251e0 -1.374104923773738e0 -1.372989128256408e0 -1.366473176465912e0 -1.364264173007897e0
          -1.364256723042502e0 -4.604382536317399e-1 -4.368975874102894e-1 -4.366835800290920e-1 -4.233413097525035e-1
          -4.212343585212526e-1 -4.210269680111639e-1 -2.059038021084120e-1 -1.892330971017386e-1 -1.857103929150952e-1
          -1.853794003737237e-1 -1.779454390895839e-1 -1.779005025354280e-1 -1.651651125351338e-1 -1.579537017280457e-1
          -1.484606902781370e-1 -1.473363597310882e-1 -1.451499960976044e-1 -1.450288616955255e-1 -1.308134783848722e-1
          -1.263816043053108e-1 -1.263354198059897e-1 -1.198283245445845e-1 -1.187014268809267e-1 -1.159001509263008e-1
          -1.122606215723915e-1 -1.067217633560602e-1 -1.045002776529802e-1 -1.016932448188439e-1 -1.010540664268523e-1
          -9.871095678821026e-2 -9.865039504811152e-2 -8.660222322822699e-2 -8.655899617352201e-2 -8.265608331505334e-2
          -7.673956211981148e-2 -7.656247424128315e-2 -7.514476088591465e-2 -6.404620015189705e-2 -6.360809239894818e-2
          -5.996336954766256e-2
          </eigenvalues>
        <occupations size="56">
          1.000000000000000e0 1.000000000000000e0 1.000000000000000e0 1.000000000000000e0 1.000000000000000e0
          1.000000000000000e0 1.000000000000000e0 1.000000000000000e0 1.000000000000000e0 1.000000000000000e0
          1.000000000000000e0 1.000000000000000e0 1.000000000000000e0 1.000000000000000e0 1.000000000000000e0
          1.000000000000000e0 1.000000000000000e0 1.000000000000000e0 1.000000000000000e0 1.000000000000000e0
          1.000000000000000e0 1.000000000000000e0 9.999999995742577e-1 9.999999602579990e-1 9.999998963535980e-1
          9.999998865851005e-1 9.999991425731602e-1 9.999991320243115e-1 9.999722327425335e-1 9.998024458954596e-1
          9.973908561690529e-1 9.964603259457075e-1 9.936012597927331e-1 9.933882453813339e-1 7.584260777678074e-1
          4.845288134709890e-1 4.813906125725299e-1 1.364442093922801e-1 1.041643379153267e-1 5.146322207413591e-2
          1.975454347512825e-2 4.444561803642211e-3 2.433188575984845e-3 1.135042983765871e-3 9.540134079658312e-4
          5.044834315613139e-4 4.962419227487579e-4 1.871016173679637e-5 1.849137344649934e-5 6.393486738792470e-6
          1.278027056336863e-6 1.217901775803100e-6 8.280766735211653e-7 4.040826900222042e-8 3.586705762224167e-8
          1.330366701639060e-8
          </occupations>
      </ks_energies>
      <ks_energies>
        <k_point weight="2.500000000000e-1">2.272727272727272e-2 -2.272727272727272e-2 0.000000000000000e0</k_point>
        <npw>107828</npw>
        <eigenvalues size="56">
          -2.256134031683076e0 -2.243986141729032e0 -2.243644750011359e0 -2.243639256335981e0 -1.383973202140639e0
          -1.383915145489128e0 -1.383905416158660e0 -1.376318502703243e0 -1.375351700301777e0 -1.375332319302890e0
          -1.374108886307825e0 -1.374104923636740e0 -1.372989127738048e0 -1.366473175237398e0 -1.364264172781809e0
          -1.364256723219228e0 -4.604515086928248e-1 -4.368721770904424e-1 -4.366555810987226e-1 -4.233438693497790e-1
          -4.212507150683913e-1 -4.210525347898336e-1 -2.059391789035436e-1 -1.892036692324610e-1 -1.855969919611077e-1
          -1.853187182081452e-1 -1.779291132319143e-1 -1.778543280669327e-1 -1.651547223544271e-1 -1.580650206623081e-1
          -1.486006174461496e-1 -1.475976226022740e-1 -1.451868364991262e-1 -1.450129307521630e-1 -1.308768363459488e-1
          -1.262686984947656e-1 -1.262392483383508e-1 -1.193736721463992e-1 -1.183802402819171e-1 -1.160486637558947e-1
          -1.125408612600241e-1 -1.067617094876788e-1 -1.048845793394968e-1 -1.015293940258930e-1 -1.011808754713662e-1
          -9.867042882173994e-2 -9.859540433042977e-2 -8.655913389161995e-2 -8.651680460508231e-2 -8.278315673778449e-2
          -7.665281295778764e-2 -7.652679237938555e-2 -7.506018393751584e-2 -6.417766041105688e-2 -6.375980367820469e-2
          -6.008160860420215e-2
          </eigenvalues>
        <occupations size="56">
          1.000000000000000e0 1.000000000000000e0 1.000000000000000e0 1.000000000000000e0 1.000000000000000e0
          1.000000000000000e0 1.000000000000000e0 1.000000000000000e0 1.000000000000000e0 1.000000000000000e0
          1.000000000000000e0 1.000000000000000e0 1.000000000000000e0 1.000000000000000e0 1.000000000000000e0
          1.000000000000000e0 1.000000000000000e0 1.000000000000000e0 1.000000000000000e0 1.000000000000000e0
          1.000000000000000e0 1.000000000000000e0 9.999999995783364e-1 9.999999599384781e-1 9.999998931054222e-1
          9.999998846967946e-1 9.999991387555781e-1 9.999991210496539e-1 9.999721541269341e-1 9.998083392342018e-1
          9.974880898085129e-1 9.967024349203561e-1 9.936646809698622e-1 9.933597117470413e-1 7.615707383337852e-1
          4.768596072114464e-1 4.748608309106237e-1 1.225113962950594e-1 9.628630700698427e-2 5.347208366291762e-2
          2.128657278711954e-2 4.492919008014572e-3 2.700692408698049e-3 1.085601214121300e-3 9.874745551839450e-4
          4.989532030765623e-4 4.888751743646496e-4 1.849206641092470e-5 1.828029354359014e-5 6.618428721370160e-6
          1.248211726102056e-6 1.206133761048401e-6 8.092365001317020e-7 4.187992512406558e-8 3.737873643053623e-8
          1.373866605459479e-8
          </occupations>
      </ks_energies>
      <ks_energies>
        <k_point weight="1.250000000000e-1">-4.545454545454545e-2 0.000000000000000e0 0.000000000000000e0</k_point>
        <npw>107808</npw>
        <eigenvalues size="56">
          -2.256134023056000e0 -2.243986153591992e0 -2.243644734731205e0 -2.243639239273496e0 -1.383973202123795e0
          -1.383915145516961e0 -1.383905417799617e0 -1.376318501822301e0 -1.375351699268799e0 -1.375332320170939e0
          -1.374108886328432e0 -1.374104923495592e0 -1.372989130150912e0 -1.366473175052999e0 -1.364264174869990e0
          -1.364256723235302e0 -4.604374520168289e-1 -4.369730023392421e-1 -4.366330612270241e-1 -4.231325561346680e-1
          -4.213417722291945e-1 -4.211043438573032e-1 -2.059331445337668e-1 -1.891497278046101e-1 -1.858523872393116e-1
          -1.852273933102122e-1 -1.780268500420749e-1 -1.777779669298362e-1 -1.646696230821906e-1 -1.584075373709521e-1
          -1.487972204231900e-1 -1.479851732248080e-1 -1.453834928581271e-1 -1.448925571275146e-1 -1.304363900588826e-1
          -1.262163909934415e-1 -1.256200475655394e-1 -1.207902746306209e-1 -1.174843552264784e-1 -1.157663173099702e-1
          -1.134059138478297e-1 -1.067197915404097e-1 -1.047453715231344e-1 -1.013891663153900e-1 -1.006065079625098e-1
          -9.873932064676454e-2 -9.828765943593618e-2 -8.651902291410741e-2 -8.640550300094905e-2 -8.260703721465699e-2
          -7.676165073979206e-2 -7.610483668005839e-2 -7.459177752828955e-2 -6.516328712006430e-2 -6.408085837669129e-2
          -6.054813377917020e-2
          </eigenvalues>
        <occupations size="56">
          1.000000000000000e0 1.000000000000000e0 1.000000000000000e0 1.000000000000000e0 1.000000000000000e0
          1.000000000000000e0 1.000000000000000e0 1.000000000000000e0 1.000000000000000e0 1.000000000000000e0
          1.000000000000000e0 1.000000000000000e0 1.000000000000000e0 1.000000000000000e0 1.000000000000000e0
          1.000000000000000e0 1.000000000000000e0 1.000000000000000e0 1.000000000000000e0 1.000000000000000e0
          1.000000000000000e0 1.000000000000000e0 9.999999995776436e-1 9.999999593461098e-1 9.999999002819695e-1
          9.999998817955213e-1 9.999991613589129e-1 9.999991025949583e-1 9.999682248965572e-1 9.998253925204875e-1
          9.976186299736204e-1 9.970315006692598e-1 9.939928080008677e-1 9.931401222367823e-1 7.391313953835120e-1
          4.733100591315288e-1 4.331195508905067e-1 1.703169348313956e-1 7.706075919213533e-2 4.971424954951692e-2
          2.678482778944779e-2 4.442188267308378e-3 2.600563644147262e-3 1.044999796197302e-3 8.447158213834316e-4
          5.083902127022872e-4 4.496209139172302e-4 1.829133125408966e-5 1.773495341264896e-5 6.308725887718884e-6
          1.285731913007852e-6 1.075300487610812e-6 7.123942185628374e-7 5.476269775065047e-8 4.079116137244601e-8
          1.559830348092425e-8
          </occupations>
      </ks_energies>
      <ks_energies>
        <k_point weight="2.500000000000e-1">-4.545454545454545e-2 2.272727272727272e-2 0.000000000000000e0</k_point>
        <npw>107812</npw>
        <eigenvalues size="56">
          -2.256134024960280e0 -2.243986143986876e0 -2.243644737953637e0 -2.243639248638842e0 -1.383973202576993e0
          -1.383915145633829e0 -1.383905417398906e0 -1.376318502750143e0 -1.375351700577195e0 -1.375332319483826e0
          -1.374108885821922e0 -1.374104924128144e0 -1.372989130405428e0 -1.366473175693439e0 -1.364264174177479e0
          -1.364256723708365e0 -4.604242048454120e-1 -4.369725927926757e-1 -4.366875018177232e-1 -4.231265320510220e-1
          -4.213423409443307e-1 -4.210646765817703e-1 -2.058979920153586e-1 -1.891798191518418e-1 -1.858608865501491e-1
          -1.853946703281105e-1 -1.780396698985457e-1 -1.778279257400239e-1 -1.646731339202182e-1 -1.582978694228180e-1
          -1.488440537078140e-1 -1.475191431750666e-1 -1.454240854804061e-1 -1.448505547277420e-1 -1.304157060895955e-1
          -1.263346909022572e-1 -1.256883092519419e-1 -1.207270210018206e-1 -1.184780114628063e-1 -1.155383963497256e-1
          -1.131065996940095e-1 -1.066861103915553e-1 -1.041819332750668e-1 -1.016034640091858e-1 -1.005408875401849e-1
          -9.876971335755730e-2 -9.834037493487955e-2 -8.658458838817246e-2 -8.642834317827507e-2 -8.248136450862464e-2
          -7.676588016858965e-2 -7.626101509343450e-2 -7.463708455699550e-2 -6.515687721832764e-2 -6.380778581230173e-2
          -6.042347307668097e-2
          </eigenvalues>
        <occupations size="56">
          1.000000000000000e0 1.000000000000000e0 1.000000000000000e0 1.000000000000000e0 1.000000000000000e0
          1.000000000000000e0 1.000000000000000e0 1.000000000000000e0 1.000000000000000e0 1.000000000000000e0
          1.000000000000000e0 1.000000000000000e0 1.000000000000000e0 1.000000000000000e0 1.000000000000000e0
          1.000000000000000e0 1.000000000000000e0 1.000000000000000e0 1.000000000000000e0 1.000000000000000e0
          1.000000000000000e0 1.000000000000000e0 9.999999995735839e-1 9.999999596776357e-1 9.999999005123289e-1
          9.999998870553805e-1 9.999991642793798e-1 9.999991147121559e-1 9.999682552373688e-1 9.998201042783341e-1
          9.976487146548084e-1 9.966314967535144e-1 9.940584051265056e-1 9.930618150456977e-1 7.380446901194794e-1
          4.813410952437932e-1 4.376857441207596e-1 1.678984797631745e-1 9.862633413128787e-2 4.686472516319065e-2
          2.474158301982732e-2 4.401839531413852e-3 2.231733371402600e-3 1.107679530103878e-3 8.297786584233846e-4
          5.126100109869657e-4 4.561140717224123e-4 1.862059432529766e-5 1.784551969769969e-5 6.096633080499616e-6
          1.287212493988175e-6 1.121983845026219e-6 7.212314491996636e-7 5.466726265081005e-8 3.786997572378660e-8
          1.507805316646675e-8
          </occupations>
      </ks_energies>
      <ks_energies>
        <k_point weight="1.250000000000e-1">-4.545454545454545e-2 -4.545454545454545e-2 0.000000000000000e0</k_point>
        <npw>107852</npw>
        <eigenvalues size="56">
          -2.256134034784425e0 -2.243986157061931e0 -2.243644745071335e0 -2.243639257786442e0 -1.383973201973339e0
          -1.383915145197949e0 -1.383905416913610e0 -1.376318503278901e0 -1.375351701014345e0 -1.375332319493373e0
          -1.374108884464231e0 -1.374104923327241e0 -1.372989130072320e0 -1.366473176282094e0 -1.364264173772254e0
          -1.364256723413401e0 -4.604109525660308e-1 -4.369722345723035e-1 -4.367416929640827e-1 -4.231207501408706e-1
          -4.213429298826211e-1 -4.210250139172410e-1 -2.058627015480252e-1 -1.892116091909192e-1 -1.858693659182834e-1
          -1.855577453983401e-1 -1.780523800733371e-1 -1.778769995790044e-1 -1.646763308785263e-1 -1.581867408527656e-1
          -1.488930333333427e-1 -1.470989004601502e-1 -1.454640311617053e-1 -1.447493558905162e-1 -1.303889906045089e-1
          -1.264490076252893e-1 -1.257733319949589e-1 -1.206676460741015e-1 -1.193386482762023e-1 -1.153909356230688e-1
          -1.127948123318685e-1 -1.066533994775158e-1 -1.036915654633712e-1 -1.018343212121008e-1 -1.004574413907411e-1
          -9.879696678647473e-2 -9.839719090371496e-2 -8.664933913348902e-2 -8.645034416324371e-2 -8.235117957205695e-2
          -7.676928833812230e-2 -7.640264817818521e-2 -7.470837971679954e-2 -6.515490538904009e-2 -6.352616491378504e-2
          -6.029901228938530e-2
          </eigenvalues>
        <occupations size="56">
          1.000000000000000e0 1.000000000000000e0 1.000000000000000e0 1.000000000000000e0 1.000000000000000e0
          1.000000000000000e0 1.000000000000000e0 1.000000000000000e0 1.000000000000000e0 1.000000000000000e0
          1.000000000000000e0 1.000000000000000e0 1.000000000000000e0 1.000000000000000e0 1.000000000000000e0
          1.000000000000000e0 1.000000000000000e0 1.000000000000000e0 1.000000000000000e0 1.000000000000000e0
          1.000000000000000e0 1.000000000000000e0 9.999999995694695e-1 9.999999600249405e-1 9.999999007416175e-1
          9.999998919577205e-1 9.999991671648203e-1 9.999991264554064e-1 9.999682828404168e-1 9.998145822367437e-1
          9.976797725257512e-1 9.962249472290743e-1 9.941222616267479e-1 9.928694803469917e-1 7.366367834671898e-1
          4.891109393400355e-1 4.433878388442489e-1 1.656533400633540e-1 1.214905276930554e-1 4.510459511307873e-2
          2.277488185920560e-2 4.363002399841225e-3 1.953497832034234e-3 1.179410742276025e-3 8.111644152896453e-4
          5.164237055831816e-4 4.632172845506886e-4 1.895158243085218e-5 1.795267528848337e-5 5.884441021548725e-6
          1.288406820091992e-6 1.166069496440787e-6 7.353602266759407e-7 5.463793814126539e-8 3.507629887238779e-8
          1.457594766927945e-8
          </occupations>
      </ks_energies>
    </band_structure>
    <forces rank="2" dims="3 10">
      4.430627237366920e-2 2.593515451066722e-2 3.751076979267765e-2
      3.414997802941904e-3 2.030337315774657e-3 -1.014476692340041e-1
      1.677652049188797e-8 5.694514728219840e-2 2.048203086729372e-2
      -3.415071192255507e-3 2.028780335416638e-3 -1.014450386156537e-1
      -7.612738698678228e-7 -2.254036850910119e-4 1.308228072599025e-1
      4.918075159195664e-2 -2.843332859198788e-2 2.013233921553899e-2
      5.068697375413497e-7 -3.898791842876843e-3 -1.013515491898941e-1
      -4.430616004036202e-2 2.593499743632806e-2 3.750975221861538e-2
      -4.918081913192634e-2 -2.843324732210463e-2 2.013111459817202e-2
      2.662235879703043e-7 -5.188364543832458e-2 3.765544308735164e-2
      </forces>
    <electric_field>
      <dipoleInfo>
        <idir>3</idir>
        <dipole Units="Atomic Units">1.204225528054024e0</dipole>
        <ion_dipole Units="Atomic Units">3.629974912677053e1</ion_dipole>
        <elec_dipole Units="Atomic Units">3.509552359871650e1</elec_dipole>
        <dipoleField Units="Atomic Units">8.745905196330151e-4</dipoleField>
        <potentialAmp Units="Atomic Units">-6.829190074846090e-2</potentialAmp>
        <totalLength Units="Bohr">3.904221416504532e1</totalLength>
      </dipoleInfo>
    </electric_field>
  </output>
  <exit_status>0</exit_status>
  <timing_info>
    <total label="PWSCF">
      <cpu>2.137521260000000e2</cpu>
      <wall>2.222756581306458e2</wall>
    </total>
    <partial label="init_run" calls="1">
      <cpu>9.738120000000000e0</cpu>
      <wall>9.932511091232300e0</wall>
    </partial>
    <partial label="hinit0" calls="1">
      <cpu>1.807605000000000e0</cpu>
      <wall>1.826937913894653e0</wall>
    </partial>
    <partial label="init_vloc" calls="1">
      <cpu>9.498769999999999e-1</cpu>
      <wall>9.500298500061035e-1</wall>
    </partial>
    <partial label="init_us_1" calls="1">
      <cpu>1.174819999999999e-1</cpu>
      <wall>1.187801361083984e-1</wall>
    </partial>
    <partial label="fft" calls="2642">
      <cpu>2.869942099999989e1</cpu>
      <wall>3.029932522773743e1</wall>
    </partial>
    <partial label="fft_scatter" calls="131185">
      <cpu>4.636028799999329e1</cpu>
      <wall>4.821643781661987e1</wall>
    </partial>
    <partial label="potinit" calls="1">
      <cpu>4.520490000000000e0</cpu>
      <wall>4.598366975784302e0</wall>
    </partial>
    <partial label="v_of_rho" calls="41">
      <cpu>4.421992799999990e1</cpu>
      <wall>4.641912603378296e1</wall>
    </partial>
    <partial label="v_xc" calls="42">
      <cpu>4.461922099999995e1</cpu>
      <wall>4.683872461318970e1</wall>
    </partial>
    <partial label="vdW_kernel" calls="1">
      <cpu>2.172436000000000e0</cpu>
      <wall>2.172844886779785e0</wall>
    </partial>
    <partial label="v_h" calls="41">
      <cpu>3.899979999999630e-1</cpu>
      <wall>4.139051437377930e-1</wall>
    </partial>
    <partial label="interpolate" calls="41">
      <cpu>4.520640000000640e-1</cpu>
      <wall>4.860827922821045e-1</wall>
    </partial>
    <partial label="ffts" calls="81">
      <cpu>1.874440000000277e-1</cpu>
      <wall>1.916513442993164e-1</wall>
    </partial>
    <partial label="newd" calls="41">
      <cpu>1.801462299999997e1</cpu>
      <wall>1.982809019088745e1</wall>
    </partial>
    <partial label="wfcinit" calls="1">
      <cpu>1.170584000000000e0</cpu>
      <wall>1.191561937332153e0</wall>
    </partial>
    <partial label="init_us_2" calls="820">
      <cpu>1.610471999999788e0</cpu>
      <wall>1.621383190155029e0</wall>
    </partial>
    <partial label="init_us_2:cp" calls="820">
      <cpu>1.603073000000336e0</cpu>
      <wall>1.619016647338867e0</wall>
    </partial>
    <partial label="wfcinit:atom" calls="10">
      <cpu>1.518199999999759e-2</cpu>
      <wall>1.531171798706055e-2</wall>
    </partial>
    <partial label="atomic_wfc" calls="10">
      <cpu>1.513800000000209e-2</cpu>
      <wall>1.528620719909668e-2</wall>
    </partial>
    <partial label="wfcinit:wfcr" calls="10">
      <cpu>1.025292000000000e0</cpu>
      <wall>1.042219877243042e0</wall>
    </partial>
    <partial label="wfcrot" calls="10">
      <cpu>1.025247000000000e0</cpu>
      <wall>1.042187929153442e0</wall>
    </partial>
    <partial label="rotwfck" calls="10">
      <cpu>1.025184000000005e0</cpu>
      <wall>1.042124748229980e0</wall>
    </partial>
    <partial label="rotwfck:hpsi" calls="10">
      <cpu>8.422779999999968e-1</cpu>
      <wall>8.544344902038574e-1</wall>
    </partial>
    <partial label="h_psi_bgrp" calls="1837">
      <cpu>6.989565300000027e1</cpu>
      <wall>7.059433054924011e1</wall>
    </partial>
    <partial label="h_psi" calls="1837">
      <cpu>6.989031800000084e1</cpu>
      <wall>7.059053540229797e1</wall>
    </partial>
    <partial label="h_psi:pot" calls="1837">
      <cpu>6.922856199999948e1</cpu>
      <wall>6.991377520561219e1</wall>
    </partial>
    <partial label="vloc_psi" calls="1837">
      <cpu>5.846561500000118e1</cpu>
      <wall>5.912178111076355e1</wall>
    </partial>
    <partial label="fftw" calls="128462">
      <cpu>6.525670000000710e1</cpu>
      <wall>6.598977804183960e1</wall>
    </partial>
    <partial label="h_psi:calbec" calls="1837">
      <cpu>5.555325000000352e0</cpu>
      <wall>5.577900409698486e0</wall>
    </partial>
    <partial label="calbec" calls="2277">
      <cpu>7.630377999999723e0</cpu>
      <wall>7.666398048400879e0</wall>
    </partial>
    <partial label="add_vuspsi" calls="1837">
      <cpu>5.187005999999684e0</cpu>
      <wall>5.203157186508179e0</wall>
    </partial>
    <partial label="rotwfck:hc" calls="10">
      <cpu>1.173549999999963e-1</cpu>
      <wall>1.211483478546143e-1</wall>
    </partial>
    <partial label="s_psi_bgrp" calls="1837">
      <cpu>5.498455999999521e0</cpu>
      <wall>5.521743059158325e0</wall>
    </partial>
    <partial label="s_psi" calls="1837">
      <cpu>4.715950000000277e0</cpu>
      <wall>4.732228994369507e0</wall>
    </partial>
    <partial label="rotwfck:diag" calls="10">
      <cpu>3.333099999999867e-2</cpu>
      <wall>3.338551521301270e-2</wall>
    </partial>
    <partial label="cdiaghg" calls="1827">
      <cpu>7.771054000000021e0</cpu>
      <wall>7.789429903030396e0</wall>
    </partial>
    <partial label="rotwfck:evc" calls="10">
      <cpu>3.204200000000057e-2</cpu>
      <wall>3.305101394653320e-2</wall>
    </partial>
    <partial label="electrons" calls="1">
      <cpu>1.997942790000001e2</cpu>
      <wall>2.079851682186127e2</wall>
    </partial>
    <partial label="c_bands" calls="40">
      <cpu>1.046751890000001e2</cpu>
      <wall>1.054907083511353e2</wall>
    </partial>
    <partial label="cegterg" calls="401">
      <cpu>1.006345449999998e2</cpu>
      <wall>1.013962950706482e2</wall>
    </partial>
    <partial label="cegterg:init" calls="401">
      <cpu>1.838764000000083e0</cpu>
      <wall>1.842849016189575e0</wall>
    </partial>
    <partial label="cegterg:upda" calls="1426">
      <cpu>3.563243000000455e0</cpu>
      <wall>3.574157238006592e0</wall>
    </partial>
    <partial label="g_psi" calls="1426">
      <cpu>3.904009999994855e-1</cpu>
      <wall>3.927860260009766e-1</wall>
    </partial>
    <partial label="cegterg:over" calls="1426">
      <cpu>5.112400000000008e0</cpu>
      <wall>5.124226570129395e0</wall>
    </partial>
    <partial label="cegterg:diag" calls="1817">
      <cpu>7.745173999999508e0</cpu>
      <wall>7.761089563369751e0</wall>
    </partial>
    <partial label="cegterg:last" calls="754">
      <cpu>6.285074000000122e0</cpu>
      <wall>6.295586824417114e0</wall>
    </partial>
    <partial label="sum_band" calls="40">
      <cpu>3.461417799999998e1</cpu>
      <wall>3.685817074775696e1</wall>
    </partial>
    <partial label="sum_band:wei" calls="40">
      <cpu>2.192699999991987e-2</cpu>
      <wall>2.191734313964844e-2</wall>
    </partial>
    <partial label="sum_band:loo" calls="40">
      <cpu>1.603165700000011e1</cpu>
      <wall>1.619136667251587e1</wall>
    </partial>
    <partial label="sum_band:buf" calls="400">
      <cpu>4.030799999999886e-1</cpu>
      <wall>4.178678989410400e-1</wall>
    </partial>
    <partial label="sum_band:ini" calls="400">
      <cpu>7.667710000000056e-1</cpu>
      <wall>7.698066234588623e-1</wall>
    </partial>
    <partial label="sum_band:cal" calls="400">
      <cpu>1.885220000000203e0</cpu>
      <wall>1.893535614013672e0</wall>
    </partial>
    <partial label="sum_band:bec" calls="400">
      <cpu>3.494699999990303e-2</cpu>
      <wall>3.557682037353516e-2</wall>
    </partial>
    <partial label="addusdens" calls="40">
      <cpu>1.498330599999997e1</cpu>
      <wall>1.704304838180542e1</wall>
    </partial>
    <partial label="addusd:skk" calls="80">
      <cpu>1.774039999999673e-1</cpu>
      <wall>1.823837757110596e-1</wall>
    </partial>
    <partial label="addusd:dgemm" calls="80">
      <cpu>5.042852999999894e0</cpu>
      <wall>7.054965257644653e0</wall>
    </partial>
    <partial label="addusd:qvan2" calls="80">
      <cpu>8.051730999999876e0</cpu>
      <wall>8.061493873596191e0</wall>
    </partial>
    <partial label="sum_band:sym" calls="40">
      <cpu>3.438556000000005e0</cpu>
      <wall>3.458921432495117e0</wall>
    </partial>
    <partial label="mix_rho" calls="40">
      <cpu>1.245035000000030e0</cpu>
      <wall>1.288715839385986e0</wall>
    </partial>
    <partial label="ions" calls="1">
      <cpu>3.888095999999990e0</cpu>
      <wall>3.996994018554688e0</wall>
    </partial>
    <partial label="forces" calls="1">
      <cpu>3.888087999999982e0</cpu>
      <wall>3.996986150741577e0</wall>
    </partial>
    <partial label="frc_us" calls="1">
      <cpu>1.021814000000006e0</cpu>
      <wall>1.073477029800415e0</wall>
    </partial>
    <partial label="frc_lc" calls="1">
      <cpu>6.073500000002241e-2</cpu>
      <wall>6.179881095886230e-2</wall>
    </partial>
    <partial label="frc_cc" calls="1">
      <cpu>1.636656999999985e0</cpu>
      <wall>1.689971923828125e0</wall>
    </partial>
    <partial label="frc_scc" calls="1">
      <cpu>1.114362000000000e0</cpu>
      <wall>1.116940975189209e0</wall>
    </partial>
  </timing_info>
  <closed DATE="26 Oct 2022" TIME="12: 9:56"></closed>
</qes:espresso>
