<?xml version="1.0" encoding="UTF-8"?>
<qes:espresso xsi:schemaLocation="http://www.quantum-espresso.org/ns/qes/qes-1.0 http://www.quantum-espresso.org/ns/qes/qes_220603.xsd" Units="Hartree atomic units" xmlns:xsi="http://www.w3.org/2001/XMLSchema-instance" xmlns:qes="http://www.quantum-espresso.org/ns/qes/qes-1.0">
  <!--All quantities are in Hartree atomic units unless otherwise specified-->
  <general_info>
    <xml_format NAME="QEXSD" VERSION="21.11.01">QEXSD_21.11.01</xml_format>
    <creator NAME="PWSCF" VERSION="7.1">XML file generated by PWSCF</creator>
    <created DATE="26Oct2022" TIME="13: 3: 4">This run was terminated on:  13: 3: 4  26 Oct 2022</created>
    <job></job>
  </general_info>
  <parallel_info>
    <nprocs>64</nprocs>
    <nthreads>1</nthreads>
    <ntasks>1</ntasks>
    <nbgrp>1</nbgrp>
    <npool>1</npool>
    <ndiag>64</ndiag>
  </parallel_info>
  <input>
    <control_variables>
      <title></title>
      <calculation>scf</calculation>
      <restart_mode>from_scratch</restart_mode>
      <prefix>calc</prefix>
      <pseudo_dir>/scratch/alevoj1/esp-psp/v2/</pseudo_dir>
      <outdir>.</outdir>
      <stress>false</stress>
      <forces>true</forces>
      <wf_collect>true</wf_collect>
      <disk_io>low</disk_io>
      <max_seconds>10000000</max_seconds>
      <nstep>1</nstep>
      <etot_conv_thr>5.000000000000000e-1</etot_conv_thr>
      <forc_conv_thr>9.723452333419537e-4</forc_conv_thr>
      <press_conv_thr>5.000000000000000e-1</press_conv_thr>
      <verbosity>low</verbosity>
      <print_every>100000</print_every>
      <fcp>false</fcp>
      <rism>false</rism>
    </control_variables>
    <atomic_species ntyp="2">
      <species name="Ti1">
        <mass>4.786700000000000e1</mass>
        <pseudo_file>Ti.UPF</pseudo_file>
      </species>
      <species name="C1">
        <mass>1.201100000000000e1</mass>
        <pseudo_file>C.UPF</pseudo_file>
      </species>
    </atomic_species>
    <atomic_structure nat="19" alat="3.023561799304e1">
      <atomic_positions>
        <atom name="Ti1" index="1">6.103815382345148e0 7.311461537093933e0 2.303576145844812e1</atom>
        <atom name="Ti1" index="2">1.211314445846205e1 7.311461537093933e0 2.303576145844812e1</atom>
        <atom name="Ti1" index="3">9.108479920403598e0 9.046205416966499e0 1.700753512108555e1</atom>
        <atom name="Ti1" index="4">9.108479920403598e0 1.251569317671163e1 2.303576145844812e1</atom>
        <atom name="Ti1" index="5">1.812247353457894e1 7.311461537093933e0 2.303576145844812e1</atom>
        <atom name="Ti1" index="6">1.511780899652049e1 9.046205416966499e0 1.700753512108555e1</atom>
        <atom name="C1" index="7">1.211314445846205e1 1.078094929683907e1 2.002164828976683e1</atom>
        <atom name="Ti1" index="8">1.511780899652049e1 1.251569317671163e1 2.303576145844812e1</atom>
        <atom name="Ti1" index="9">1.211314445846205e1 1.425043705658420e1 1.700753512108555e1</atom>
        <atom name="Ti1" index="10">1.211314445846205e1 1.771992481632936e1 2.303576145844812e1</atom>
        <atom name="Ti1" index="11">2.413180261069584e1 7.311461537093933e0 2.303576145844812e1</atom>
        <atom name="Ti1" index="12">2.112713807263739e1 9.046205416966499e0 1.700753512108555e1</atom>
        <atom name="C1" index="13">1.812247353457894e1 1.078094929683907e1 2.002164828976683e1</atom>
        <atom name="Ti1" index="14">2.112713807263739e1 1.251569317671163e1 2.303576145844812e1</atom>
        <atom name="Ti1" index="15">1.812247353457894e1 1.425043705658420e1 1.700753512108555e1</atom>
        <atom name="C1" index="16">1.511780899652049e1 1.598518093645679e1 2.002164828976683e1</atom>
        <atom name="Ti1" index="17">1.812247353457894e1 1.771992481632936e1 2.303576145844812e1</atom>
        <atom name="Ti1" index="18">1.511780899652049e1 1.945466869620192e1 1.700753512108555e1</atom>
        <atom name="Ti1" index="19">1.511780899652049e1 2.292415645594706e1 2.303576145844812e1</atom>
      </atomic_positions>
      <cell>
        <a1>3.023561799304099e1 0.000000000000000e0 0.000000000000000e0</a1>
        <a2>0.000000000000000e0 3.023561799304099e1 0.000000000000000e0</a2>
        <a3>0.000000000000000e0 0.000000000000000e0 4.004329657953366e1</a3>
      </cell>
    </atomic_structure>
    <dft>
      <functional>BEEF-VDW</functional>
      <vdW>
        <vdw_corr>none</vdw_corr>
        <non_local_term>VDW2</non_local_term>
      </vdW>
    </dft>
    <spin>
      <lsda>false</lsda>
      <noncolin>false</noncolin>
      <spinorbit>false</spinorbit>
    </spin>
    <bands>
      <nbnd>122</nbnd>
      <smearing degauss="3.674932379085e-3">fd</smearing>
      <tot_charge>0.000000000000000e0</tot_charge>
      <occupations>smearing</occupations>
    </bands>
    <basis>
      <gamma_only>false</gamma_only>
      <ecutwfc>2.572452665359641e1</ecutwfc>
      <ecutrho>2.572452665359642e2</ecutrho>
    </basis>
    <electron_control>
      <diagonalization>davidson</diagonalization>
      <mixing_mode>plain</mixing_mode>
      <mixing_beta>1.000000000000000e-1</mixing_beta>
      <conv_thr>3.674932379085202e-8</conv_thr>
      <mixing_ndim>10</mixing_ndim>
      <max_nstep>500</max_nstep>
      <real_space_q>false</real_space_q>
      <real_space_beta>false</real_space_beta>
      <tq_smoothing>false</tq_smoothing>
      <tbeta_smoothing>false</tbeta_smoothing>
      <diago_thr_init>0.000000000000000e0</diago_thr_init>
      <diago_full_acc>false</diago_full_acc>
      <diago_cg_maxiter>20</diago_cg_maxiter>
      <diago_ppcg_maxiter>20</diago_ppcg_maxiter>
      <diago_rmm_ndim>4</diago_rmm_ndim>
      <diago_gs_nblock>16</diago_gs_nblock>
      <diago_rmm_conv>false</diago_rmm_conv>
    </electron_control>
    <k_points_IBZ>
      <monkhorst_pack nk1="4" nk2="4" nk3="1" k1="0" k2="0" k3="0">Monkhorst-Pack</monkhorst_pack>
    </k_points_IBZ>
    <ion_control>
      <ion_dynamics>none</ion_dynamics>
      <upscale>1.000000000000000e2</upscale>
      <remove_rigid_rot>false</remove_rigid_rot>
      <refold_pos>false</refold_pos>
    </ion_control>
    <cell_control>
      <cell_dynamics>none</cell_dynamics>
      <pressure>0.000000000000000e0</pressure>
      <wmass>8.019049999999998e2</wmass>
      <cell_do_free>all</cell_do_free>
    </cell_control>
    <symmetry_flags>
      <nosym>true</nosym>
      <nosym_evc>false</nosym_evc>
      <noinv>false</noinv>
      <no_t_rev>false</no_t_rev>
      <force_symmorphic>false</force_symmorphic>
      <use_all_frac>false</use_all_frac>
    </symmetry_flags>
    <electric_field>
      <electric_potential>sawtooth_potential</electric_potential>
      <dipole_correction>true</dipole_correction>
      <electric_field_direction>3</electric_field_direction>
      <potential_max_position>0.000000000000000e0</potential_max_position>
      <potential_decrease_width>2.500000000000000e-2</potential_decrease_width>
      <electric_field_amplitude>0.000000000000000e0</electric_field_amplitude>
      <electric_field_vector>0.000000000000000e0 0.000000000000000e0 0.000000000000000e0</electric_field_vector>
      <nk_per_string>0</nk_per_string>
      <n_berry_cycles>1</n_berry_cycles>
    </electric_field>
  </input>
  <output>
    <convergence_info>
      <scf_conv>
        <convergence_achieved>true</convergence_achieved>
        <n_scf_steps>115</n_scf_steps>
        <scf_error>1.435759451143924e-8</scf_error>
      </scf_conv>
    </convergence_info>
    <algorithmic_info>
      <real_space_q>false</real_space_q>
      <real_space_beta>false</real_space_beta>
      <uspp>true</uspp>
      <paw>false</paw>
    </algorithmic_info>
    <atomic_species ntyp="2" pseudo_dir="/scratch/alevoj1/esp-psp/v2/">
      <species name="Ti1">
        <mass>4.786700000000000e1</mass>
        <pseudo_file>Ti.UPF</pseudo_file>
      </species>
      <species name="C1">
        <mass>1.201100000000000e1</mass>
        <pseudo_file>C.UPF</pseudo_file>
      </species>
    </atomic_species>
    <atomic_structure nat="19" alat="1.889726124565e0">
      <atomic_positions>
        <atom name="Ti1" index="1">6.103815382345148e0 7.311461537093933e0 2.303576145844812e1</atom>
        <atom name="Ti1" index="2">1.211314445846205e1 7.311461537093933e0 2.303576145844812e1</atom>
        <atom name="Ti1" index="3">9.108479920403598e0 9.046205416966499e0 1.700753512108555e1</atom>
        <atom name="Ti1" index="4">9.108479920403598e0 1.251569317671163e1 2.303576145844812e1</atom>
        <atom name="Ti1" index="5">1.812247353457894e1 7.311461537093933e0 2.303576145844812e1</atom>
        <atom name="Ti1" index="6">1.511780899652049e1 9.046205416966499e0 1.700753512108555e1</atom>
        <atom name="C1" index="7">1.211314445846205e1 1.078094929683907e1 2.002164828976683e1</atom>
        <atom name="Ti1" index="8">1.511780899652049e1 1.251569317671163e1 2.303576145844812e1</atom>
        <atom name="Ti1" index="9">1.211314445846205e1 1.425043705658420e1 1.700753512108555e1</atom>
        <atom name="Ti1" index="10">1.211314445846205e1 1.771992481632936e1 2.303576145844812e1</atom>
        <atom name="Ti1" index="11">2.413180261069584e1 7.311461537093933e0 2.303576145844812e1</atom>
        <atom name="Ti1" index="12">2.112713807263739e1 9.046205416966499e0 1.700753512108555e1</atom>
        <atom name="C1" index="13">1.812247353457894e1 1.078094929683907e1 2.002164828976683e1</atom>
        <atom name="Ti1" index="14">2.112713807263739e1 1.251569317671163e1 2.303576145844812e1</atom>
        <atom name="Ti1" index="15">1.812247353457894e1 1.425043705658420e1 1.700753512108555e1</atom>
        <atom name="C1" index="16">1.511780899652049e1 1.598518093645679e1 2.002164828976683e1</atom>
        <atom name="Ti1" index="17">1.812247353457894e1 1.771992481632936e1 2.303576145844812e1</atom>
        <atom name="Ti1" index="18">1.511780899652049e1 1.945466869620192e1 1.700753512108555e1</atom>
        <atom name="Ti1" index="19">1.511780899652049e1 2.292415645594706e1 2.303576145844812e1</atom>
      </atomic_positions>
      <cell>
        <a1>3.023561799304099e1 0.000000000000000e0 0.000000000000000e0</a1>
        <a2>0.000000000000000e0 3.023561799304099e1 0.000000000000000e0</a2>
        <a3>0.000000000000000e0 0.000000000000000e0 4.004329657953366e1</a3>
      </cell>
    </atomic_structure>
    <symmetries>
      <nsym>1</nsym>
      <nrot>16</nrot>
      <space_group>0</space_group>
      <symmetry>
        <info name="identity">crystal_symmetry</info>
        <rotation rank="2" dims="3 3">
          1.000000000000000e0 0.000000000000000e0 0.000000000000000e0
          0.000000000000000e0 1.000000000000000e0 0.000000000000000e0
          0.000000000000000e0 0.000000000000000e0 1.000000000000000e0
          </rotation>
        <fractional_translation>0.000000000000000e0 0.000000000000000e0 0.000000000000000e0</fractional_translation>
        <equivalent_atoms size="19" nat="19">
          1 2 3 4 5 6 7 8
          9 10 11 12 13 14 15 16
          17 18 19
          </equivalent_atoms>
      </symmetry>
      <symmetry>
        <info name="inv. 180 deg rotation - cart. axis [1,0,0]">lattice_symmetry</info>
        <rotation rank="2" dims="3 3">
          -1.000000000000000e0 0.000000000000000e0 0.000000000000000e0
          0.000000000000000e0 1.000000000000000e0 0.000000000000000e0
          0.000000000000000e0 0.000000000000000e0 1.000000000000000e0
          </rotation>
      </symmetry>
      <symmetry>
        <info name="180 deg rotation - cart. axis [0,1,0]">lattice_symmetry</info>
        <rotation rank="2" dims="3 3">
          -1.000000000000000e0 0.000000000000000e0 0.000000000000000e0
          0.000000000000000e0 1.000000000000000e0 0.000000000000000e0
          0.000000000000000e0 0.000000000000000e0 -1.000000000000000e0
          </rotation>
      </symmetry>
      <symmetry>
        <info name="180 deg rotation - cart. axis [1,0,0]">lattice_symmetry</info>
        <rotation rank="2" dims="3 3">
          1.000000000000000e0 0.000000000000000e0 0.000000000000000e0
          0.000000000000000e0 -1.000000000000000e0 0.000000000000000e0
          0.000000000000000e0 0.000000000000000e0 -1.000000000000000e0
          </rotation>
      </symmetry>
      <symmetry>
        <info name="180 deg rotation - cart. axis [1,1,0]">lattice_symmetry</info>
        <rotation rank="2" dims="3 3">
          0.000000000000000e0 1.000000000000000e0 0.000000000000000e0
          1.000000000000000e0 0.000000000000000e0 0.000000000000000e0
          0.000000000000000e0 0.000000000000000e0 -1.000000000000000e0
          </rotation>
      </symmetry>
      <symmetry>
        <info name="180 deg rotation - cart. axis [1,-1,0]">lattice_symmetry</info>
        <rotation rank="2" dims="3 3">
          0.000000000000000e0 -1.000000000000000e0 0.000000000000000e0
          -1.000000000000000e0 0.000000000000000e0 0.000000000000000e0
          0.000000000000000e0 0.000000000000000e0 -1.000000000000000e0
          </rotation>
      </symmetry>
      <symmetry>
        <info name=" 90 deg rotation - cart. axis [0,0,-1]">lattice_symmetry</info>
        <rotation rank="2" dims="3 3">
          0.000000000000000e0 1.000000000000000e0 0.000000000000000e0
          -1.000000000000000e0 0.000000000000000e0 0.000000000000000e0
          0.000000000000000e0 0.000000000000000e0 1.000000000000000e0
          </rotation>
      </symmetry>
      <symmetry>
        <info name=" 90 deg rotation - cart. axis [0,0,1]">lattice_symmetry</info>
        <rotation rank="2" dims="3 3">
          0.000000000000000e0 -1.000000000000000e0 0.000000000000000e0
          1.000000000000000e0 0.000000000000000e0 0.000000000000000e0
          0.000000000000000e0 0.000000000000000e0 1.000000000000000e0
          </rotation>
      </symmetry>
      <symmetry>
        <info name="inversion">lattice_symmetry</info>
        <rotation rank="2" dims="3 3">
          -1.000000000000000e0 0.000000000000000e0 0.000000000000000e0
          0.000000000000000e0 -1.000000000000000e0 0.000000000000000e0
          0.000000000000000e0 0.000000000000000e0 -1.000000000000000e0
          </rotation>
      </symmetry>
      <symmetry>
        <info name="inv. 180 deg rotation - cart. axis [0,0,1]">lattice_symmetry</info>
        <rotation rank="2" dims="3 3">
          1.000000000000000e0 0.000000000000000e0 0.000000000000000e0
          0.000000000000000e0 1.000000000000000e0 0.000000000000000e0
          0.000000000000000e0 0.000000000000000e0 -1.000000000000000e0
          </rotation>
      </symmetry>
      <symmetry>
        <info name="inv. 180 deg rotation - cart. axis [0,1,0]">lattice_symmetry</info>
        <rotation rank="2" dims="3 3">
          1.000000000000000e0 0.000000000000000e0 0.000000000000000e0
          0.000000000000000e0 -1.000000000000000e0 0.000000000000000e0
          0.000000000000000e0 0.000000000000000e0 1.000000000000000e0
          </rotation>
      </symmetry>
      <symmetry>
        <info name="180 deg rotation - cart. axis [0,0,1]">lattice_symmetry</info>
        <rotation rank="2" dims="3 3">
          -1.000000000000000e0 0.000000000000000e0 0.000000000000000e0
          0.000000000000000e0 -1.000000000000000e0 0.000000000000000e0
          0.000000000000000e0 0.000000000000000e0 1.000000000000000e0
          </rotation>
      </symmetry>
      <symmetry>
        <info name="inv. 180 deg rotation - cart. axis [1,1,0]">lattice_symmetry</info>
        <rotation rank="2" dims="3 3">
          0.000000000000000e0 -1.000000000000000e0 0.000000000000000e0
          -1.000000000000000e0 0.000000000000000e0 0.000000000000000e0
          0.000000000000000e0 0.000000000000000e0 1.000000000000000e0
          </rotation>
      </symmetry>
      <symmetry>
        <info name="inv. 180 deg rotation - cart. axis [1,-1,0]">lattice_symmetry</info>
        <rotation rank="2" dims="3 3">
          0.000000000000000e0 1.000000000000000e0 0.000000000000000e0
          1.000000000000000e0 0.000000000000000e0 0.000000000000000e0
          0.000000000000000e0 0.000000000000000e0 1.000000000000000e0
          </rotation>
      </symmetry>
      <symmetry>
        <info name="inv.  90 deg rotation - cart. axis [0,0,-1]">lattice_symmetry</info>
        <rotation rank="2" dims="3 3">
          0.000000000000000e0 -1.000000000000000e0 0.000000000000000e0
          1.000000000000000e0 0.000000000000000e0 0.000000000000000e0
          0.000000000000000e0 0.000000000000000e0 -1.000000000000000e0
          </rotation>
      </symmetry>
      <symmetry>
        <info name="inv.  90 deg rotation - cart. axis [0,0,1]">lattice_symmetry</info>
        <rotation rank="2" dims="3 3">
          0.000000000000000e0 1.000000000000000e0 0.000000000000000e0
          -1.000000000000000e0 0.000000000000000e0 0.000000000000000e0
          0.000000000000000e0 0.000000000000000e0 -1.000000000000000e0
          </rotation>
      </symmetry>
    </symmetries>
    <basis_set>
      <gamma_only>false</gamma_only>
      <ecutwfc>2.572452665359641e1</ecutwfc>
      <ecutrho>2.572452665359642e2</ecutrho>
      <fft_grid nr1="225" nr2="225" nr3="300"></fft_grid>
      <fft_smooth nr1="144" nr2="144" nr3="192"></fft_smooth>
      <fft_box nr1="225" nr2="225" nr3="300"></fft_box>
      <ngm>7214225</ngm>
      <ngms>1825171</ngms>
      <npwx>228219</npwx>
      <reciprocal_lattice>
        <b1>6.250000000000001e-2 0.000000000000000e0 0.000000000000000e0</b1>
        <b2>0.000000000000000e0 6.250000000000000e-2 0.000000000000000e0</b2>
        <b3>0.000000000000000e0 0.000000000000000e0 4.719207173194903e-2</b3>
      </reciprocal_lattice>
    </basis_set>
    <dft>
      <functional>BEEF</functional>
      <vdW>
        <vdw_corr>none</vdw_corr>
        <non_local_term>VDW2</non_local_term>
      </vdW>
    </dft>
    <magnetization>
      <lsda>false</lsda>
      <noncolin>false</noncolin>
      <spinorbit>false</spinorbit>
      <absolute>0.000000000000000e0</absolute>
    </magnetization>
    <total_energy>
      <etot>-9.541315771809428e2</etot>
      <eband>-2.105190717087783e2</eband>
      <ehart>1.485135119530099e3</ehart>
      <vtxc>-1.606438195098975e2</vtxc>
      <etxc>-1.251789203518081e2</etxc>
      <ewald>7.061584265225773e2</ewald>
      <demet>-9.790602963453853e-2</demet>
      <efieldcorr>9.667528112334873e-6</efieldcorr>
    </total_energy>
    <band_structure>
      <lsda>false</lsda>
      <noncolin>false</noncolin>
      <spinorbit>false</spinorbit>
      <nbnd>122</nbnd>
      <nelec>2.040000000000000e2</nelec>
      <num_of_atomic_wfc>172</num_of_atomic_wfc>
      <wf_collected>true</wf_collected>
      <fermi_energy>-8.707250034809938e-2</fermi_energy>
      <starting_k_points>
        <monkhorst_pack nk1="4" nk2="4" nk3="1" k1="0" k2="0" k3="0">Monkhorst-Pack</monkhorst_pack>
      </starting_k_points>
      <nks>10</nks>
      <occupations_kind>smearing</occupations_kind>
      <smearing degauss="3.674932379085e-3">fd</smearing>
      <ks_energies>
        <k_point weight="1.250000000000e-1">0.000000000000000e0 0.000000000000000e0 0.000000000000000e0</k_point>
        <npw>228219</npw>
        <eigenvalues size="122">
          -2.210794952050309e0 -2.210762441452114e0 -2.210758059767488e0 -2.209954726059628e0 -2.209912861424979e0
          -2.209912161130056e0 -2.209564001930145e0 -2.209273453168413e0 -2.209259824964789e0 -2.207779947985846e0
          -2.207167219461114e0 -2.207153529968589e0 -2.207116374338570e0 -2.206944615857510e0 -2.206932099862930e0
          -2.206826171873999e0 -1.343557661835546e0 -1.343550264105914e0 -1.343515294779388e0 -1.342371817377675e0
          -1.342301863019455e0 -1.342301262131647e0 -1.341903818149850e0 -1.341045567187263e0 -1.341037243755312e0
          -1.340081215578071e0 -1.339952423740723e0 -1.339946157246985e0 -1.339602265285887e0 -1.339598147841324e0
          -1.339479089660979e0 -1.338590881300959e0 -1.338472509445120e0 -1.338470561568055e0 -1.338275092143161e0
          -1.338202526330926e0 -1.338187978253194e0 -1.337669880470365e0 -1.337667665982665e0 -1.337322680642249e0
          -1.336981120658427e0 -1.336565098363009e0 -1.336274271704914e0 -1.336239436062448e0 -1.336147068505628e0
          -1.336029938728798e0 -1.335992945390284e0 -1.335579418405694e0 -1.335578700159453e0 -1.335273738457735e0
          -1.335177650832991e0 -1.334715034477554e0 -1.334702659819940e0 -1.332326593648069e0 -1.332323766349476e0
          -1.332109758151067e0 -1.332109619387527e0 -1.331870057640737e0 -1.329492107113279e0 -1.328828248299842e0
          -1.328822152877142e0 -1.326895244833953e0 -1.326887411045859e0 -1.326477769330172e0 -4.484555042633456e-1
          -4.263162653770030e-1 -4.263109382942472e-1 -2.160967833582311e-1 -2.058178651464178e-1 -1.977214100588474e-1
          -1.977210268737047e-1 -1.901702880172348e-1 -1.901667404193831e-1 -1.725965881062496e-1 -1.724847739717545e-1
          -1.648747095254972e-1 -1.577721968961613e-1 -1.347678690125709e-1 -1.342247814541519e-1 -1.278987723647187e-1
          -1.256445398618221e-1 -1.252409935320038e-1 -1.141228539218163e-1 -1.124246276031165e-1 -1.114058741833712e-1
          -1.107835137464884e-1 -1.080247548737559e-1 -1.079724440442931e-1 -1.036243894649389e-1 -9.856774765660635e-2
          -9.844883348472827e-2 -9.572890041911998e-2 -9.561674144422177e-2 -9.513881662344684e-2 -9.368721286408421e-2
          -9.347470006976913e-2 -9.110821731903457e-2 -8.876034365309554e-2 -8.865377075838998e-2 -8.819758744556683e-2
          -8.800957848303547e-2 -8.666001281683824e-2 -8.664253449177833e-2 -8.644037783356914e-2 -8.414612923229805e-2
          -8.387792822125231e-2 -8.378037641029682e-2 -8.239889355247634e-2 -8.198219751022046e-2 -8.135344274950778e-2
          -8.032970937720865e-2 -8.024342642629181e-2 -7.893928938539288e-2 -7.833307833047341e-2 -7.816739666577853e-2
          -7.481072490719165e-2 -7.363547768524698e-2 -7.334601929655983e-2 -7.307624056507356e-2 -7.264053398192758e-2
          -7.140592445275975e-2 -7.128375256782846e-2
          </eigenvalues>
        <occupations size="122">
          1.000000000000000e0 1.000000000000000e0 1.000000000000000e0 1.000000000000000e0 1.000000000000000e0
          1.000000000000000e0 1.000000000000000e0 1.000000000000000e0 1.000000000000000e0 1.000000000000000e0
          1.000000000000000e0 1.000000000000000e0 1.000000000000000e0 1.000000000000000e0 1.000000000000000e0
          1.000000000000000e0 1.000000000000000e0 1.000000000000000e0 1.000000000000000e0 1.000000000000000e0
          1.000000000000000e0 1.000000000000000e0 1.000000000000000e0 1.000000000000000e0 1.000000000000000e0
          1.000000000000000e0 1.000000000000000e0 1.000000000000000e0 1.000000000000000e0 1.000000000000000e0
          1.000000000000000e0 1.000000000000000e0 1.000000000000000e0 1.000000000000000e0 1.000000000000000e0
          1.000000000000000e0 1.000000000000000e0 1.000000000000000e0 1.000000000000000e0 1.000000000000000e0
          1.000000000000000e0 1.000000000000000e0 1.000000000000000e0 1.000000000000000e0 1.000000000000000e0
          1.000000000000000e0 1.000000000000000e0 1.000000000000000e0 1.000000000000000e0 1.000000000000000e0
          1.000000000000000e0 1.000000000000000e0 1.000000000000000e0 1.000000000000000e0 1.000000000000000e0
          1.000000000000000e0 1.000000000000000e0 1.000000000000000e0 1.000000000000000e0 1.000000000000000e0
          1.000000000000000e0 1.000000000000000e0 1.000000000000000e0 1.000000000000000e0 1.000000000000000e0
          1.000000000000000e0 1.000000000000000e0 9.999999999999993e-1 9.999999999999908e-1 9.999999999999162e-1
          9.999999999999162e-1 9.999999999993452e-1 9.999999999993445e-1 9.999999999218421e-1 9.999999999194273e-1
          9.999999993609629e-1 9.999999955854797e-1 9.999976907152828e-1 9.999973229401826e-1 9.999850292019486e-1
          9.999723535669112e-1 9.999691448382425e-1 9.993646988194264e-1 9.989918855646597e-1 9.986702690703881e-1
          9.984252694910808e-1 9.966698381574528e-1 9.966222572384876e-1 9.890564187667852e-1 9.580336987139789e-1
          9.567132783952131e-1 9.133724904189860e-1 9.109269870332664e-1 8.997956770427137e-1 8.581434441259129e-1
          8.509570601603631e-1 7.499179027321661e-1 6.128446728700867e-1 6.059418602427219e-1 5.759456779924493e-1
          5.634048035469176e-1 4.719685310352826e-1 4.707834048517435e-1 4.571033908936217e-1 3.108162312454467e-1
          2.954026170765553e-1 2.899076679040695e-1 2.189572909915594e-1 2.001844566639969e-1 1.741875950173826e-1
          1.376666399581835e-1 1.349030043763099e-1 9.857498336155919e-2 8.485661746997810e-2 8.142044906142070e-2
          3.433675108050957e-2 2.517516082056998e-2 2.331276034292787e-2 2.169847089355465e-2 1.931938313464804e-2
          1.388324160421507e-2 1.343538462016140e-2
          </occupations>
      </ks_energies>
      <ks_energies>
        <k_point weight="2.500000000000e-1">0.000000000000000e0 1.562500000000000e-2 0.000000000000000e0</k_point>
        <npw>228177</npw>
        <eigenvalues size="122">
          -2.210794945353528e0 -2.210762423304308e0 -2.210758059470780e0 -2.209954718791724e0 -2.209912868478453e0
          -2.209912140733048e0 -2.209563993391287e0 -2.209273443516018e0 -2.209259825050764e0 -2.207779937252225e0
          -2.207167199884303e0 -2.207153537364511e0 -2.207116366279589e0 -2.206944606022450e0 -2.206932111884357e0
          -2.206826161801510e0 -1.343557661705898e0 -1.343550263860283e0 -1.343515294697572e0 -1.342371817341658e0
          -1.342301863094148e0 -1.342301261976065e0 -1.341903818057325e0 -1.341045566951567e0 -1.341037243647591e0
          -1.340081214995491e0 -1.339952423542374e0 -1.339946157232733e0 -1.339602265377927e0 -1.339598147560405e0
          -1.339479089478824e0 -1.338590881707684e0 -1.338472509615124e0 -1.338470561806695e0 -1.338275092551703e0
          -1.338202526333173e0 -1.338187978355042e0 -1.337669880661521e0 -1.337667665716611e0 -1.337322680364463e0
          -1.336981120659353e0 -1.336565098199141e0 -1.336274272175496e0 -1.336239436374733e0 -1.336147068508908e0
          -1.336029939269200e0 -1.335992945522445e0 -1.335579417975647e0 -1.335578700323747e0 -1.335273738499200e0
          -1.335177650915773e0 -1.334715034576842e0 -1.334702659781595e0 -1.332326593625756e0 -1.332323766758739e0
          -1.332109758206153e0 -1.332109619695403e0 -1.331870057908228e0 -1.329492106772547e0 -1.328828248126611e0
          -1.328822153689353e0 -1.326895245012845e0 -1.326887411999508e0 -1.326477769665754e0 -4.484554946931691e-1
          -4.263162590318666e-1 -4.263109408838494e-1 -2.160951990501262e-1 -2.058130197999440e-1 -1.977215901367719e-1
          -1.977194263726315e-1 -1.901753746753240e-1 -1.901666933087828e-1 -1.726668806740251e-1 -1.724839065160551e-1
          -1.648025125292845e-1 -1.577715668099639e-1 -1.348987961166742e-1 -1.342244076246646e-1 -1.278966319759979e-1
          -1.255082423591023e-1 -1.252476600409918e-1 -1.141555754247496e-1 -1.124401873548406e-1 -1.111907911184642e-1
          -1.107871239888399e-1 -1.080276366748479e-1 -1.079700082426882e-1 -1.036112167326928e-1 -9.855100063869587e-2
          -9.844687999908396e-2 -9.570348994438536e-2 -9.563510578902354e-2 -9.513185138639363e-2 -9.367688512537480e-2
          -9.347132302656249e-2 -9.106023459400550e-2 -8.880448266504004e-2 -8.866129469622972e-2 -8.814023168957217e-2
          -8.801018983477217e-2 -8.674059727852052e-2 -8.663502946313434e-2 -8.645857167558621e-2 -8.415561388700180e-2
          -8.391673103186779e-2 -8.378201191875981e-2 -8.239127695378098e-2 -8.182792878192924e-2 -8.131572873387752e-2
          -8.032654769881919e-2 -8.025431694621119e-2 -7.901941172570615e-2 -7.833322851030278e-2 -7.818104043575971e-2
          -7.483339554200816e-2 -7.362968154861296e-2 -7.341607493627958e-2 -7.309476933498788e-2 -7.280275129864200e-2
          -7.150379345063165e-2 -7.127347561909708e-2
          </eigenvalues>
        <occupations size="122">
          1.000000000000000e0 1.000000000000000e0 1.000000000000000e0 1.000000000000000e0 1.000000000000000e0
          1.000000000000000e0 1.000000000000000e0 1.000000000000000e0 1.000000000000000e0 1.000000000000000e0
          1.000000000000000e0 1.000000000000000e0 1.000000000000000e0 1.000000000000000e0 1.000000000000000e0
          1.000000000000000e0 1.000000000000000e0 1.000000000000000e0 1.000000000000000e0 1.000000000000000e0
          1.000000000000000e0 1.000000000000000e0 1.000000000000000e0 1.000000000000000e0 1.000000000000000e0
          1.000000000000000e0 1.000000000000000e0 1.000000000000000e0 1.000000000000000e0 1.000000000000000e0
          1.000000000000000e0 1.000000000000000e0 1.000000000000000e0 1.000000000000000e0 1.000000000000000e0
          1.000000000000000e0 1.000000000000000e0 1.000000000000000e0 1.000000000000000e0 1.000000000000000e0
          1.000000000000000e0 1.000000000000000e0 1.000000000000000e0 1.000000000000000e0 1.000000000000000e0
          1.000000000000000e0 1.000000000000000e0 1.000000000000000e0 1.000000000000000e0 1.000000000000000e0
          1.000000000000000e0 1.000000000000000e0 1.000000000000000e0 1.000000000000000e0 1.000000000000000e0
          1.000000000000000e0 1.000000000000000e0 1.000000000000000e0 1.000000000000000e0 1.000000000000000e0
          1.000000000000000e0 1.000000000000000e0 1.000000000000000e0 1.000000000000000e0 1.000000000000000e0
          1.000000000000000e0 1.000000000000000e0 9.999999999999993e-1 9.999999999999908e-1 9.999999999999162e-1
          9.999999999999162e-1 9.999999999993461e-1 9.999999999993445e-1 9.999999999233227e-1 9.999999999194085e-1
          9.999999993482845e-1 9.999999955847228e-1 9.999977715398467e-1 9.999973226678478e-1 9.999850204801064e-1
          9.999713089820293e-1 9.999692007585706e-1 9.993703268696553e-1 9.989961406460587e-1 9.985902342588147e-1
          9.984268133093444e-1 9.966724398871127e-1 9.966200252462610e-1 9.890175528809566e-1 9.578500971776570e-1
          9.566912591307785e-1 9.128238237714580e-1 9.113316225447949e-1 8.996246574018482e-1 8.578009901281137e-1
          8.508404741677037e-1 7.474612421201535e-1 6.156905455699889e-1 6.064306169885654e-1 5.721294270444100e-1
          5.634457236495964e-1 4.774364796702021e-1 4.702746230855047e-1 4.583322384037000e-1 3.113693555791562e-1
          2.976050585347443e-1 2.899992938708964e-1 2.186030548536434e-1 1.935477303671485e-1 1.727163041347272e-1
          1.375645373465155e-1 1.352492270521119e-1 1.005293269871000e-1 8.485979101367082e-2 8.169855498603795e-2
          3.454188960764942e-2 2.513648292003473e-2 2.375078063195176e-2 2.180575781176987e-2 2.017368370518765e-2
          1.425260010931744e-2 1.339836775301368e-2
          </occupations>
      </ks_energies>
      <ks_energies>
        <k_point weight="1.250000000000e-1">0.000000000000000e0 -3.125000000000000e-2 0.000000000000000e0</k_point>
        <npw>228166</npw>
        <eigenvalues size="122">
          -2.210794938124041e0 -2.210762420712609e0 -2.210758061275139e0 -2.209954717183721e0 -2.209912866361924e0
          -2.209912138751290e0 -2.209563989960893e0 -2.209273440450097e0 -2.209259827559895e0 -2.207779931258664e0
          -2.207167215355616e0 -2.207153520789535e0 -2.207116366317007e0 -2.206944620834912e0 -2.206932089084555e0
          -2.206826169241123e0 -1.343557662069876e0 -1.343550264026769e0 -1.343515294560815e0 -1.342371817394277e0
          -1.342301863278053e0 -1.342301261812523e0 -1.341903817982022e0 -1.341045567375052e0 -1.341037243818811e0
          -1.340081214705479e0 -1.339952423586315e0 -1.339946157017666e0 -1.339602265277635e0 -1.339598147555760e0
          -1.339479089579148e0 -1.338590881793980e0 -1.338472509801226e0 -1.338470562254029e0 -1.338275092885041e0
          -1.338202526517770e0 -1.338187978550743e0 -1.337669880263091e0 -1.337667665625399e0 -1.337322679914127e0
          -1.336981120469323e0 -1.336565098137677e0 -1.336274272517207e0 -1.336239436393696e0 -1.336147068510131e0
          -1.336029939691572e0 -1.335992945772790e0 -1.335579417585678e0 -1.335578700393852e0 -1.335273738526920e0
          -1.335177650948085e0 -1.334715034707577e0 -1.334702659798253e0 -1.332326593559459e0 -1.332323767231055e0
          -1.332109758198616e0 -1.332109619941672e0 -1.331870058710060e0 -1.329492106357464e0 -1.328828248416586e0
          -1.328822154255033e0 -1.326895245147331e0 -1.326887412629782e0 -1.326477769878208e0 -4.484554935986109e-1
          -4.263162561703949e-1 -4.263109385566112e-1 -2.160936423875225e-1 -2.058081977969222e-1 -1.977217966799782e-1
          -1.977178331833896e-1 -1.901805370659495e-1 -1.901666571455354e-1 -1.727359229745740e-1 -1.724830418474197e-1
          -1.647315451533673e-1 -1.577709201336819e-1 -1.350253500452334e-1 -1.342240511255003e-1 -1.278938015402280e-1
          -1.253789728291695e-1 -1.252543248176292e-1 -1.141817020095639e-1 -1.124504840046251e-1 -1.109835963062014e-1
          -1.107906865548125e-1 -1.080299198546014e-1 -1.079676047973551e-1 -1.035974813657911e-1 -9.853367964363063e-2
          -9.844488813650363e-2 -9.567496502635786e-2 -9.565337839498955e-2 -9.512661103279857e-2 -9.366180129765691e-2
          -9.346804369527145e-2 -9.100483588264165e-2 -8.884886562785915e-2 -8.866874051723334e-2 -8.808181449931386e-2
          -8.801076807454200e-2 -8.683782111564355e-2 -8.662778101004875e-2 -8.647619112946265e-2 -8.417127459242455e-2
          -8.394779000707391e-2 -8.378365652578241e-2 -8.238359269895268e-2 -8.164379120851034e-2 -8.127832278662448e-2
          -8.032379020269126e-2 -8.026554657415181e-2 -7.913964747553212e-2 -7.834214948932119e-2 -7.819456693090785e-2
          -7.486758298556317e-2 -7.373094022053000e-2 -7.348013138636031e-2 -7.311343204357623e-2 -7.298066650100424e-2
          -7.168799467044531e-2 -7.126325561917626e-2
          </eigenvalues>
        <occupations size="122">
          1.000000000000000e0 1.000000000000000e0 1.000000000000000e0 1.000000000000000e0 1.000000000000000e0
          1.000000000000000e0 1.000000000000000e0 1.000000000000000e0 1.000000000000000e0 1.000000000000000e0
          1.000000000000000e0 1.000000000000000e0 1.000000000000000e0 1.000000000000000e0 1.000000000000000e0
          1.000000000000000e0 1.000000000000000e0 1.000000000000000e0 1.000000000000000e0 1.000000000000000e0
          1.000000000000000e0 1.000000000000000e0 1.000000000000000e0 1.000000000000000e0 1.000000000000000e0
          1.000000000000000e0 1.000000000000000e0 1.000000000000000e0 1.000000000000000e0 1.000000000000000e0
          1.000000000000000e0 1.000000000000000e0 1.000000000000000e0 1.000000000000000e0 1.000000000000000e0
          1.000000000000000e0 1.000000000000000e0 1.000000000000000e0 1.000000000000000e0 1.000000000000000e0
          1.000000000000000e0 1.000000000000000e0 1.000000000000000e0 1.000000000000000e0 1.000000000000000e0
          1.000000000000000e0 1.000000000000000e0 1.000000000000000e0 1.000000000000000e0 1.000000000000000e0
          1.000000000000000e0 1.000000000000000e0 1.000000000000000e0 1.000000000000000e0 1.000000000000000e0
          1.000000000000000e0 1.000000000000000e0 1.000000000000000e0 1.000000000000000e0 1.000000000000000e0
          1.000000000000000e0 1.000000000000000e0 1.000000000000000e0 1.000000000000000e0 1.000000000000000e0
          1.000000000000000e0 1.000000000000000e0 9.999999999999993e-1 9.999999999999908e-1 9.999999999999162e-1
          9.999999999999162e-1 9.999999999993470e-1 9.999999999993445e-1 9.999999999247500e-1 9.999999999193893e-1
          9.999999993355768e-1 9.999999955839458e-1 9.999978469749969e-1 9.999973224081121e-1 9.999850089385976e-1
          9.999702818160269e-1 9.999692565630626e-1 9.993747848070720e-1 9.989989465720718e-1 9.985085894286369e-1
          9.984283352588150e-1 9.966744997347881e-1 9.966178214622595e-1 9.889768815830575e-1 9.576593952796484e-1
          9.566687962791239e-1 9.122041665535065e-1 9.117325890712923e-1 8.994958184710152e-1 8.572995916745008e-1
          8.507271895263138e-1 7.446050862611971e-1 6.185441833025402e-1 6.069140895984146e-1 5.682337127410513e-1
          5.634844266472152e-1 4.840405558309001e-1 4.697832937445571e-1 4.595227741052981e-1 3.122838325452668e-1
          2.993747615289357e-1 2.900914468370905e-1 2.182460906059891e-1 1.858466379578661e-1 1.712667614715108e-1
          1.374755392856026e-1 1.356070150390424e-1 1.035266832070481e-1 8.504849906668762e-2 8.197512447200694e-2
          3.485347585258291e-2 2.582058879783306e-2 2.415831222789225e-2 2.191434450794496e-2 2.115321617225892e-2
          1.497423002408760e-2 1.336165578413433e-2
          </occupations>
      </ks_energies>
      <ks_energies>
        <k_point weight="2.500000000000e-1">1.562500000000000e-2 0.000000000000000e0 0.000000000000000e0</k_point>
        <npw>228177</npw>
        <eigenvalues size="122">
          -2.210794948485070e0 -2.210762437803413e0 -2.210758035707319e0 -2.209954717597341e0 -2.209912860067055e0
          -2.209912145923101e0 -2.209563983706460e0 -2.209273450463543e0 -2.209259834106352e0 -2.207779920495229e0
          -2.207167193517122e0 -2.207153507898379e0 -2.207116380455773e0 -2.206944641805034e0 -2.206932087591940e0
          -2.206826184439736e0 -1.343557661517600e0 -1.343550263896546e0 -1.343515294621262e0 -1.342371817380120e0
          -1.342301864527866e0 -1.342301260520619e0 -1.341903818314020e0 -1.341045567197819e0 -1.341037243650487e0
          -1.340081215599276e0 -1.339952423260872e0 -1.339946157255338e0 -1.339602264905758e0 -1.339598147586524e0
          -1.339479089452935e0 -1.338590882055279e0 -1.338472509456745e0 -1.338470561475825e0 -1.338275092306941e0
          -1.338202518151972e0 -1.338187986553024e0 -1.337669880787829e0 -1.337667665562584e0 -1.337322680624763e0
          -1.336981120750525e0 -1.336565098334103e0 -1.336274271627909e0 -1.336239438334821e0 -1.336147064813198e0
          -1.336029921814166e0 -1.335992964946732e0 -1.335579417734803e0 -1.335578700828386e0 -1.335273738733518e0
          -1.335177650505651e0 -1.334715034592131e0 -1.334702660318285e0 -1.332326594727326e0 -1.332323766429828e0
          -1.332109758928248e0 -1.332109619812738e0 -1.331870057859060e0 -1.329492106297259e0 -1.328828248181749e0
          -1.328822153587958e0 -1.326895245798954e0 -1.326887411169402e0 -1.326477770064725e0 -4.484554885299108e-1
          -4.263162553364452e-1 -4.263109440028646e-1 -2.160949099445378e-1 -2.058071573941449e-1 -1.977219575479324e-1
          -1.977196114567671e-1 -1.901776329200792e-1 -1.901655268908021e-1 -1.727162911342513e-1 -1.724907145546222e-1
          -1.647225190283253e-1 -1.577736778806176e-1 -1.350567184105143e-1 -1.343230808300364e-1 -1.276090826784975e-1
          -1.256248295499562e-1 -1.253375689034517e-1 -1.137764629456512e-1 -1.123623803854344e-1 -1.114043109424285e-1
          -1.109621416770636e-1 -1.080507470176339e-1 -1.080006928988646e-1 -1.035206020630979e-1 -9.857255792711880e-2
          -9.847999185110943e-2 -9.567527763910080e-2 -9.540027879960672e-2 -9.506461481404255e-2 -9.371998335180932e-2
          -9.353207270447985e-2 -9.104411370685375e-2 -8.876359507834339e-2 -8.871741909088710e-2 -8.811825045634780e-2
          -8.805174299367799e-2 -8.671335126996702e-2 -8.663568554827762e-2 -8.641942289828874e-2 -8.409914986907127e-2
          -8.385168292140493e-2 -8.384285526355011e-2 -8.241942423814407e-2 -8.178580337202678e-2 -8.148839644506690e-2
          -8.031470605358692e-2 -8.026961624525178e-2 -7.880292126740298e-2 -7.827779026495365e-2 -7.820720060595024e-2
          -7.473559394268756e-2 -7.342376779334179e-2 -7.330579067151501e-2 -7.319925046232088e-2 -7.234172870249100e-2
          -7.141934200078184e-2 -7.135685396217020e-2
          </eigenvalues>
        <occupations size="122">
          1.000000000000000e0 1.000000000000000e0 1.000000000000000e0 1.000000000000000e0 1.000000000000000e0
          1.000000000000000e0 1.000000000000000e0 1.000000000000000e0 1.000000000000000e0 1.000000000000000e0
          1.000000000000000e0 1.000000000000000e0 1.000000000000000e0 1.000000000000000e0 1.000000000000000e0
          1.000000000000000e0 1.000000000000000e0 1.000000000000000e0 1.000000000000000e0 1.000000000000000e0
          1.000000000000000e0 1.000000000000000e0 1.000000000000000e0 1.000000000000000e0 1.000000000000000e0
          1.000000000000000e0 1.000000000000000e0 1.000000000000000e0 1.000000000000000e0 1.000000000000000e0
          1.000000000000000e0 1.000000000000000e0 1.000000000000000e0 1.000000000000000e0 1.000000000000000e0
          1.000000000000000e0 1.000000000000000e0 1.000000000000000e0 1.000000000000000e0 1.000000000000000e0
          1.000000000000000e0 1.000000000000000e0 1.000000000000000e0 1.000000000000000e0 1.000000000000000e0
          1.000000000000000e0 1.000000000000000e0 1.000000000000000e0 1.000000000000000e0 1.000000000000000e0
          1.000000000000000e0 1.000000000000000e0 1.000000000000000e0 1.000000000000000e0 1.000000000000000e0
          1.000000000000000e0 1.000000000000000e0 1.000000000000000e0 1.000000000000000e0 1.000000000000000e0
          1.000000000000000e0 1.000000000000000e0 1.000000000000000e0 1.000000000000000e0 1.000000000000000e0
          1.000000000000000e0 1.000000000000000e0 9.999999999999993e-1 9.999999999999908e-1 9.999999999999162e-1
          9.999999999999162e-1 9.999999999993465e-1 9.999999999993443e-1 9.999999999243467e-1 9.999999999195575e-1
          9.999999993339427e-1 9.999999955872582e-1 9.999978652744657e-1 9.999973935984377e-1 9.999838013346160e-1
          9.999722048924552e-1 9.999699451105453e-1 9.993019475970655e-1 9.989746820092547e-1 9.986697040624001e-1
          9.984998700560915e-1 9.966932310895729e-1 9.966480353890949e-1 9.887464722185120e-1 9.580862933273984e-1
          9.570630469494084e-1 9.122109790776433e-1 9.060305980930213e-1 8.979604041108507e-1 8.592255137352812e-1
          8.529262730724932e-1 7.466322940823428e-1 6.130545749249050e-1 6.100696917043916e-1 5.706645690639524e-1
          5.662249822267913e-1 4.755870680163607e-1 4.703190980364304e-1 4.556887013257838e-1 3.080844775331217e-1
          2.939183174074130e-1 2.934200498721329e-1 2.199141976672367e-1 1.917648021054001e-1 1.795333889711067e-1
          1.371826911105532e-1 1.357368759943878e-1 9.532643602777162e-2 8.369558402599402e-2 8.223420872795375e-2
          3.366528425482800e-2 2.379936649539566e-2 2.306480675354886e-2 2.242050995498839e-2 1.783761908192703e-2
          1.393331580668889e-2 1.370161730082085e-2
          </occupations>
      </ks_energies>
      <ks_energies>
        <k_point weight="2.500000000000e-1">1.562500000000000e-2 1.562500000000000e-2 0.000000000000000e0</k_point>
        <npw>228165</npw>
        <eigenvalues size="122">
          -2.210794940708255e0 -2.210762425165176e0 -2.210758055167785e0 -2.209954716902904e0 -2.209912860813213e0
          -2.209912144074090e0 -2.209563986839711e0 -2.209273447321619e0 -2.209259824957591e0 -2.207779928268356e0
          -2.207167207488984e0 -2.207153514503126e0 -2.207116371458825e0 -2.206944614913315e0 -2.206932095460928e0
          -2.206826175128381e0 -1.343557661769744e0 -1.343550263961335e0 -1.343515294463987e0 -1.342371817343673e0
          -1.342301864655229e0 -1.342301260455439e0 -1.341903818248869e0 -1.341045567127884e0 -1.341037243746102e0
          -1.340081215106701e0 -1.339952423350455e0 -1.339946157249031e0 -1.339602265078804e0 -1.339598147607619e0
          -1.339479089514222e0 -1.338590882138415e0 -1.338472509603653e0 -1.338470561816808e0 -1.338275092773132e0
          -1.338202518304431e0 -1.338187986699380e0 -1.337669880812854e0 -1.337667665616765e0 -1.337322680363874e0
          -1.336981120708547e0 -1.336565098365088e0 -1.336274271857202e0 -1.336239438619116e0 -1.336147065120543e0
          -1.336029922083512e0 -1.335992965087104e0 -1.335579417402600e0 -1.335578701058158e0 -1.335273738883766e0
          -1.335177650513862e0 -1.334715034694540e0 -1.334702660399361e0 -1.332326594793152e0 -1.332323766883604e0
          -1.332109759059385e0 -1.332109620118409e0 -1.331870058163824e0 -1.329492105805881e0 -1.328828248065910e0
          -1.328822154274337e0 -1.326895246132773e0 -1.326887411743520e0 -1.326477770255137e0 -4.484554893099128e-1
          -4.263162565753423e-1 -4.263109412111596e-1 -2.160933595305443e-1 -2.058023328097030e-1 -1.977221415379479e-1
          -1.977180515826443e-1 -1.901789621737834e-1 -1.901692609074354e-1 -1.727367337338195e-1 -1.725394479619783e-1
          -1.646501236665002e-1 -1.577730679539517e-1 -1.351001505301006e-1 -1.344203249020187e-1 -1.275898794678980e-1
          -1.255493547640220e-1 -1.252917889664835e-1 -1.137947428282100e-1 -1.123826625452727e-1 -1.112613223962764e-1
          -1.109003472171464e-1 -1.080497683835077e-1 -1.080017115725933e-1 -1.035088238442456e-1 -9.856317795823701e-2
          -9.846932021133508e-2 -9.569260973615867e-2 -9.537963393998311e-2 -9.505478450227532e-2 -9.370959607753118e-2
          -9.353227143077291e-2 -9.099082075830713e-2 -8.877648253765653e-2 -8.874990534930898e-2 -8.807400971767782e-2
          -8.805081346976021e-2 -8.672753461386568e-2 -8.665741020862370e-2 -8.647243158158190e-2 -8.411192815994839e-2
          -8.388321890596320e-2 -8.384788376326938e-2 -8.241180608248113e-2 -8.162868942976992e-2 -8.145558068888835e-2
          -8.031742120283571e-2 -8.027409337775488e-2 -7.889210731892462e-2 -7.827066092456891e-2 -7.821861647134885e-2
          -7.476255964819547e-2 -7.343914762624468e-2 -7.337856154715489e-2 -7.323452433419092e-2 -7.252841660059151e-2
          -7.147679302647053e-2 -7.137034850964935e-2
          </eigenvalues>
        <occupations size="122">
          1.000000000000000e0 1.000000000000000e0 1.000000000000000e0 1.000000000000000e0 1.000000000000000e0
          1.000000000000000e0 1.000000000000000e0 1.000000000000000e0 1.000000000000000e0 1.000000000000000e0
          1.000000000000000e0 1.000000000000000e0 1.000000000000000e0 1.000000000000000e0 1.000000000000000e0
          1.000000000000000e0 1.000000000000000e0 1.000000000000000e0 1.000000000000000e0 1.000000000000000e0
          1.000000000000000e0 1.000000000000000e0 1.000000000000000e0 1.000000000000000e0 1.000000000000000e0
          1.000000000000000e0 1.000000000000000e0 1.000000000000000e0 1.000000000000000e0 1.000000000000000e0
          1.000000000000000e0 1.000000000000000e0 1.000000000000000e0 1.000000000000000e0 1.000000000000000e0
          1.000000000000000e0 1.000000000000000e0 1.000000000000000e0 1.000000000000000e0 1.000000000000000e0
          1.000000000000000e0 1.000000000000000e0 1.000000000000000e0 1.000000000000000e0 1.000000000000000e0
          1.000000000000000e0 1.000000000000000e0 1.000000000000000e0 1.000000000000000e0 1.000000000000000e0
          1.000000000000000e0 1.000000000000000e0 1.000000000000000e0 1.000000000000000e0 1.000000000000000e0
          1.000000000000000e0 1.000000000000000e0 1.000000000000000e0 1.000000000000000e0 1.000000000000000e0
          1.000000000000000e0 1.000000000000000e0 1.000000000000000e0 1.000000000000000e0 1.000000000000000e0
          1.000000000000000e0 1.000000000000000e0 9.999999999999993e-1 9.999999999999908e-1 9.999999999999162e-1
          9.999999999999162e-1 9.999999999993467e-1 9.999999999993449e-1 9.999999999247663e-1 9.999999999206173e-1
          9.999999993206917e-1 9.999999955865260e-1 9.999978903551268e-1 9.999974616629357e-1 9.999837164689854e-1
          9.999716281579712e-1 9.999695683758270e-1 9.993054088283897e-1 9.989803194561290e-1 9.986169961847637e-1
          9.984744707115624e-1 9.966923532931563e-1 9.966489612957512e-1 9.887107544466176e-1 9.579836760252650e-1
          9.569435573578595e-1 9.125879370733903e-1 9.055512152211167e-1 8.977150427551795e-1 8.588832788616493e-1
          8.529330564233536e-1 7.438791631218004e-1 6.138861361207562e-1 6.121705249997275e-1 5.677125781430834e-1
          5.661628564184542e-1 4.765497283859780e-1 4.717920395927722e-1 4.592687045159799e-1 3.088261903448464e-1
          2.957023578058720e-1 2.937038175231780e-1 2.195587760078249e-1 1.852256563108518e-1 1.782218074012537e-1
          1.372701651002077e-1 1.358798598973585e-1 9.744001057614209e-2 8.354692489861606e-2 8.246895975159973e-2
          3.390481374150466e-2 2.389679196194535e-2 2.351524014244642e-2 2.263185564905702e-2 1.874975872719811e-2
          1.414974358534151e-2 1.375132971536807e-2
          </occupations>
      </ks_energies>
      <ks_energies>
        <k_point weight="2.500000000000e-1">1.562500000000000e-2 -3.125000000000000e-2 0.000000000000000e0</k_point>
        <npw>228104</npw>
        <eigenvalues size="122">
          -2.210794931201128e0 -2.210762409492546e0 -2.210758051609529e0 -2.209954707498627e0 -2.209912855184248e0
          -2.209912129630373e0 -2.209563976707159e0 -2.209273439064364e0 -2.209259818273911e0 -2.207779914646856e0
          -2.207167207448724e0 -2.207153498424970e0 -2.207116362733505e0 -2.206944610880124e0 -2.206932084210680e0
          -2.206826169752250e0 -1.343557661814279e0 -1.343550263990922e0 -1.343515294489377e0 -1.342371817415813e0
          -1.342301864721390e0 -1.342301260402875e0 -1.341903818340267e0 -1.341045567183031e0 -1.341037243793162e0
          -1.340081214894557e0 -1.339952423452130e0 -1.339946157296596e0 -1.339602264918618e0 -1.339598147558188e0
          -1.339479089290047e0 -1.338590882203723e0 -1.338472509814117e0 -1.338470562249678e0 -1.338275093206228e0
          -1.338202518651847e0 -1.338187986820761e0 -1.337669880321565e0 -1.337667665375970e0 -1.337322680132123e0
          -1.336981120628035e0 -1.336565098044602e0 -1.336274272246008e0 -1.336239438776084e0 -1.336147065414385e0
          -1.336029922334723e0 -1.335992965091750e0 -1.335579416889259e0 -1.335578701063141e0 -1.335273738734494e0
          -1.335177650622037e0 -1.334715034737825e0 -1.334702660422747e0 -1.332326594884756e0 -1.332323767509931e0
          -1.332109759394548e0 -1.332109620710404e0 -1.331870058759543e0 -1.329492105421731e0 -1.328828248163719e0
          -1.328822154843634e0 -1.326895246569566e0 -1.326887412819560e0 -1.326477770583700e0 -4.484554810827236e-1
          -4.263162503516714e-1 -4.263109343469647e-1 -2.160917893118457e-1 -2.057975350245227e-1 -1.977223451833136e-1
          -1.977164959864714e-1 -1.901815303364575e-1 -1.901717635857667e-1 -1.727682194100581e-1 -1.725759087535853e-1
          -1.645789401114631e-1 -1.577724296376620e-1 -1.351546088640630e-1 -1.345012902062237e-1 -1.275726336567568e-1
          -1.255080886474362e-1 -1.252170909636890e-1 -1.138078285476239e-1 -1.123963181904648e-1 -1.111773900311266e-1
          -1.107871490450867e-1 -1.080488570173461e-1 -1.080020307389048e-1 -1.034966004368193e-1 -9.855488280346293e-2
          -9.845685612671996e-2 -9.571000366582348e-2 -9.535459727161072e-2 -9.504796645748591e-2 -9.369599687929249e-2
          -9.353102958315180e-2 -9.092908160471682e-2 -8.880557532280699e-2 -8.876793446514773e-2 -8.805772711481506e-2
          -8.802228846152373e-2 -8.677603333564171e-2 -8.666487686580144e-2 -8.652017515071261e-2 -8.413200789893772e-2
          -8.390932798347604e-2 -8.384978707844249e-2 -8.240407338053346e-2 -8.143835094035778e-2 -8.142285145216690e-2
          -8.032278230920776e-2 -8.027621537218865e-2 -7.902744039572372e-2 -7.827160512993848e-2 -7.822898091840220e-2
          -7.480529134707027e-2 -7.363981606035250e-2 -7.339792882803913e-2 -7.325088019561009e-2 -7.271359530591102e-2
          -7.156052153300514e-2 -7.137371403811150e-2
          </eigenvalues>
        <occupations size="122">
          1.000000000000000e0 1.000000000000000e0 1.000000000000000e0 1.000000000000000e0 1.000000000000000e0
          1.000000000000000e0 1.000000000000000e0 1.000000000000000e0 1.000000000000000e0 1.000000000000000e0
          1.000000000000000e0 1.000000000000000e0 1.000000000000000e0 1.000000000000000e0 1.000000000000000e0
          1.000000000000000e0 1.000000000000000e0 1.000000000000000e0 1.000000000000000e0 1.000000000000000e0
          1.000000000000000e0 1.000000000000000e0 1.000000000000000e0 1.000000000000000e0 1.000000000000000e0
          1.000000000000000e0 1.000000000000000e0 1.000000000000000e0 1.000000000000000e0 1.000000000000000e0
          1.000000000000000e0 1.000000000000000e0 1.000000000000000e0 1.000000000000000e0 1.000000000000000e0
          1.000000000000000e0 1.000000000000000e0 1.000000000000000e0 1.000000000000000e0 1.000000000000000e0
          1.000000000000000e0 1.000000000000000e0 1.000000000000000e0 1.000000000000000e0 1.000000000000000e0
          1.000000000000000e0 1.000000000000000e0 1.000000000000000e0 1.000000000000000e0 1.000000000000000e0
          1.000000000000000e0 1.000000000000000e0 1.000000000000000e0 1.000000000000000e0 1.000000000000000e0
          1.000000000000000e0 1.000000000000000e0 1.000000000000000e0 1.000000000000000e0 1.000000000000000e0
          1.000000000000000e0 1.000000000000000e0 1.000000000000000e0 1.000000000000000e0 1.000000000000000e0
          1.000000000000000e0 1.000000000000000e0 9.999999999999993e-1 9.999999999999908e-1 9.999999999999162e-1
          9.999999999999162e-1 9.999999999993472e-1 9.999999999993454e-1 9.999999999254083e-1 9.999999999214008e-1
          9.999999993074052e-1 9.999999955857593e-1 9.999979213871113e-1 9.999975169753299e-1 9.999836398749087e-1
          9.999713077819772e-1 9.999689435016590e-1 9.993078760254072e-1 9.989840976038492e-1 9.985850912791145e-1
          9.984268240186593e-1 9.966915356246211e-1 9.966492513442502e-1 9.886735681229569e-1 9.578927265258892e-1
          9.568035958295733e-1 9.129647678493138e-1 9.049669144133953e-1 8.975445597011641e-1 8.584341683368894e-1
          8.528906627776975e-1 7.406652701465710e-1 6.157608954589993e-1 6.133346470216706e-1 5.666248879875038e-1
          5.642553524784255e-1 4.798427358578746e-1 4.722983969821616e-1 4.624967351851488e-1 3.099937065420173e-1
          2.971841325474032e-1 2.938112669746376e-1 2.191984326174401e-1 1.775361778194614e-1 1.769211697999464e-1
          1.374430216502728e-1 1.359476732809994e-1 1.007270481030893e-1 8.356659942495128e-2 8.268261791500432e-2
          3.428775954651670e-2 2.520414894035340e-2 2.363655810786733e-2 2.273051207546728e-2 1.969967308156894e-2
          1.447110869997775e-2 1.376375563240817e-2
          </occupations>
      </ks_energies>
      <ks_energies>
        <k_point weight="2.500000000000e-1">1.562500000000000e-2 -1.562500000000000e-2 0.000000000000000e0</k_point>
        <npw>228165</npw>
        <eigenvalues size="122">
          -2.210794940528500e0 -2.210762426536087e0 -2.210758053975926e0 -2.209954716903150e0 -2.209912861002304e0
          -2.209912143885937e0 -2.209563986839617e0 -2.209273447320227e0 -2.209259824959124e0 -2.207779928269200e0
          -2.207167207514933e0 -2.207153514448154e0 -2.207116371496781e0 -2.206944614904876e0 -2.206932095457374e0
          -2.206826175130408e0 -1.343557661772303e0 -1.343550263955296e0 -1.343515294467542e0 -1.342371817343829e0
          -1.342301864679811e0 -1.342301260430265e0 -1.341903818248811e0 -1.341045567129080e0 -1.341037243744899e0
          -1.340081215107390e0 -1.339952423350786e0 -1.339946157248475e0 -1.339602265076058e0 -1.339598147610898e0
          -1.339479089513354e0 -1.338590882134930e0 -1.338472509598001e0 -1.338470561826045e0 -1.338275092773072e0
          -1.338202518291393e0 -1.338187986712823e0 -1.337669880809293e0 -1.337667665620542e0 -1.337322680363791e0
          -1.336981120708528e0 -1.336565098365061e0 -1.336274271859322e0 -1.336239438616274e0 -1.336147065121917e0
          -1.336029922082557e0 -1.335992965087397e0 -1.335579417493007e0 -1.335578700967176e0 -1.335273738884307e0
          -1.335177650513685e0 -1.334715034693187e0 -1.334702660400917e0 -1.332326594802589e0 -1.332323766874229e0
          -1.332109759035512e0 -1.332109620142193e0 -1.331870058163812e0 -1.329492105806044e0 -1.328828248078679e0
          -1.328822154261390e0 -1.326895246125629e0 -1.326887411750798e0 -1.326477770255004e0 -4.484554893100454e-1
          -4.263162564725694e-1 -4.263109413139608e-1 -2.160933595306701e-1 -2.058023328104351e-1 -1.977221410597503e-1
          -1.977180520593087e-1 -1.901789619783936e-1 -1.901692611015942e-1 -1.727367324757487e-1 -1.725394492790208e-1
          -1.646501235885584e-1 -1.577730679501544e-1 -1.351001537906112e-1 -1.344203213643952e-1 -1.275898784653471e-1
          -1.255493626254801e-1 -1.252917825609177e-1 -1.137947411995215e-1 -1.123826583932582e-1 -1.112613427612735e-1
          -1.109003326336815e-1 -1.080497714913321e-1 -1.080017083763694e-1 -1.035088239358730e-1 -9.856317602447772e-2
          -9.846932214307200e-2 -9.569261055504851e-2 -9.537963390222757e-2 -9.505478381843485e-2 -9.370958346045324e-2
          -9.353228356098084e-2 -9.099082368923018e-2 -8.877720783650801e-2 -8.874916266309631e-2 -8.807412270004487e-2
          -8.805070249164746e-2 -8.672754209298978e-2 -8.665745200683816e-2 -8.647239052987874e-2 -8.411192147794885e-2
          -8.388334542016132e-2 -8.384776825844359e-2 -8.241180594332073e-2 -8.162868423195421e-2 -8.145558614151462e-2
          -8.031739411908422e-2 -8.027411816955965e-2 -7.889210835927956e-2 -7.827063936167889e-2 -7.821863771095544e-2
          -7.476256149907195e-2 -7.343924626128963e-2 -7.337844065400243e-2 -7.323455130067189e-2 -7.252838616792356e-2
          -7.147678817317765e-2 -7.137037166126730e-2
          </eigenvalues>
        <occupations size="122">
          1.000000000000000e0 1.000000000000000e0 1.000000000000000e0 1.000000000000000e0 1.000000000000000e0
          1.000000000000000e0 1.000000000000000e0 1.000000000000000e0 1.000000000000000e0 1.000000000000000e0
          1.000000000000000e0 1.000000000000000e0 1.000000000000000e0 1.000000000000000e0 1.000000000000000e0
          1.000000000000000e0 1.000000000000000e0 1.000000000000000e0 1.000000000000000e0 1.000000000000000e0
          1.000000000000000e0 1.000000000000000e0 1.000000000000000e0 1.000000000000000e0 1.000000000000000e0
          1.000000000000000e0 1.000000000000000e0 1.000000000000000e0 1.000000000000000e0 1.000000000000000e0
          1.000000000000000e0 1.000000000000000e0 1.000000000000000e0 1.000000000000000e0 1.000000000000000e0
          1.000000000000000e0 1.000000000000000e0 1.000000000000000e0 1.000000000000000e0 1.000000000000000e0
          1.000000000000000e0 1.000000000000000e0 1.000000000000000e0 1.000000000000000e0 1.000000000000000e0
          1.000000000000000e0 1.000000000000000e0 1.000000000000000e0 1.000000000000000e0 1.000000000000000e0
          1.000000000000000e0 1.000000000000000e0 1.000000000000000e0 1.000000000000000e0 1.000000000000000e0
          1.000000000000000e0 1.000000000000000e0 1.000000000000000e0 1.000000000000000e0 1.000000000000000e0
          1.000000000000000e0 1.000000000000000e0 1.000000000000000e0 1.000000000000000e0 1.000000000000000e0
          1.000000000000000e0 1.000000000000000e0 9.999999999999993e-1 9.999999999999908e-1 9.999999999999162e-1
          9.999999999999162e-1 9.999999999993467e-1 9.999999999993449e-1 9.999999999247663e-1 9.999999999206173e-1
          9.999999993206917e-1 9.999999955865260e-1 9.999978903569986e-1 9.999974616604923e-1 9.999837164645433e-1
          9.999716282186627e-1 9.999695683227849e-1 9.993054085207687e-1 9.989803183052468e-1 9.986170038381941e-1
          9.984744646669320e-1 9.966923560811203e-1 9.966489583909951e-1 9.887107547249158e-1 9.579836548451006e-1
          9.569435790160908e-1 9.125879548489053e-1 9.055512143424163e-1 8.977150256685761e-1 8.588828627378135e-1
          8.529334704691694e-1 7.438793150723528e-1 6.139329162153700e-1 6.121225429185988e-1 5.677201231827707e-1
          5.661554389286792e-1 4.765502360601436e-1 4.717948740118866e-1 4.592659303656690e-1 3.088258022317163e-1
          2.957095275555196e-1 2.936972975709811e-1 2.195587695191304e-1 1.852254428541380e-1 1.782220247074162e-1
          1.372692923111755e-1 1.358806520138874e-1 9.744003547306248e-2 8.354647563912904e-2 8.246939708177708e-2
          3.390483023867532e-2 2.389741803179176e-2 2.351448477123215e-2 2.263201796261192e-2 1.874960636949934e-2
          1.414972516293366e-2 1.375141515599991e-2
          </occupations>
      </ks_energies>
      <ks_energies>
        <k_point weight="1.250000000000e-1">-3.125000000000000e-2 0.000000000000000e0 0.000000000000000e0</k_point>
        <npw>228166</npw>
        <eigenvalues size="122">
          -2.210794947086235e0 -2.210762421761940e0 -2.210758036662852e0 -2.209954714376476e0 -2.209912871618798e0
          -2.209912128812943e0 -2.209563970524037e0 -2.209273463972327e0 -2.209259834906205e0 -2.207779895728446e0
          -2.207167196590364e0 -2.207153481792745e0 -2.207116383160070e0 -2.206944643500092e0 -2.206932108265364e0
          -2.206826195304835e0 -1.343557661446481e0 -1.343550264009466e0 -1.343515294902015e0 -1.342371817435381e0
          -1.342301866176470e0 -1.342301258854994e0 -1.341903818827369e0 -1.341045567403987e0 -1.341037243814684e0
          -1.340081215678781e0 -1.339952423475087e0 -1.339946157195510e0 -1.339602264571099e0 -1.339598147544302e0
          -1.339479089350995e0 -1.338590882814421e0 -1.338472509582675e0 -1.338470561401376e0 -1.338275092833402e0
          -1.338202510002753e0 -1.338187994872898e0 -1.337669880700848e0 -1.337667665412271e0 -1.337322680397962e0
          -1.336981120737362e0 -1.336565098332196e0 -1.336274271303528e0 -1.336239440648073e0 -1.336147061147752e0
          -1.336029905079887e0 -1.335992984441879e0 -1.335579417287726e0 -1.335578701258510e0 -1.335273738898896e0
          -1.335177649984225e0 -1.334715034580579e0 -1.334702660664988e0 -1.332326595989177e0 -1.332323766685698e0
          -1.332109760130261e0 -1.332109620493459e0 -1.331870057998410e0 -1.329492105458488e0 -1.328828247903070e0
          -1.328822154662818e0 -1.326895246665769e0 -1.326887410979758e0 -1.326477770773395e0 -4.484554740217531e-1
          -4.263162607798919e-1 -4.263109466313680e-1 -2.160930624443514e-1 -2.057964369487735e-1 -1.977223665438240e-1
          -1.977183446566841e-1 -1.901841848802541e-1 -1.901651864188645e-1 -1.728369645634892e-1 -1.724914559348841e-1
          -1.645741606459477e-1 -1.577752248471966e-1 -1.353765634495887e-1 -1.343601965083591e-1 -1.273351308517311e-1
          -1.256440093899738e-1 -1.254063010634352e-1 -1.134427179299593e-1 -1.122462905999821e-1 -1.114493196127662e-1
          -1.111421481973494e-1 -1.081026439848929e-1 -1.079992970988471e-1 -1.034173939786126e-1 -9.858397380993686e-2
          -9.849964533893884e-2 -9.571765610400373e-2 -9.520952660708025e-2 -9.480025756006826e-2 -9.382861543349401e-2
          -9.356761636617767e-2 -9.097001408433657e-2 -8.886205053616981e-2 -8.868156826415987e-2 -8.809485694027563e-2
          -8.805043767920095e-2 -8.675684397704636e-2 -8.668680855752152e-2 -8.635335978460606e-2 -8.405148457330135e-2
          -8.391378365498962e-2 -8.381711035702175e-2 -8.243857775589468e-2 -8.161486394553890e-2 -8.155782571379572e-2
          -8.032653822109694e-2 -8.025988267013531e-2 -7.867069677869586e-2 -7.827051277668462e-2 -7.819263707647779e-2
          -7.466506663993449e-2 -7.356992822915897e-2 -7.322385989192538e-2 -7.302717536082787e-2 -7.210804500639068e-2
          -7.160609650525541e-2 -7.133923328299562e-2
          </eigenvalues>
        <occupations size="122">
          1.000000000000000e0 1.000000000000000e0 1.000000000000000e0 1.000000000000000e0 1.000000000000000e0
          1.000000000000000e0 1.000000000000000e0 1.000000000000000e0 1.000000000000000e0 1.000000000000000e0
          1.000000000000000e0 1.000000000000000e0 1.000000000000000e0 1.000000000000000e0 1.000000000000000e0
          1.000000000000000e0 1.000000000000000e0 1.000000000000000e0 1.000000000000000e0 1.000000000000000e0
          1.000000000000000e0 1.000000000000000e0 1.000000000000000e0 1.000000000000000e0 1.000000000000000e0
          1.000000000000000e0 1.000000000000000e0 1.000000000000000e0 1.000000000000000e0 1.000000000000000e0
          1.000000000000000e0 1.000000000000000e0 1.000000000000000e0 1.000000000000000e0 1.000000000000000e0
          1.000000000000000e0 1.000000000000000e0 1.000000000000000e0 1.000000000000000e0 1.000000000000000e0
          1.000000000000000e0 1.000000000000000e0 1.000000000000000e0 1.000000000000000e0 1.000000000000000e0
          1.000000000000000e0 1.000000000000000e0 1.000000000000000e0 1.000000000000000e0 1.000000000000000e0
          1.000000000000000e0 1.000000000000000e0 1.000000000000000e0 1.000000000000000e0 1.000000000000000e0
          1.000000000000000e0 1.000000000000000e0 1.000000000000000e0 1.000000000000000e0 1.000000000000000e0
          1.000000000000000e0 1.000000000000000e0 1.000000000000000e0 1.000000000000000e0 1.000000000000000e0
          1.000000000000000e0 1.000000000000000e0 9.999999999999993e-1 9.999999999999908e-1 9.999999999999162e-1
          9.999999999999162e-1 9.999999999993477e-1 9.999999999993443e-1 9.999999999267908e-1 9.999999999195738e-1
          9.999999993065035e-1 9.999999955891155e-1 9.999980432127000e-1 9.999974197897334e-1 9.999825476608589e-1
          9.999723495760058e-1 9.999705019858961e-1 9.992356357391914e-1 9.989418103909562e-1 9.986858761919223e-1
          9.985714768076136e-1 9.967394495208794e-1 9.966467662856800e-1 9.884296529914057e-1 9.582108603065578e-1
          9.572822773310458e-1 9.131300881278205e-1 9.015172300816145e-1 8.911779134445428e-1 8.627632153254597e-1
          8.541354117165334e-1 7.427989746487404e-1 6.193903532433892e-1 6.077465301746988e-1 5.691042345174973e-1
          5.661377394305269e-1 4.785395750716816e-1 4.737860381223433e-1 4.512334951985978e-1 3.053265042981501e-1
          2.974374340370209e-1 2.919697318924658e-1 2.208096207704576e-1 1.846585624036796e-1 1.823331682694613e-1
          1.375642313705475e-1 1.354264573446956e-1 9.226839151979201e-2 8.354383830458067e-2 8.193561361984681e-2
          3.304650593520495e-2 2.474110615015146e-2 2.256775452790952e-2 2.141685630923186e-2 1.675707656431179e-2
          1.464904541160791e-2 1.363697137761607e-2
          </occupations>
      </ks_energies>
      <ks_energies>
        <k_point weight="2.500000000000e-1">-3.125000000000000e-2 1.562500000000000e-2 0.000000000000000e0</k_point>
        <npw>228104</npw>
        <eigenvalues size="122">
          -2.210794930192376e0 -2.210762418563410e0 -2.210758037273287e0 -2.209954706761132e0 -2.209912864552492e0
          -2.209912119265940e0 -2.209563969298553e0 -2.209273440786768e0 -2.209259827531166e0 -2.207779900306644e0
          -2.207167196618556e0 -2.207153490281194e0 -2.207116365072157e0 -2.206944637491592e0 -2.206932076087590e0
          -2.206826177063083e0 -1.343557661716121e0 -1.343550263846777e0 -1.343515294362090e0 -1.342371817456272e0
          -1.342301866275498e0 -1.342301258880912e0 -1.341903818298761e0 -1.341045566924773e0 -1.341037243691994e0
          -1.340081215118857e0 -1.339952423273484e0 -1.339946157341744e0 -1.339602264759851e0 -1.339598147595226e0
          -1.339479089253654e0 -1.338590882670566e0 -1.338472509721631e0 -1.338470561921042e0 -1.338275093224016e0
          -1.338202510378651e0 -1.338187994979664e0 -1.337669880860128e0 -1.337667665292996e0 -1.337322680540481e0
          -1.336981120812626e0 -1.336565098103481e0 -1.336274271575270e0 -1.336239440773403e0 -1.336147061740048e0
          -1.336029905051558e0 -1.335992984443759e0 -1.335579416829971e0 -1.335578701727150e0 -1.335273739135890e0
          -1.335177650310837e0 -1.334715034656297e0 -1.334702660983274e0 -1.332326596200977e0 -1.332323766887135e0
          -1.332109760180048e0 -1.332109620649050e0 -1.331870058251963e0 -1.329492105024245e0 -1.328828247995795e0
          -1.328822154959848e0 -1.326895247451662e0 -1.326887411778045e0 -1.326477770925714e0 -4.484554742058315e-1
          -4.263162486001375e-1 -4.263109443632267e-1 -2.160914824416379e-1 -2.057916057021710e-1 -1.977225850254582e-1
          -1.977167474058281e-1 -1.901841324978487e-1 -1.901702600732537e-1 -1.728360473018234e-1 -1.725613280019329e-1
          -1.645015187522614e-1 -1.577745917063586e-1 -1.353765158211847e-1 -1.345089943429167e-1 -1.272968175142505e-1
          -1.256508263605183e-1 -1.252906978045783e-1 -1.134400141492296e-1 -1.122674337875380e-1 -1.114529710034826e-1
          -1.109507374660848e-1 -1.081004545734574e-1 -1.080011473053669e-1 -1.034069432161879e-1 -9.858187783807043e-2
          -9.848064448972096e-2 -9.573581601365934e-2 -9.519779545820693e-2 -9.477818724028374e-2 -9.382566584503692e-2
          -9.356773367531817e-2 -9.090971600104389e-2 -8.886772817259356e-2 -8.871888754503930e-2 -8.809699166599325e-2
          -8.801165072126274e-2 -8.674924962081798e-2 -8.669853380777038e-2 -8.643478491026729e-2 -8.406795935039815e-2
          -8.391575655875421e-2 -8.384738233049244e-2 -8.243101534228234e-2 -8.158624906573245e-2 -8.139892916904078e-2
          -8.033742650578123e-2 -8.025460621464354e-2 -7.876765318390491e-2 -7.828406555401148e-2 -7.817498719298360e-2
          -7.469690825696150e-2 -7.356271597163877e-2 -7.326897416993611e-2 -7.319041548873219e-2 -7.216659865014094e-2
          -7.181761157173716e-2 -7.135850409791344e-2
          </eigenvalues>
        <occupations size="122">
          1.000000000000000e0 1.000000000000000e0 1.000000000000000e0 1.000000000000000e0 1.000000000000000e0
          1.000000000000000e0 1.000000000000000e0 1.000000000000000e0 1.000000000000000e0 1.000000000000000e0
          1.000000000000000e0 1.000000000000000e0 1.000000000000000e0 1.000000000000000e0 1.000000000000000e0
          1.000000000000000e0 1.000000000000000e0 1.000000000000000e0 1.000000000000000e0 1.000000000000000e0
          1.000000000000000e0 1.000000000000000e0 1.000000000000000e0 1.000000000000000e0 1.000000000000000e0
          1.000000000000000e0 1.000000000000000e0 1.000000000000000e0 1.000000000000000e0 1.000000000000000e0
          1.000000000000000e0 1.000000000000000e0 1.000000000000000e0 1.000000000000000e0 1.000000000000000e0
          1.000000000000000e0 1.000000000000000e0 1.000000000000000e0 1.000000000000000e0 1.000000000000000e0
          1.000000000000000e0 1.000000000000000e0 1.000000000000000e0 1.000000000000000e0 1.000000000000000e0
          1.000000000000000e0 1.000000000000000e0 1.000000000000000e0 1.000000000000000e0 1.000000000000000e0
          1.000000000000000e0 1.000000000000000e0 1.000000000000000e0 1.000000000000000e0 1.000000000000000e0
          1.000000000000000e0 1.000000000000000e0 1.000000000000000e0 1.000000000000000e0 1.000000000000000e0
          1.000000000000000e0 1.000000000000000e0 1.000000000000000e0 1.000000000000000e0 1.000000000000000e0
          1.000000000000000e0 1.000000000000000e0 9.999999999999993e-1 9.999999999999908e-1 9.999999999999162e-1
          9.999999999999162e-1 9.999999999993477e-1 9.999999999993452e-1 9.999999999267724e-1 9.999999999210885e-1
          9.999999992926591e-1 9.999999955883556e-1 9.999980431873393e-1 9.999975221752832e-1 9.999823647613781e-1
          9.999724008183668e-1 9.999695593389946e-1 9.992350735921477e-1 9.989478746633973e-1 9.986871795356755e-1
          9.984952145725686e-1 9.967375127460263e-1 9.966484484458748e-1 9.883970847632430e-1 9.581880162031998e-1
          9.570703442112569e-1 9.135212709464188e-1 9.012334498655299e-1 8.905941177261095e-1 8.626681546988213e-1
          8.541393887036982e-1 7.396517918001017e-1 6.197545048820087e-1 6.101647430732406e-1 5.692466769324263e-1
          5.635435028531722e-1 4.780239174848764e-1 4.745815622397275e-1 4.567257381468232e-1 3.062781907498012e-1
          2.975496318525171e-1 2.936755135377606e-1 2.204557676320446e-1 1.834891053252021e-1 1.759752363833411e-1
          1.379161228071295e-1 1.352584334535799e-1 9.450201117876212e-2 8.382663354818526e-2 8.157506289256331e-2
          3.332449957663048e-2 2.469379583089621e-2 2.284014198212356e-2 2.236787734464671e-2 1.702162868466582e-2
          1.550346969044031e-2 1.370768669451362e-2
          </occupations>
      </ks_energies>
      <ks_energies>
        <k_point weight="1.250000000000e-1">-3.125000000000000e-2 -3.125000000000000e-2 0.000000000000000e0</k_point>
        <npw>228016</npw>
        <eigenvalues size="122">
          -2.210794921408228e0 -2.210762394699084e0 -2.210758040788184e0 -2.209954695046081e0 -2.209912845905008e0
          -2.209912113634170e0 -2.209563960328194e0 -2.209273424283865e0 -2.209259808512659e0 -2.207779902780740e0
          -2.207167191760127e0 -2.207153475713994e0 -2.207116358820711e0 -2.206944595361302e0 -2.206932055239414e0
          -2.206826170318304e0 -1.343557661752329e0 -1.343550264045728e0 -1.343515294447266e0 -1.342371817643614e0
          -1.342301866492559e0 -1.342301259070082e0 -1.341903818196206e0 -1.341045567208532e0 -1.341037243894351e0
          -1.340081215228178e0 -1.339952423469216e0 -1.339946157378819e0 -1.339602265064302e0 -1.339598147571549e0
          -1.339479089493926e0 -1.338590882743391e0 -1.338472509717474e0 -1.338470562058637e0 -1.338275093694746e0
          -1.338202510852537e0 -1.338187995171857e0 -1.337669880556702e0 -1.337667665085878e0 -1.337322680666683e0
          -1.336981121039842e0 -1.336565098441219e0 -1.336274271916954e0 -1.336239441088551e0 -1.336147062286574e0
          -1.336029905083959e0 -1.335992984495781e0 -1.335579416180785e0 -1.335578701707786e0 -1.335273739098823e0
          -1.335177650129936e0 -1.334715035007120e0 -1.334702661332257e0 -1.332326596430450e0 -1.332323767565559e0
          -1.332109760402008e0 -1.332109621158344e0 -1.331870058950472e0 -1.329492104270116e0 -1.328828248038183e0
          -1.328822155325113e0 -1.326895248007203e0 -1.326887412872116e0 -1.326477771401604e0 -4.484554704799544e-1
          -4.263162439985637e-1 -4.263109338363384e-1 -2.160899583995051e-1 -2.057867863638650e-1 -1.977227950838087e-1
          -1.977151479021049e-1 -1.901840910502748e-1 -1.901753645037821e-1 -1.728351316197564e-1 -1.726299646811783e-1
          -1.644300784908855e-1 -1.577739407800910e-1 -1.353764537902900e-1 -1.346518477807999e-1 -1.272633527938819e-1
          -1.256576266180956e-1 -1.251782220640784e-1 -1.134343935431480e-1 -1.122819828406969e-1 -1.114565956565755e-1
          -1.107644451283078e-1 -1.080982287890833e-1 -1.080023024562895e-1 -1.033961290723063e-1 -9.857977658439001e-2
          -9.846083623127283e-2 -9.575386641358872e-2 -9.518306744658725e-2 -9.475787475983054e-2 -9.382273651334632e-2
          -9.356344303583233e-2 -9.083948611903869e-2 -8.887335623288518e-2 -8.875941142305981e-2 -8.809905742270942e-2
          -8.797533956119505e-2 -8.674291698658571e-2 -8.670880199366049e-2 -8.652972514701524e-2 -8.409268550535440e-2
          -8.391768760717857e-2 -8.386869441228448e-2 -8.242334329404697e-2 -8.155787345291904e-2 -8.120335100977641e-2
          -8.034852062424022e-2 -8.024808321730205e-2 -7.891706953076056e-2 -7.829762980829819e-2 -7.816290313682722e-2
          -7.474883132685428e-2 -7.355652761759670e-2 -7.355608471090500e-2 -7.321843202410405e-2 -7.222236929205672e-2
          -7.201437659676149e-2 -7.136388110121203e-2
          </eigenvalues>
        <occupations size="122">
          1.000000000000000e0 1.000000000000000e0 1.000000000000000e0 1.000000000000000e0 1.000000000000000e0
          1.000000000000000e0 1.000000000000000e0 1.000000000000000e0 1.000000000000000e0 1.000000000000000e0
          1.000000000000000e0 1.000000000000000e0 1.000000000000000e0 1.000000000000000e0 1.000000000000000e0
          1.000000000000000e0 1.000000000000000e0 1.000000000000000e0 1.000000000000000e0 1.000000000000000e0
          1.000000000000000e0 1.000000000000000e0 1.000000000000000e0 1.000000000000000e0 1.000000000000000e0
          1.000000000000000e0 1.000000000000000e0 1.000000000000000e0 1.000000000000000e0 1.000000000000000e0
          1.000000000000000e0 1.000000000000000e0 1.000000000000000e0 1.000000000000000e0 1.000000000000000e0
          1.000000000000000e0 1.000000000000000e0 1.000000000000000e0 1.000000000000000e0 1.000000000000000e0
          1.000000000000000e0 1.000000000000000e0 1.000000000000000e0 1.000000000000000e0 1.000000000000000e0
          1.000000000000000e0 1.000000000000000e0 1.000000000000000e0 1.000000000000000e0 1.000000000000000e0
          1.000000000000000e0 1.000000000000000e0 1.000000000000000e0 1.000000000000000e0 1.000000000000000e0
          1.000000000000000e0 1.000000000000000e0 1.000000000000000e0 1.000000000000000e0 1.000000000000000e0
          1.000000000000000e0 1.000000000000000e0 1.000000000000000e0 1.000000000000000e0 1.000000000000000e0
          1.000000000000000e0 1.000000000000000e0 9.999999999999993e-1 9.999999999999908e-1 9.999999999999162e-1
          9.999999999999158e-1 9.999999999993477e-1 9.999999999993461e-1 9.999999999267541e-1 9.999999999225487e-1
          9.999999992787739e-1 9.999999955875740e-1 9.999980431543088e-1 9.999976166459973e-1 9.999822034405847e-1
          9.999724518404861e-1 9.999686132914551e-1 9.992339036812957e-1 9.989520274354023e-1 9.986884720587689e-1
          9.984170902059702e-1 9.967355426198964e-1 9.966494982529102e-1 9.883632887347257e-1 9.581651025453390e-1
          9.568483363129889e-1 9.139085137525253e-1 9.008761438832556e-1 8.900543938610577e-1 8.625736921273443e-1
          8.539938699358204e-1 7.359549165411360e-1 6.201153438493705e-1 6.127844832192764e-1 5.693845063895937e-1
          5.611116997552522e-1 4.775939667170696e-1 4.752783349030459e-1 4.631428143155613e-1 3.077096317554149e-1
          2.976594730014761e-1 2.948799038806623e-1 2.200972003459137e-1 1.823351049988336e-1 1.683905654180091e-1
          1.382754438552325e-1 1.350509577023630e-1 9.803902131058690e-2 8.411053878237535e-2 8.132904485528448e-2
          3.378266377976706e-2 2.465327231921797e-2 2.465037449782900e-2 2.253519720389220e-2 1.727742125393967e-2
          1.634225333362670e-2 1.372748234654812e-2
          </occupations>
      </ks_energies>
    </band_structure>
    <forces rank="2" dims="3 19">
      3.473752944682402e-2 2.027622266017614e-2 -1.107559933591594e-2
      -1.121203865279458e-2 4.858944108561467e-2 -3.296548869360602e-2
      4.104911222453474e-2 2.354357809129090e-2 5.084464991952002e-2
      3.654910278701204e-2 -3.427355136874101e-2 -3.295732663165554e-2
      1.121243618036541e-2 4.858906221919356e-2 -3.296483801134098e-2
      -1.885585346776833e-7 4.797058359616408e-2 5.476166119598642e-2
      -2.103366777141033e-2 -1.208300511775843e-2 -4.194512717873796e-3
      5.131064350223564e-8 -1.489777625750316e-4 -7.343467638469287e-2
      4.161432010260650e-2 -2.393586791516352e-2 5.480318096509741e-2
      4.790497120937561e-2 -1.447262732012615e-2 -3.295891689190972e-2
      -3.473707424655345e-2 2.027588822858013e-2 -1.107503029220872e-2
      -4.104956561225793e-2 2.354386956140137e-2 5.084426566651448e-2
      2.103458027540539e-2 -1.208348901898875e-2 -4.195138821302048e-3
      -3.654905957707043e-2 -3.427357404607592e-2 -3.295687690793219e-2
      -4.161506318811508e-2 -2.393624055966555e-2 5.480372539616356e-2
      6.965229394195543e-8 2.430127090243599e-2 -4.187108875943911e-3
      -4.790503248162047e-2 -1.447286141702613e-2 -3.295893213460647e-2
      -3.484085640121531e-7 -4.725024913546721e-2 5.086289951414135e-2
      -1.346921402280372e-7 -4.015947268326917e-2 -1.099593695843510e-2
      </forces>
    <electric_field>
      <dipoleInfo>
        <idir>3</idir>
        <dipole Units="Atomic Units">-2.373294043221752e-1</dipole>
        <ion_dipole Units="Atomic Units">4.256702581889083e1</ion_dipole>
        <elec_dipole Units="Atomic Units">4.280435522321301e1</elec_dipole>
        <dipoleField Units="Atomic Units">-8.146928224040186e-5</dipoleField>
        <potentialAmp Units="Atomic Units">6.361482330204584e-3</potentialAmp>
        <totalLength Units="Bohr">3.904221416504532e1</totalLength>
      </dipoleInfo>
    </electric_field>
  </output>
  <exit_status>0</exit_status>
  <timing_info>
    <total label="PWSCF">
      <cpu>3.048111013000001e3</cpu>
      <wall>3.230666574001313e3</wall>
    </total>
    <partial label="init_run" calls="1">
      <cpu>2.559932700000001e1</cpu>
      <wall>2.630375289916993e1</wall>
    </partial>
    <partial label="hinit0" calls="1">
      <cpu>4.220540999999999e0</cpu>
      <wall>4.247566938400269e0</wall>
    </partial>
    <partial label="init_vloc" calls="1">
      <cpu>1.964401000000000e0</cpu>
      <wall>1.964239120483398e0</wall>
    </partial>
    <partial label="init_us_1" calls="1">
      <cpu>8.663290000000003e-1</cpu>
      <wall>8.702449798583984e-1</wall>
    </partial>
    <partial label="fft" calls="7367">
      <cpu>1.914009200000092e2</cpu>
      <wall>2.026832804679871e2</wall>
    </partial>
    <partial label="fft_scatter" calls="851058">
      <cpu>4.499153000003503e2</cpu>
      <wall>4.630447285175324e2</wall>
    </partial>
    <partial label="potinit" calls="1">
      <cpu>7.227177999999999e0</cpu>
      <wall>7.397564172744751e0</wall>
    </partial>
    <partial label="v_of_rho" calls="116">
      <cpu>2.665158409999995e2</cpu>
      <wall>2.930948965549469e2</wall>
    </partial>
    <partial label="v_xc" calls="117">
      <cpu>2.654245169999995e2</cpu>
      <wall>2.909517023563385e2</wall>
    </partial>
    <partial label="vdW_kernel" calls="1">
      <cpu>2.200358000000001e0</cpu>
      <wall>2.214002132415771e0</wall>
    </partial>
    <partial label="v_h" calls="116">
      <cpu>2.023045000000366e0</cpu>
      <wall>3.273762226104736e0</wall>
    </partial>
    <partial label="interpolate" calls="116">
      <cpu>3.135389999999461e0</cpu>
      <wall>3.334304571151733e0</wall>
    </partial>
    <partial label="ffts" calls="231">
      <cpu>9.649909999975534e-1</cpu>
      <wall>1.046464204788208e0</wall>
    </partial>
    <partial label="newd" calls="116">
      <cpu>9.981763999999885e1</cpu>
      <wall>1.685049459934235e2</wall>
    </partial>
    <partial label="wfcinit" calls="1">
      <cpu>8.715947000000000e0</cpu>
      <wall>8.796571016311646e0</wall>
    </partial>
    <partial label="init_us_2" calls="2320">
      <cpu>2.454622899999686e1</cpu>
      <wall>2.465611886978150e1</wall>
    </partial>
    <partial label="init_us_2:cp" calls="2320">
      <cpu>2.452472400000579e1</cpu>
      <wall>2.464785742759705e1</wall>
    </partial>
    <partial label="wfcinit:atom" calls="10">
      <cpu>1.048529999999985e-1</cpu>
      <wall>1.060531139373779e-1</wall>
    </partial>
    <partial label="atomic_wfc" calls="10">
      <cpu>1.047820000000002e-1</cpu>
      <wall>1.060237884521484e-1</wall>
    </partial>
    <partial label="wfcinit:wfcr" calls="10">
      <cpu>7.897387000000005e0</cpu>
      <wall>7.965881824493408e0</wall>
    </partial>
    <partial label="wfcrot" calls="10">
      <cpu>7.897328000000002e0</cpu>
      <wall>7.965848922729492e0</wall>
    </partial>
    <partial label="rotwfck" calls="10">
      <cpu>7.897061000000001e0</cpu>
      <wall>7.965585470199585e0</wall>
    </partial>
    <partial label="rotwfck:hpsi" calls="10">
      <cpu>5.862601000000002e0</cpu>
      <wall>5.918963670730591e0</wall>
    </partial>
    <partial label="h_psi_bgrp" calls="9708">
      <cpu>1.254265012000007e3</cpu>
      <wall>1.261447872877121e3</wall>
    </partial>
    <partial label="h_psi" calls="9708">
      <cpu>1.254217270999971e3</cpu>
      <wall>1.261425912618637e3</wall>
    </partial>
    <partial label="h_psi:pot" calls="9708">
      <cpu>1.240159423999974e3</cpu>
      <wall>1.247267987489701e3</wall>
    </partial>
    <partial label="vloc_psi" calls="9708">
      <cpu>9.214728399999933e2</cpu>
      <wall>9.266719207763673e2</wall>
    </partial>
    <partial label="fftw" calls="843460">
      <cpu>1.018405394999941e3</cpu>
      <wall>1.024311608791351e3</wall>
    </partial>
    <partial label="h_psi:calbec" calls="9708">
      <cpu>1.620189479999858e2</cpu>
      <wall>1.638173766136170e2</wall>
    </partial>
    <partial label="calbec" calls="10898">
      <cpu>2.127772179999975e2</cpu>
      <wall>2.154475314617157e2</wall>
    </partial>
    <partial label="add_vuspsi" calls="9708">
      <cpu>1.565503289999579e2</cpu>
      <wall>1.567143936157227e2</wall>
    </partial>
    <partial label="rotwfck:hc" calls="10">
      <cpu>1.408739999999995e0</cpu>
      <wall>1.413489580154419e0</wall>
    </partial>
    <partial label="s_psi_bgrp" calls="9708">
      <cpu>1.624127379999991e2</cpu>
      <wall>1.626546394824982e2</wall>
    </partial>
    <partial label="s_psi" calls="9708">
      <cpu>1.530857860000119e2</cpu>
      <wall>1.532249369621277e2</wall>
    </partial>
    <partial label="rotwfck:diag" calls="10">
      <cpu>2.127800000000022e-1</cpu>
      <wall>2.177758216857910e-1</wall>
    </partial>
    <partial label="cdiaghg" calls="9698">
      <cpu>2.139223139999672e2</cpu>
      <wall>2.140748043060303e2</wall>
    </partial>
    <partial label="rotwfck:evc" calls="10">
      <cpu>4.127430000000025e-1</cpu>
      <wall>4.152407646179199e-1</wall>
    </partial>
    <partial label="electrons" calls="1">
      <cpu>3.012882548000000e3</cpu>
      <wall>3.193370615005493e3</wall>
    </partial>
    <partial label="c_bands" calls="115">
      <cpu>2.213852716000001e3</cpu>
      <wall>2.222693643808365e3</wall>
    </partial>
    <partial label="cegterg" calls="1182">
      <cpu>2.142940007999994e3</cpu>
      <wall>2.151072511672974e3</wall>
    </partial>
    <partial label="cegterg:init" calls="1182">
      <cpu>4.949498100000074e1</cpu>
      <wall>4.953347563743591e1</wall>
    </partial>
    <partial label="cegterg:upda" calls="8516">
      <cpu>1.035825740000250e2</cpu>
      <wall>1.037349865436554e2</wall>
    </partial>
    <partial label="g_psi" calls="8516">
      <cpu>5.644320999999309e0</cpu>
      <wall>5.689528226852417e0</wall>
    </partial>
    <partial label="cegterg:over" calls="8516">
      <cpu>1.489466339999908e2</cpu>
      <wall>1.491422753334046e2</wall>
    </partial>
    <partial label="cegterg:diag" calls="9688">
      <cpu>2.137461999999951e2</cpu>
      <wall>2.138833773136139e2</wall>
    </partial>
    <partial label="cegterg:last" calls="2497">
      <cpu>1.686685949999965e2</cpu>
      <wall>1.687918927669525e2</wall>
    </partial>
    <partial label="sum_band" calls="115">
      <cpu>4.237946259999999e2</cpu>
      <wall>4.979449331760406e2</wall>
    </partial>
    <partial label="sum_band:wei" calls="115">
      <cpu>1.058720000000903e-1</cpu>
      <wall>1.076595783233643e-1</wall>
    </partial>
    <partial label="sum_band:loo" calls="115">
      <cpu>2.597905489999994e2</cpu>
      <wall>2.620102126598359e2</wall>
    </partial>
    <partial label="sum_band:buf" calls="1150">
      <cpu>5.810475000005226e0</cpu>
      <wall>6.059398412704468e0</wall>
    </partial>
    <partial label="sum_band:ini" calls="1150">
      <cpu>1.206104599999890e1</cpu>
      <wall>1.209264373779297e1</wall>
    </partial>
    <partial label="sum_band:cal" calls="1150">
      <cpu>4.915407499999310e1</cpu>
      <wall>4.995057559013367e1</wall>
    </partial>
    <partial label="sum_band:bec" calls="1150">
      <cpu>6.964990000055877e-1</cpu>
      <wall>7.124855518341064e-1</wall>
    </partial>
    <partial label="addusdens" calls="115">
      <cpu>1.489226390000004e2</cpu>
      <wall>2.201528182029724e2</wall>
    </partial>
    <partial label="addusd:skk" calls="230">
      <cpu>1.469850000000406e0</cpu>
      <wall>1.786785602569580e0</wall>
    </partial>
    <partial label="addusd:dgemm" calls="230">
      <cpu>4.622744300000249e1</cpu>
      <wall>1.013971762657166e2</wall>
    </partial>
    <partial label="addusd:qvan2" calls="230">
      <cpu>9.038908499999797e1</cpu>
      <wall>9.247939896583558e1</wall>
    </partial>
    <partial label="sum_band:sym" calls="115">
      <cpu>1.409623999999849e1</cpu>
      <wall>1.471647429466248e1</wall>
    </partial>
    <partial label="mix_rho" calls="115">
      <cpu>9.612395999999080e0</cpu>
      <wall>9.995015859603882e0</wall>
    </partial>
    <partial label="ions" calls="1">
      <cpu>9.404598999999962e0</cpu>
      <wall>1.059889006614685e1</wall>
    </partial>
    <partial label="forces" calls="1">
      <cpu>9.404593000000204e0</cpu>
      <wall>1.059888386726380e1</wall>
    </partial>
    <partial label="frc_us" calls="1">
      <cpu>3.140769000000091e0</cpu>
      <wall>4.108816862106323e0</wall>
    </partial>
    <partial label="frc_lc" calls="1">
      <cpu>2.470859999998538e-1</cpu>
      <wall>2.485191822052002e-1</wall>
    </partial>
    <partial label="frc_cc" calls="1">
      <cpu>3.375501999999869e0</cpu>
      <wall>3.593684911727905e0</wall>
    </partial>
    <partial label="frc_scc" calls="1">
      <cpu>2.430346999999983e0</cpu>
      <wall>2.435548067092896e0</wall>
    </partial>
  </timing_info>
  <closed DATE="26 Oct 2022" TIME="13: 3: 4"></closed>
</qes:espresso>
