<?xml version="1.0" encoding="UTF-8"?>
<qes:espresso xsi:schemaLocation="http://www.quantum-espresso.org/ns/qes/qes-1.0 http://www.quantum-espresso.org/ns/qes/qes_220603.xsd" Units="Hartree atomic units" xmlns:xsi="http://www.w3.org/2001/XMLSchema-instance" xmlns:qes="http://www.quantum-espresso.org/ns/qes/qes-1.0">
  <!--All quantities are in Hartree atomic units unless otherwise specified-->
  <general_info>
    <xml_format NAME="QEXSD" VERSION="21.11.01">QEXSD_21.11.01</xml_format>
    <creator NAME="PWSCF" VERSION="7.1">XML file generated by PWSCF</creator>
    <created DATE="26Oct2022" TIME="12:25: 3">This run was terminated on:  12:25: 3  26 Oct 2022</created>
    <job></job>
  </general_info>
  <parallel_info>
    <nprocs>64</nprocs>
    <nthreads>1</nthreads>
    <ntasks>1</ntasks>
    <nbgrp>1</nbgrp>
    <npool>1</npool>
    <ndiag>64</ndiag>
  </parallel_info>
  <input>
    <control_variables>
      <title></title>
      <calculation>scf</calculation>
      <restart_mode>from_scratch</restart_mode>
      <prefix>calc</prefix>
      <pseudo_dir>/scratch/alevoj1/esp-psp/v2/</pseudo_dir>
      <outdir>.</outdir>
      <stress>false</stress>
      <forces>true</forces>
      <wf_collect>true</wf_collect>
      <disk_io>low</disk_io>
      <max_seconds>10000000</max_seconds>
      <nstep>1</nstep>
      <etot_conv_thr>5.000000000000000e-1</etot_conv_thr>
      <forc_conv_thr>9.723452333419537e-4</forc_conv_thr>
      <press_conv_thr>5.000000000000000e-1</press_conv_thr>
      <verbosity>low</verbosity>
      <print_every>100000</print_every>
      <fcp>false</fcp>
      <rism>false</rism>
    </control_variables>
    <atomic_species ntyp="2">
      <species name="Ti1">
        <mass>4.786700000000000e1</mass>
        <pseudo_file>Ti.UPF</pseudo_file>
      </species>
      <species name="C1">
        <mass>1.201100000000000e1</mass>
        <pseudo_file>C.UPF</pseudo_file>
      </species>
    </atomic_species>
    <atomic_structure nat="10" alat="2.645616574391e1">
      <atomic_positions>
        <atom name="Ti1" index="1">7.218753795838540e0 8.023851232337728e0 2.303576145844812e1</atom>
        <atom name="Ti1" index="2">1.322808287195543e1 8.023851232337728e0 2.303576145844812e1</atom>
        <atom name="Ti1" index="3">1.022341833389697e1 9.758595112210305e0 1.700753512108555e1</atom>
        <atom name="Ti1" index="4">1.022341833389697e1 1.322808287195543e1 2.303576145844812e1</atom>
        <atom name="Ti1" index="5">1.923741194807232e1 8.023851232337728e0 2.303576145844812e1</atom>
        <atom name="Ti1" index="6">1.623274741001389e1 9.758595112210305e0 1.700753512108555e1</atom>
        <atom name="C1" index="7">1.322808287195543e1 1.149333899208286e1 2.002164828976683e1</atom>
        <atom name="Ti1" index="8">1.623274741001389e1 1.322808287195543e1 2.303576145844812e1</atom>
        <atom name="Ti1" index="9">1.322808287195543e1 1.496282675182801e1 1.700753512108555e1</atom>
        <atom name="Ti1" index="10">1.322808287195543e1 1.843231451157314e1 2.303576145844812e1</atom>
      </atomic_positions>
      <cell>
        <a1>2.645616574391087e1 0.000000000000000e0 0.000000000000000e0</a1>
        <a2>0.000000000000000e0 2.645616574391087e1 0.000000000000000e0</a2>
        <a3>0.000000000000000e0 0.000000000000000e0 4.004329657953366e1</a3>
      </cell>
    </atomic_structure>
    <dft>
      <functional>BEEF-VDW</functional>
      <vdW>
        <vdw_corr>none</vdw_corr>
        <non_local_term>VDW2</non_local_term>
      </vdW>
    </dft>
    <spin>
      <lsda>false</lsda>
      <noncolin>false</noncolin>
      <spinorbit>false</spinorbit>
    </spin>
    <bands>
      <nbnd>76</nbnd>
      <smearing degauss="3.674932379085e-3">fd</smearing>
      <tot_charge>0.000000000000000e0</tot_charge>
      <occupations>smearing</occupations>
    </bands>
    <basis>
      <gamma_only>false</gamma_only>
      <ecutwfc>2.572452665359641e1</ecutwfc>
      <ecutrho>2.572452665359642e2</ecutrho>
    </basis>
    <electron_control>
      <diagonalization>davidson</diagonalization>
      <mixing_mode>plain</mixing_mode>
      <mixing_beta>1.000000000000000e-1</mixing_beta>
      <conv_thr>3.674932379085202e-8</conv_thr>
      <mixing_ndim>10</mixing_ndim>
      <max_nstep>500</max_nstep>
      <real_space_q>false</real_space_q>
      <real_space_beta>false</real_space_beta>
      <tq_smoothing>false</tq_smoothing>
      <tbeta_smoothing>false</tbeta_smoothing>
      <diago_thr_init>0.000000000000000e0</diago_thr_init>
      <diago_full_acc>false</diago_full_acc>
      <diago_cg_maxiter>20</diago_cg_maxiter>
      <diago_ppcg_maxiter>20</diago_ppcg_maxiter>
      <diago_rmm_ndim>4</diago_rmm_ndim>
      <diago_gs_nblock>16</diago_gs_nblock>
      <diago_rmm_conv>false</diago_rmm_conv>
    </electron_control>
    <k_points_IBZ>
      <monkhorst_pack nk1="4" nk2="4" nk3="1" k1="0" k2="0" k3="0">Monkhorst-Pack</monkhorst_pack>
    </k_points_IBZ>
    <ion_control>
      <ion_dynamics>none</ion_dynamics>
      <upscale>1.000000000000000e2</upscale>
      <remove_rigid_rot>false</remove_rigid_rot>
      <refold_pos>false</refold_pos>
    </ion_control>
    <cell_control>
      <cell_dynamics>none</cell_dynamics>
      <pressure>0.000000000000000e0</pressure>
      <wmass>4.428140000000002e2</wmass>
      <cell_do_free>all</cell_do_free>
    </cell_control>
    <symmetry_flags>
      <nosym>true</nosym>
      <nosym_evc>false</nosym_evc>
      <noinv>false</noinv>
      <no_t_rev>false</no_t_rev>
      <force_symmorphic>false</force_symmorphic>
      <use_all_frac>false</use_all_frac>
    </symmetry_flags>
    <electric_field>
      <electric_potential>sawtooth_potential</electric_potential>
      <dipole_correction>true</dipole_correction>
      <electric_field_direction>3</electric_field_direction>
      <potential_max_position>0.000000000000000e0</potential_max_position>
      <potential_decrease_width>2.500000000000000e-2</potential_decrease_width>
      <electric_field_amplitude>0.000000000000000e0</electric_field_amplitude>
      <electric_field_vector>0.000000000000000e0 0.000000000000000e0 0.000000000000000e0</electric_field_vector>
      <nk_per_string>0</nk_per_string>
      <n_berry_cycles>1</n_berry_cycles>
    </electric_field>
  </input>
  <output>
    <convergence_info>
      <scf_conv>
        <convergence_achieved>true</convergence_achieved>
        <n_scf_steps>78</n_scf_steps>
        <scf_error>3.300444473972268e-8</scf_error>
      </scf_conv>
    </convergence_info>
    <algorithmic_info>
      <real_space_q>false</real_space_q>
      <real_space_beta>false</real_space_beta>
      <uspp>true</uspp>
      <paw>false</paw>
    </algorithmic_info>
    <atomic_species ntyp="2" pseudo_dir="/scratch/alevoj1/esp-psp/v2/">
      <species name="Ti1">
        <mass>4.786700000000000e1</mass>
        <pseudo_file>Ti.UPF</pseudo_file>
      </species>
      <species name="C1">
        <mass>1.201100000000000e1</mass>
        <pseudo_file>C.UPF</pseudo_file>
      </species>
    </atomic_species>
    <atomic_structure nat="10" alat="1.889726124565e0">
      <atomic_positions>
        <atom name="Ti1" index="1">7.218753795838540e0 8.023851232337728e0 2.303576145844812e1</atom>
        <atom name="Ti1" index="2">1.322808287195543e1 8.023851232337728e0 2.303576145844812e1</atom>
        <atom name="Ti1" index="3">1.022341833389697e1 9.758595112210305e0 1.700753512108555e1</atom>
        <atom name="Ti1" index="4">1.022341833389697e1 1.322808287195543e1 2.303576145844812e1</atom>
        <atom name="Ti1" index="5">1.923741194807232e1 8.023851232337728e0 2.303576145844812e1</atom>
        <atom name="Ti1" index="6">1.623274741001389e1 9.758595112210305e0 1.700753512108555e1</atom>
        <atom name="C1" index="7">1.322808287195543e1 1.149333899208286e1 2.002164828976683e1</atom>
        <atom name="Ti1" index="8">1.623274741001389e1 1.322808287195543e1 2.303576145844812e1</atom>
        <atom name="Ti1" index="9">1.322808287195543e1 1.496282675182801e1 1.700753512108555e1</atom>
        <atom name="Ti1" index="10">1.322808287195543e1 1.843231451157314e1 2.303576145844812e1</atom>
      </atomic_positions>
      <cell>
        <a1>2.645616574391087e1 0.000000000000000e0 0.000000000000000e0</a1>
        <a2>0.000000000000000e0 2.645616574391087e1 0.000000000000000e0</a2>
        <a3>0.000000000000000e0 0.000000000000000e0 4.004329657953366e1</a3>
      </cell>
    </atomic_structure>
    <symmetries>
      <nsym>1</nsym>
      <nrot>16</nrot>
      <space_group>0</space_group>
      <symmetry>
        <info name="identity">crystal_symmetry</info>
        <rotation rank="2" dims="3 3">
          1.000000000000000e0 0.000000000000000e0 0.000000000000000e0
          0.000000000000000e0 1.000000000000000e0 0.000000000000000e0
          0.000000000000000e0 0.000000000000000e0 1.000000000000000e0
          </rotation>
        <fractional_translation>0.000000000000000e0 0.000000000000000e0 0.000000000000000e0</fractional_translation>
        <equivalent_atoms size="10" nat="10">
          1 2 3 4 5 6 7 8
          9 10
          </equivalent_atoms>
      </symmetry>
      <symmetry>
        <info name="inv. 180 deg rotation - cart. axis [1,0,0]">lattice_symmetry</info>
        <rotation rank="2" dims="3 3">
          -1.000000000000000e0 0.000000000000000e0 0.000000000000000e0
          0.000000000000000e0 1.000000000000000e0 0.000000000000000e0
          0.000000000000000e0 0.000000000000000e0 1.000000000000000e0
          </rotation>
      </symmetry>
      <symmetry>
        <info name="180 deg rotation - cart. axis [0,1,0]">lattice_symmetry</info>
        <rotation rank="2" dims="3 3">
          -1.000000000000000e0 0.000000000000000e0 0.000000000000000e0
          0.000000000000000e0 1.000000000000000e0 0.000000000000000e0
          0.000000000000000e0 0.000000000000000e0 -1.000000000000000e0
          </rotation>
      </symmetry>
      <symmetry>
        <info name="180 deg rotation - cart. axis [1,0,0]">lattice_symmetry</info>
        <rotation rank="2" dims="3 3">
          1.000000000000000e0 0.000000000000000e0 0.000000000000000e0
          0.000000000000000e0 -1.000000000000000e0 0.000000000000000e0
          0.000000000000000e0 0.000000000000000e0 -1.000000000000000e0
          </rotation>
      </symmetry>
      <symmetry>
        <info name="180 deg rotation - cart. axis [1,1,0]">lattice_symmetry</info>
        <rotation rank="2" dims="3 3">
          0.000000000000000e0 1.000000000000000e0 0.000000000000000e0
          1.000000000000000e0 0.000000000000000e0 0.000000000000000e0
          0.000000000000000e0 0.000000000000000e0 -1.000000000000000e0
          </rotation>
      </symmetry>
      <symmetry>
        <info name="180 deg rotation - cart. axis [1,-1,0]">lattice_symmetry</info>
        <rotation rank="2" dims="3 3">
          0.000000000000000e0 -1.000000000000000e0 0.000000000000000e0
          -1.000000000000000e0 0.000000000000000e0 0.000000000000000e0
          0.000000000000000e0 0.000000000000000e0 -1.000000000000000e0
          </rotation>
      </symmetry>
      <symmetry>
        <info name=" 90 deg rotation - cart. axis [0,0,-1]">lattice_symmetry</info>
        <rotation rank="2" dims="3 3">
          0.000000000000000e0 1.000000000000000e0 0.000000000000000e0
          -1.000000000000000e0 0.000000000000000e0 0.000000000000000e0
          0.000000000000000e0 0.000000000000000e0 1.000000000000000e0
          </rotation>
      </symmetry>
      <symmetry>
        <info name=" 90 deg rotation - cart. axis [0,0,1]">lattice_symmetry</info>
        <rotation rank="2" dims="3 3">
          0.000000000000000e0 -1.000000000000000e0 0.000000000000000e0
          1.000000000000000e0 0.000000000000000e0 0.000000000000000e0
          0.000000000000000e0 0.000000000000000e0 1.000000000000000e0
          </rotation>
      </symmetry>
      <symmetry>
        <info name="inversion">lattice_symmetry</info>
        <rotation rank="2" dims="3 3">
          -1.000000000000000e0 0.000000000000000e0 0.000000000000000e0
          0.000000000000000e0 -1.000000000000000e0 0.000000000000000e0
          0.000000000000000e0 0.000000000000000e0 -1.000000000000000e0
          </rotation>
      </symmetry>
      <symmetry>
        <info name="inv. 180 deg rotation - cart. axis [0,0,1]">lattice_symmetry</info>
        <rotation rank="2" dims="3 3">
          1.000000000000000e0 0.000000000000000e0 0.000000000000000e0
          0.000000000000000e0 1.000000000000000e0 0.000000000000000e0
          0.000000000000000e0 0.000000000000000e0 -1.000000000000000e0
          </rotation>
      </symmetry>
      <symmetry>
        <info name="inv. 180 deg rotation - cart. axis [0,1,0]">lattice_symmetry</info>
        <rotation rank="2" dims="3 3">
          1.000000000000000e0 0.000000000000000e0 0.000000000000000e0
          0.000000000000000e0 -1.000000000000000e0 0.000000000000000e0
          0.000000000000000e0 0.000000000000000e0 1.000000000000000e0
          </rotation>
      </symmetry>
      <symmetry>
        <info name="180 deg rotation - cart. axis [0,0,1]">lattice_symmetry</info>
        <rotation rank="2" dims="3 3">
          -1.000000000000000e0 0.000000000000000e0 0.000000000000000e0
          0.000000000000000e0 -1.000000000000000e0 0.000000000000000e0
          0.000000000000000e0 0.000000000000000e0 1.000000000000000e0
          </rotation>
      </symmetry>
      <symmetry>
        <info name="inv. 180 deg rotation - cart. axis [1,1,0]">lattice_symmetry</info>
        <rotation rank="2" dims="3 3">
          0.000000000000000e0 -1.000000000000000e0 0.000000000000000e0
          -1.000000000000000e0 0.000000000000000e0 0.000000000000000e0
          0.000000000000000e0 0.000000000000000e0 1.000000000000000e0
          </rotation>
      </symmetry>
      <symmetry>
        <info name="inv. 180 deg rotation - cart. axis [1,-1,0]">lattice_symmetry</info>
        <rotation rank="2" dims="3 3">
          0.000000000000000e0 1.000000000000000e0 0.000000000000000e0
          1.000000000000000e0 0.000000000000000e0 0.000000000000000e0
          0.000000000000000e0 0.000000000000000e0 1.000000000000000e0
          </rotation>
      </symmetry>
      <symmetry>
        <info name="inv.  90 deg rotation - cart. axis [0,0,-1]">lattice_symmetry</info>
        <rotation rank="2" dims="3 3">
          0.000000000000000e0 -1.000000000000000e0 0.000000000000000e0
          1.000000000000000e0 0.000000000000000e0 0.000000000000000e0
          0.000000000000000e0 0.000000000000000e0 -1.000000000000000e0
          </rotation>
      </symmetry>
      <symmetry>
        <info name="inv.  90 deg rotation - cart. axis [0,0,1]">lattice_symmetry</info>
        <rotation rank="2" dims="3 3">
          0.000000000000000e0 1.000000000000000e0 0.000000000000000e0
          -1.000000000000000e0 0.000000000000000e0 0.000000000000000e0
          0.000000000000000e0 0.000000000000000e0 -1.000000000000000e0
          </rotation>
      </symmetry>
    </symmetries>
    <basis_set>
      <gamma_only>false</gamma_only>
      <ecutwfc>2.572452665359641e1</ecutwfc>
      <ecutrho>2.572452665359642e2</ecutrho>
      <fft_grid nr1="192" nr2="192" nr3="300"></fft_grid>
      <fft_smooth nr1="125" nr2="125" nr3="192"></fft_smooth>
      <fft_box nr1="192" nr2="192" nr3="300"></fft_box>
      <ngm>5523193</ngm>
      <ngms>1397391</ngms>
      <npwx>174783</npwx>
      <reciprocal_lattice>
        <b1>7.142857142857142e-2 0.000000000000000e0 0.000000000000000e0</b1>
        <b2>0.000000000000000e0 7.142857142857142e-2 0.000000000000000e0</b2>
        <b3>0.000000000000000e0 0.000000000000000e0 4.719207173194903e-2</b3>
      </reciprocal_lattice>
    </basis_set>
    <dft>
      <functional>BEEF</functional>
      <vdW>
        <vdw_corr>none</vdw_corr>
        <non_local_term>VDW2</non_local_term>
      </vdW>
    </dft>
    <magnetization>
      <lsda>false</lsda>
      <noncolin>false</noncolin>
      <spinorbit>false</spinorbit>
      <absolute>0.000000000000000e0</absolute>
    </magnetization>
    <total_energy>
      <etot>-5.323882036804570e2</etot>
      <eband>-1.178878793390796e2</eband>
      <ehart>6.778209762403391e2</ehart>
      <vtxc>-8.876213118117196e1</vtxc>
      <etxc>-6.898381459133510e1</etxc>
      <ewald>2.436137248229485e2</ewald>
      <demet>-6.344778033723343e-2</demet>
      <efieldcorr>2.372781555320386e-5</efieldcorr>
    </total_energy>
    <band_structure>
      <lsda>false</lsda>
      <noncolin>false</noncolin>
      <spinorbit>false</spinorbit>
      <nbnd>76</nbnd>
      <nelec>1.120000000000000e2</nelec>
      <num_of_atomic_wfc>94</num_of_atomic_wfc>
      <wf_collected>true</wf_collected>
      <fermi_energy>-9.132086160202544e-2</fermi_energy>
      <starting_k_points>
        <monkhorst_pack nk1="4" nk2="4" nk3="1" k1="0" k2="0" k3="0">Monkhorst-Pack</monkhorst_pack>
      </starting_k_points>
      <nks>10</nks>
      <occupations_kind>smearing</occupations_kind>
      <smearing degauss="3.674932379085e-3">fd</smearing>
      <ks_energies>
        <k_point weight="1.250000000000e-1">0.000000000000000e0 0.000000000000000e0 0.000000000000000e0</k_point>
        <npw>174783</npw>
        <eigenvalues size="76">
          -2.215076002224921e0 -2.214748873137452e0 -2.214739168828258e0 -2.212818363119326e0 -2.212776859445551e0
          -2.212762268031672e0 -2.211794135750603e0 -2.211504003105525e0 -2.211502800114985e0 -1.348373661408538e0
          -1.347303940032447e0 -1.347297144513558e0 -1.345518930097725e0 -1.345478046969775e0 -1.345463752809994e0
          -1.343891588368529e0 -1.343444599800477e0 -1.343440809279602e0 -1.343103642452149e0 -1.343100491412952e0
          -1.342550801137022e0 -1.341970720895747e0 -1.341411932710404e0 -1.341352460466732e0 -1.341332989842207e0
          -1.340111334620561e0 -1.339976554965175e0 -1.339968951553051e0 -1.339028279894939e0 -1.338988704239802e0
          -1.338481793454257e0 -1.337787680371328e0 -1.337780021396083e0 -1.332968506880659e0 -1.332963667479548e0
          -1.332364639848136e0 -4.384706174294130e-1 -2.035297577087236e-1 -1.938732304429193e-1 -1.938702177304289e-1
          -1.726365546081856e-1 -1.378301037504635e-1 -1.375744247789433e-1 -1.286694912872276e-1 -1.159479600586237e-1
          -1.158081215369316e-1 -1.098698036314464e-1 -1.043016426878219e-1 -1.042844620241912e-1 -1.009359031542452e-1
          -9.693158900439311e-2 -9.674251621297817e-2 -9.450452465155518e-2 -9.431173362947787e-2 -9.240790135931299e-2
          -9.140870953421834e-2 -9.050398582498554e-2 -9.044470970764657e-2 -8.990609844659190e-2 -8.695227801006119e-2
          -8.397426516986926e-2 -8.388263698298426e-2 -8.351463075749344e-2 -8.000882225310763e-2 -7.978009146127579e-2
          -7.885805586199140e-2 -7.822237476373939e-2 -7.679418159363283e-2 -7.512860013634734e-2 -7.020829215210491e-2
          -7.011141307889707e-2 -6.987152072952554e-2 -6.970632491057296e-2 -6.668546630235072e-2 -6.531375480036992e-2
          -6.496434801409321e-2
          </eigenvalues>
        <occupations size="76">
          1.000000000000000e0 1.000000000000000e0 1.000000000000000e0 1.000000000000000e0 1.000000000000000e0
          1.000000000000000e0 1.000000000000000e0 1.000000000000000e0 1.000000000000000e0 1.000000000000000e0
          1.000000000000000e0 1.000000000000000e0 1.000000000000000e0 1.000000000000000e0 1.000000000000000e0
          1.000000000000000e0 1.000000000000000e0 1.000000000000000e0 1.000000000000000e0 1.000000000000000e0
          1.000000000000000e0 1.000000000000000e0 1.000000000000000e0 1.000000000000000e0 1.000000000000000e0
          1.000000000000000e0 1.000000000000000e0 1.000000000000000e0 1.000000000000000e0 1.000000000000000e0
          1.000000000000000e0 1.000000000000000e0 1.000000000000000e0 1.000000000000000e0 1.000000000000000e0
          1.000000000000000e0 1.000000000000000e0 9.999999999999451e-1 9.999999999992404e-1 9.999999999992397e-1
          9.999999997543531e-1 9.999968110286494e-1 9.999965812603364e-1 9.999614331709550e-1 9.987722880606640e-1
          9.987247316746439e-1 9.936151631723812e-1 9.715915902920058e-1 9.714622663238874e-1 9.319087369731596e-1
          8.215312758787528e-1 8.138627313814544e-1 7.039791422670634e-1 6.929309477935943e-1 5.734151234844203e-1
          5.059758752075001e-1 4.446568837811883e-1 4.406774627489931e-1 4.049271526196021e-1 2.334821955439704e-1
          1.192963304067202e-1 1.167014856634050e-1 1.067684345390290e-1 4.401706830726970e-2 4.147108065978769e-2
          3.256840547151119e-2 2.753758336158044e-2 1.883708778828408e-2 1.205510600635830e-2 3.188463548362170e-3
          3.105764735664533e-3 2.910073177591767e-3 2.782511905347428e-3 1.224946669403558e-3 8.436793879383881e-4
          7.672177409564316e-4
          </occupations>
      </ks_energies>
      <ks_energies>
        <k_point weight="2.500000000000e-1">0.000000000000000e0 1.785714285714286e-2 0.000000000000000e0</k_point>
        <npw>174650</npw>
        <eigenvalues size="76">
          -2.215075975273574e0 -2.214748828814998e0 -2.214739160418113e0 -2.212818336748396e0 -2.212776843499418e0
          -2.212762229761235e0 -2.211794111060386e0 -2.211503989391267e0 -2.211502756439931e0 -1.348373661144191e0
          -1.347303940229484e0 -1.347297144383033e0 -1.345518930087121e0 -1.345478046746590e0 -1.345463752416772e0
          -1.343891588445788e0 -1.343444600245966e0 -1.343440808874026e0 -1.343103641356223e0 -1.343100491886977e0
          -1.342550800341440e0 -1.341970721100931e0 -1.341411931500307e0 -1.341352461613535e0 -1.341332989177958e0
          -1.340111334299314e0 -1.339976554617625e0 -1.339968951900886e0 -1.339028279303730e0 -1.338988704427536e0
          -1.338481792850849e0 -1.337787681024372e0 -1.337780021611420e0 -1.332968507162724e0 -1.332963667747725e0
          -1.332364640059517e0 -4.384706035240842e-1 -2.035269016836914e-1 -1.938823743348228e-1 -1.938728950797213e-1
          -1.725851101825100e-1 -1.380366861607407e-1 -1.375723486191853e-1 -1.286572336478415e-1 -1.159263542934244e-1
          -1.158092033620106e-1 -1.098764735725532e-1 -1.043231929686511e-1 -1.042821761209932e-1 -1.009381737046062e-1
          -9.693465362696184e-2 -9.672684496550119e-2 -9.441072469169223e-2 -9.431481522605559e-2 -9.227601619383712e-2
          -9.141464803198199e-2 -9.051913836870456e-2 -9.045406732196223e-2 -8.977593696094669e-2 -8.694358085908929e-2
          -8.394956451130597e-2 -8.388787025462038e-2 -8.351175947318525e-2 -8.000282912002593e-2 -7.977376502346831e-2
          -7.893334291084450e-2 -7.795275707205387e-2 -7.691079253902427e-2 -7.492163927914572e-2 -7.027303239460034e-2
          -7.012289484615930e-2 -6.999550179205327e-2 -6.969859599969550e-2 -6.667318623675909e-2 -6.536395803630326e-2
          -6.495858312495184e-2
          </eigenvalues>
        <occupations size="76">
          1.000000000000000e0 1.000000000000000e0 1.000000000000000e0 1.000000000000000e0 1.000000000000000e0
          1.000000000000000e0 1.000000000000000e0 1.000000000000000e0 1.000000000000000e0 1.000000000000000e0
          1.000000000000000e0 1.000000000000000e0 1.000000000000000e0 1.000000000000000e0 1.000000000000000e0
          1.000000000000000e0 1.000000000000000e0 1.000000000000000e0 1.000000000000000e0 1.000000000000000e0
          1.000000000000000e0 1.000000000000000e0 1.000000000000000e0 1.000000000000000e0 1.000000000000000e0
          1.000000000000000e0 1.000000000000000e0 1.000000000000000e0 1.000000000000000e0 1.000000000000000e0
          1.000000000000000e0 1.000000000000000e0 1.000000000000000e0 1.000000000000000e0 1.000000000000000e0
          1.000000000000000e0 1.000000000000000e0 9.999999999999451e-1 9.999999999992422e-1 9.999999999992404e-1
          9.999999997508901e-1 9.999969853472683e-1 9.999965793283740e-1 9.999613043225326e-1 9.987650577425955e-1
          9.987251065538150e-1 9.936266672453986e-1 9.717530014814617e-1 9.714450166350003e-1 9.319479319731469e-1
          8.216535113934501e-1 8.132158573513991e-1 6.986325295171626e-1 6.931093425797038e-1 5.646143628169007e-1
          5.063798003849440e-1 4.456752901457052e-1 4.413051803713807e-1 3.964221399794289e-1 2.330589137132151e-1
          1.185919543879809e-1 1.168483596403339e-1 1.066939441317387e-1 4.394849534772591e-2 4.140270245796724e-2
          3.322011075145798e-2 2.563952072886337e-2 1.943259879726913e-2 1.140248997823653e-2 3.244947608790677e-3
          3.115453121491217e-3 3.009624575365838e-3 2.776682264607856e-3 1.220865237409169e-3 8.552740480669778e-4
          7.660160664571915e-4
          </occupations>
      </ks_energies>
      <ks_energies>
        <k_point weight="1.250000000000e-1">0.000000000000000e0 -3.571428571428571e-2 0.000000000000000e0</k_point>
        <npw>174616</npw>
        <eigenvalues size="76">
          -2.215075965073650e0 -2.214748822535869e0 -2.214739162036559e0 -2.212818297883057e0 -2.212776855205287e0
          -2.212762234853311e0 -2.211794107215546e0 -2.211503991881268e0 -2.211502748171712e0 -1.348373661039090e0
          -1.347303940479414e0 -1.347297144235331e0 -1.345518930174566e0 -1.345478046766736e0 -1.345463752319238e0
          -1.343891588240369e0 -1.343444600279318e0 -1.343440808482077e0 -1.343103640211591e0 -1.343100491900278e0
          -1.342550799609123e0 -1.341970721319242e0 -1.341411930076215e0 -1.341352462692805e0 -1.341332988921435e0
          -1.340111333942982e0 -1.339976554418066e0 -1.339968952522258e0 -1.339028278560659e0 -1.338988704339527e0
          -1.338481791842968e0 -1.337787680971766e0 -1.337780021434033e0 -1.332968507112860e0 -1.332963667840319e0
          -1.332364639993658e0 -4.384705983135287e-1 -2.035240652106630e-1 -1.938945596847767e-1 -1.938725369465569e-1
          -1.725334453096900e-1 -1.382408480983428e-1 -1.375702780037786e-1 -1.286451635856928e-1 -1.159062428086868e-1
          -1.158103351651243e-1 -1.098829196658962e-1 -1.043433202290268e-1 -1.042799381545193e-1 -1.009403374327071e-1
          -9.694215338104897e-2 -9.671108717171927e-2 -9.432668891079748e-2 -9.431804445937289e-2 -9.215456082072645e-2
          -9.142085753202087e-2 -9.053429031393488e-2 -9.046337483605662e-2 -8.963504843540360e-2 -8.693493297870457e-2
          -8.392782109259656e-2 -8.389315202676764e-2 -8.350585805745112e-2 -8.001192533779308e-2 -7.976743123872819e-2
          -7.898470494371798e-2 -7.768437633884481e-2 -7.702503721068005e-2 -7.464822787901038e-2 -7.041995787660080e-2
          -7.013445462108505e-2 -7.008148299272278e-2 -6.969159517888681e-2 -6.666127858512444e-2 -6.540489992090776e-2
          -6.494753832013087e-2
          </eigenvalues>
        <occupations size="76">
          1.000000000000000e0 1.000000000000000e0 1.000000000000000e0 1.000000000000000e0 1.000000000000000e0
          1.000000000000000e0 1.000000000000000e0 1.000000000000000e0 1.000000000000000e0 1.000000000000000e0
          1.000000000000000e0 1.000000000000000e0 1.000000000000000e0 1.000000000000000e0 1.000000000000000e0
          1.000000000000000e0 1.000000000000000e0 1.000000000000000e0 1.000000000000000e0 1.000000000000000e0
          1.000000000000000e0 1.000000000000000e0 1.000000000000000e0 1.000000000000000e0 1.000000000000000e0
          1.000000000000000e0 1.000000000000000e0 1.000000000000000e0 1.000000000000000e0 1.000000000000000e0
          1.000000000000000e0 1.000000000000000e0 1.000000000000000e0 1.000000000000000e0 1.000000000000000e0
          1.000000000000000e0 1.000000000000000e0 9.999999999999449e-1 9.999999999992449e-1 9.999999999992401e-1
          9.999999997473633e-1 9.999971482594839e-1 9.999965774004835e-1 9.999611770252454e-1 9.987582892690655e-1
          9.987254986338099e-1 9.936377656635901e-1 9.719029498578927e-1 9.714281188783540e-1 9.319852635092321e-1
          8.219523700297264e-1 8.125636661971852e-1 6.937961742574474e-1 6.932962221281935e-1 5.564732793420316e-1
          5.068021496993400e-1 4.466941125911972e-1 4.419297233838007e-1 3.872864079066273e-1 2.326385597761961e-1
          1.179748899849163e-1 1.169967574049582e-1 1.065409859889004e-1 4.405261365358413e-2 4.133435291735271e-2
          3.367192193972613e-2 2.387691698847057e-2 2.003390626996902e-2 1.059360588849372e-2 3.376863463855859e-3
          3.125237766635646e-3 3.080650505900509e-3 2.771412309550011e-3 1.216920553086458e-3 8.648475198720915e-4
          7.637190595251363e-4
          </occupations>
      </ks_energies>
      <ks_energies>
        <k_point weight="2.500000000000e-1">1.785714285714286e-2 0.000000000000000e0 0.000000000000000e0</k_point>
        <npw>174650</npw>
        <eigenvalues size="76">
          -2.215075974293878e0 -2.214748850320904e0 -2.214739140020251e0 -2.212818340099159e0 -2.212776823418910e0
          -2.212762245312003e0 -2.211794107973638e0 -2.211503974390918e0 -2.211502777571554e0 -1.348373661594591e0
          -1.347303940192325e0 -1.347297144706692e0 -1.345518930055884e0 -1.345478046847543e0 -1.345463752531425e0
          -1.343891588459925e0 -1.343444600011119e0 -1.343440809494988e0 -1.343103642304934e0 -1.343100491697948e0
          -1.342550800568191e0 -1.341970720872926e0 -1.341411933836866e0 -1.341352460668303e0 -1.341332988983140e0
          -1.340111334723495e0 -1.339976554287517e0 -1.339968950998588e0 -1.339028279373369e0 -1.338988707066913e0
          -1.338481790381716e0 -1.337787680247891e0 -1.337780021566436e0 -1.332968506713124e0 -1.332963668706529e0
          -1.332364639847161e0 -4.384706004356569e-1 -2.035265998021627e-1 -1.938898554328144e-1 -1.938653358510355e-1
          -1.725565635586801e-1 -1.381331696520071e-1 -1.375717043673069e-1 -1.286399451605041e-1 -1.159607886185503e-1
          -1.158413148137713e-1 -1.098349199957195e-1 -1.043226282237960e-1 -1.042924351405680e-1 -1.008647742894984e-1
          -9.701653121470390e-2 -9.684406092470356e-2 -9.449259010354654e-2 -9.438905530742099e-2 -9.221566006699145e-2
          -9.143084847946159e-2 -9.047613931987065e-2 -9.047413499226620e-2 -8.974384213786085e-2 -8.697432004839666e-2
          -8.394935860086028e-2 -8.391497973157577e-2 -8.347610067476435e-2 -8.003511409517056e-2 -7.990344705007185e-2
          -7.879037716806446e-2 -7.779981581901421e-2 -7.695767491662688e-2 -7.470675202788729e-2 -7.026699567719133e-2
          -7.012876039979266e-2 -6.993000946560297e-2 -6.980339762135684e-2 -6.671332277060710e-2 -6.536133220524829e-2
          -6.507972807382595e-2
          </eigenvalues>
        <occupations size="76">
          1.000000000000000e0 1.000000000000000e0 1.000000000000000e0 1.000000000000000e0 1.000000000000000e0
          1.000000000000000e0 1.000000000000000e0 1.000000000000000e0 1.000000000000000e0 1.000000000000000e0
          1.000000000000000e0 1.000000000000000e0 1.000000000000000e0 1.000000000000000e0 1.000000000000000e0
          1.000000000000000e0 1.000000000000000e0 1.000000000000000e0 1.000000000000000e0 1.000000000000000e0
          1.000000000000000e0 1.000000000000000e0 1.000000000000000e0 1.000000000000000e0 1.000000000000000e0
          1.000000000000000e0 1.000000000000000e0 1.000000000000000e0 1.000000000000000e0 1.000000000000000e0
          1.000000000000000e0 1.000000000000000e0 1.000000000000000e0 1.000000000000000e0 1.000000000000000e0
          1.000000000000000e0 1.000000000000000e0 9.999999999999451e-1 9.999999999992436e-1 9.999999999992387e-1
          9.999999997489477e-1 9.999970634652573e-1 9.999965787286460e-1 9.999611218593818e-1 9.987765610870339e-1
          9.987361839889786e-1 9.935546601848753e-1 9.717487829371628e-1 9.715223532507475e-1 9.306702443049357e-1
          8.248950401508422e-1 8.180124137328541e-1 7.033019279471077e-1 6.973895897065089e-1 5.605727995670322e-1
          5.074816797178823e-1 4.427865307251882e-1 4.426519689213221e-1 3.943343760163445e-1 2.345573526097118e-1
          1.185860977014204e-1 1.176117680927271e-1 1.057726469517672e-1 4.431910531497833e-2 4.282612961000027e-2
          3.199311836016138e-2 2.462010054859110e-2 1.967718583516438e-2 1.076183189679867e-2 3.239638846388420e-3
          3.120414132786485e-3 2.956621224077328e-3 2.856778055503850e-3 1.234255702317995e-3 8.546636737658659e-4
          7.916684576783519e-4
          </occupations>
      </ks_energies>
      <ks_energies>
        <k_point weight="2.500000000000e-1">1.785714285714286e-2 1.785714285714286e-2 0.000000000000000e0</k_point>
        <npw>174617</npw>
        <eigenvalues size="76">
          -2.215075967716835e0 -2.214748829075945e0 -2.214739153271835e0 -2.212818326967092e0 -2.212776811312463e0
          -2.212762250562447e0 -2.211794105461936e0 -2.211503984321713e0 -2.211502757039832e0 -1.348373660956108e0
          -1.347303940128901e0 -1.347297144325400e0 -1.345518929736786e0 -1.345478046697736e0 -1.345463752259360e0
          -1.343891588158155e0 -1.343444600126590e0 -1.343440808812279e0 -1.343103641030241e0 -1.343100491691502e0
          -1.342550800045655e0 -1.341970720780209e0 -1.341411932284674e0 -1.341352461824270e0 -1.341332987867906e0
          -1.340111333972422e0 -1.339976554419659e0 -1.339968951355067e0 -1.339028278209409e0 -1.338988707050008e0
          -1.338481789713567e0 -1.337787680706147e0 -1.337780021403652e0 -1.332968506856638e0 -1.332963668635138e0
          -1.332364639727638e0 -4.384706009310327e-1 -2.035237801845162e-1 -1.938911195685246e-1 -1.938759756044549e-1
          -1.725050749448889e-1 -1.381934690631648e-1 -1.377165825779688e-1 -1.286275640111990e-1 -1.159524844980749e-1
          -1.158291860818144e-1 -1.098415384823151e-1 -1.043270842224659e-1 -1.043074320379324e-1 -1.008671130271122e-1
          -9.700859740413692e-2 -9.683773981239698e-2 -9.441468727341622e-2 -9.437250745722803e-2 -9.210456821946421e-2
          -9.143662335829260e-2 -9.049164979642990e-2 -9.048314409121460e-2 -8.959746865936525e-2 -8.696566690176912e-2
          -8.393076421877886e-2 -8.391280980753175e-2 -8.347218638671745e-2 -8.002903512693809e-2 -7.991595817245268e-2
          -7.884275341499346e-2 -7.747827525678518e-2 -7.707830232912412e-2 -7.457066258004237e-2 -7.029709371471905e-2
          -7.015207956077917e-2 -6.997020560233792e-2 -6.989545107227070e-2 -6.670059320051804e-2 -6.541473438509180e-2
          -6.508586707692189e-2
          </eigenvalues>
        <occupations size="76">
          1.000000000000000e0 1.000000000000000e0 1.000000000000000e0 1.000000000000000e0 1.000000000000000e0
          1.000000000000000e0 1.000000000000000e0 1.000000000000000e0 1.000000000000000e0 1.000000000000000e0
          1.000000000000000e0 1.000000000000000e0 1.000000000000000e0 1.000000000000000e0 1.000000000000000e0
          1.000000000000000e0 1.000000000000000e0 1.000000000000000e0 1.000000000000000e0 1.000000000000000e0
          1.000000000000000e0 1.000000000000000e0 1.000000000000000e0 1.000000000000000e0 1.000000000000000e0
          1.000000000000000e0 1.000000000000000e0 1.000000000000000e0 1.000000000000000e0 1.000000000000000e0
          1.000000000000000e0 1.000000000000000e0 1.000000000000000e0 1.000000000000000e0 1.000000000000000e0
          1.000000000000000e0 1.000000000000000e0 9.999999999999449e-1 9.999999999992440e-1 9.999999999992408e-1
          9.999999997454054e-1 9.999971112555251e-1 9.999967109821727e-1 9.999609906599529e-1 9.987737967913777e-1
          9.987320113026568e-1 9.935661830623175e-1 9.717820518388052e-1 9.716350401651241e-1 9.307112957658463e-1
          8.245829829751010e-1 8.177562112519057e-1 6.988595060756269e-1 6.964384660096731e-1 5.531132152821745e-1
          5.078744431867770e-1 4.438281188896278e-1 4.432568663242112e-1 3.848626427233217e-1 2.341348641426936e-1
          1.180582509876288e-1 1.175505037742806e-1 1.056719439566947e-1 4.424909579909736e-2 4.296590240024228e-2
          3.243746220099093e-2 2.260412238013582e-2 2.032045230007348e-2 1.037464952812528e-2 3.266193722734977e-3
          3.140215195986310e-3 2.989040841850337e-3 2.929029074180924e-3 1.229993019079550e-3 8.671630229553671e-4
          7.929910016197751e-4
          </occupations>
      </ks_energies>
      <ks_energies>
        <k_point weight="2.500000000000e-1">1.785714285714286e-2 -3.571428571428571e-2 0.000000000000000e0</k_point>
        <npw>174638</npw>
        <eigenvalues size="76">
          -2.215075970567881e0 -2.214748831114628e0 -2.214739162113333e0 -2.212818314017419e0 -2.212776838993701e0
          -2.212762251115020e0 -2.211794106206511e0 -2.211503990857037e0 -2.211502759157999e0 -1.348373660727903e0
          -1.347303940195719e0 -1.347297144087041e0 -1.345518929755695e0 -1.345478046827143e0 -1.345463752110979e0
          -1.343891588036889e0 -1.343444600456567e0 -1.343440808388416e0 -1.343103639954789e0 -1.343100491990406e0
          -1.342550799905104e0 -1.341970720576918e0 -1.341411930674469e0 -1.341352462805926e0 -1.341332987278133e0
          -1.340111333465309e0 -1.339976554359503e0 -1.339968951681330e0 -1.339028277207298e0 -1.338988707007496e0
          -1.338481788936945e0 -1.337787680899567e0 -1.337780021357178e0 -1.332968506710608e0 -1.332963668765532e0
          -1.332364639403555e0 -4.384706035418935e-1 -2.035209607330989e-1 -1.938959899296539e-1 -1.938829672095621e-1
          -1.724533686978302e-1 -1.382947553796572e-1 -1.378179837862599e-1 -1.286153493350453e-1 -1.159466732095162e-1
          -1.158160584444891e-1 -1.098479188584818e-1 -1.043418249103996e-1 -1.043107504692331e-1 -1.008692329820436e-1
          -9.700280994181496e-2 -9.683401027746664e-2 -9.440492920998388e-2 -9.429721475156608e-2 -9.200322063301458e-2
          -9.144258895107848e-2 -9.050705586508794e-2 -9.049206699179525e-2 -8.944139352455943e-2 -8.695699188987071e-2
          -8.393069334679449e-2 -8.389516546787865e-2 -8.346482781292275e-2 -8.002906862921524e-2 -7.993471434358101e-2
          -7.888125037118416e-2 -7.725813523457726e-2 -7.707245886534587e-2 -7.438555151564691e-2 -7.037324187126032e-2
          -7.020379849403369e-2 -7.007146070993484e-2 -6.989671350400689e-2 -6.668793115129310e-2 -6.543718055006607e-2
          -6.507905784420509e-2
          </eigenvalues>
        <occupations size="76">
          1.000000000000000e0 1.000000000000000e0 1.000000000000000e0 1.000000000000000e0 1.000000000000000e0
          1.000000000000000e0 1.000000000000000e0 1.000000000000000e0 1.000000000000000e0 1.000000000000000e0
          1.000000000000000e0 1.000000000000000e0 1.000000000000000e0 1.000000000000000e0 1.000000000000000e0
          1.000000000000000e0 1.000000000000000e0 1.000000000000000e0 1.000000000000000e0 1.000000000000000e0
          1.000000000000000e0 1.000000000000000e0 1.000000000000000e0 1.000000000000000e0 1.000000000000000e0
          1.000000000000000e0 1.000000000000000e0 1.000000000000000e0 1.000000000000000e0 1.000000000000000e0
          1.000000000000000e0 1.000000000000000e0 1.000000000000000e0 1.000000000000000e0 1.000000000000000e0
          1.000000000000000e0 1.000000000000000e0 9.999999999999449e-1 9.999999999992450e-1 9.999999999992424e-1
          9.999999997417980e-1 9.999971897859947e-1 9.999968004940614e-1 9.999608607907543e-1 9.987718586062305e-1
          9.987274794526591e-1 9.935772720097845e-1 9.718918363436261e-1 9.716599163555040e-1 9.307484875313893e-1
          8.243550711395759e-1 8.176049171668300e-1 6.983003893979241e-1 6.920896683043902e-1 5.462869266913708e-1
          5.082801673602883e-1 4.448631847006020e-1 4.438561420255731e-1 3.748585251286442e-1 2.337118387516473e-1
          1.180562430126894e-1 1.170533704917654e-1 1.054828585879358e-1 4.424948134482732e-2 4.317626060910226e-2
          3.276785559440053e-2 2.131784064228317e-2 2.028882171680028e-2 9.870038671923860e-3 3.334350452218984e-3
          3.184579529078191e-3 3.072286172584003e-3 2.930032493519855e-3 1.225767533234674e-3 8.724711519176996e-4
          7.915242016025202e-4
          </occupations>
      </ks_energies>
      <ks_energies>
        <k_point weight="2.500000000000e-1">1.785714285714286e-2 -1.785714285714286e-2 0.000000000000000e0</k_point>
        <npw>174617</npw>
        <eigenvalues size="76">
          -2.215075967720564e0 -2.214748828995940e0 -2.214739153348261e0 -2.212818326966366e0 -2.212776811313998e0
          -2.212762250561319e0 -2.211794105468635e0 -2.211503983773220e0 -2.211502757582500e0 -1.348373660956149e0
          -1.347303940130830e0 -1.347297144323426e0 -1.345518929738503e0 -1.345478046707264e0 -1.345463752248393e0
          -1.343891588158102e0 -1.343444600127372e0 -1.343440808811631e0 -1.343103641026435e0 -1.343100491695121e0
          -1.342550800045754e0 -1.341970720780356e0 -1.341411932285580e0 -1.341352461820869e0 -1.341332987871443e0
          -1.340111333972442e0 -1.339976554425152e0 -1.339968951349582e0 -1.339028278213976e0 -1.338988707045653e0
          -1.338481789713892e0 -1.337787680704681e0 -1.337780021405111e0 -1.332968506842931e0 -1.332963668648764e0
          -1.332364639727770e0 -4.384706009309904e-1 -2.035237801875341e-1 -1.938911194503393e-1 -1.938759757159319e-1
          -1.725050749474866e-1 -1.381934669474972e-1 -1.377165847362398e-1 -1.286275640298794e-1 -1.159524849323853e-1
          -1.158291857161450e-1 -1.098415384724294e-1 -1.043270768219547e-1 -1.043074396919633e-1 -1.008671129332560e-1
          -9.700859841194465e-2 -9.683773903137160e-2 -9.441469061710672e-2 -9.437250424278071e-2 -9.210456789800480e-2
          -9.143662318881397e-2 -9.049167147786454e-2 -9.048312261344776e-2 -8.959746862977514e-2 -8.696566694983082e-2
          -8.393075984300218e-2 -8.391281475985195e-2 -8.347218675204932e-2 -8.002904994577300e-2 -7.991594344955237e-2
          -7.884275413199427e-2 -7.747827580485733e-2 -7.707830154373916e-2 -7.457066324624487e-2 -7.029709465767291e-2
          -7.015207299878639e-2 -6.997026301773719e-2 -6.989540619190406e-2 -6.669835606907519e-2 -6.538779562029959e-2
          -6.508282342790971e-2
          </eigenvalues>
        <occupations size="76">
          1.000000000000000e0 1.000000000000000e0 1.000000000000000e0 1.000000000000000e0 1.000000000000000e0
          1.000000000000000e0 1.000000000000000e0 1.000000000000000e0 1.000000000000000e0 1.000000000000000e0
          1.000000000000000e0 1.000000000000000e0 1.000000000000000e0 1.000000000000000e0 1.000000000000000e0
          1.000000000000000e0 1.000000000000000e0 1.000000000000000e0 1.000000000000000e0 1.000000000000000e0
          1.000000000000000e0 1.000000000000000e0 1.000000000000000e0 1.000000000000000e0 1.000000000000000e0
          1.000000000000000e0 1.000000000000000e0 1.000000000000000e0 1.000000000000000e0 1.000000000000000e0
          1.000000000000000e0 1.000000000000000e0 1.000000000000000e0 1.000000000000000e0 1.000000000000000e0
          1.000000000000000e0 1.000000000000000e0 9.999999999999449e-1 9.999999999992440e-1 9.999999999992408e-1
          9.999999997454054e-1 9.999971112538619e-1 9.999967109841045e-1 9.999609906601512e-1 9.987737969361149e-1
          9.987320111766472e-1 9.935661830451219e-1 9.717819966174465e-1 9.716350975669583e-1 9.307112941188564e-1
          8.245830226425596e-1 8.177561795786714e-1 6.988596975610307e-1 6.964382810885485e-1 5.531131936605489e-1
          5.078744316602661e-1 4.438295752291958e-1 4.432554240429246e-1 3.848626408170918e-1 2.341348664878306e-1
          1.180581270104222e-1 1.175506435635848e-1 1.056719533516510e-1 4.424926633452863e-2 4.296573766194492e-2
          3.243746832444203e-2 2.260412567506870e-2 2.032044804555320e-2 1.037465138936018e-2 3.266194558073039e-3
          3.140209606402184e-3 2.989087401981030e-3 2.928993408200876e-3 1.229245403349154e-3 8.608350552548782e-4
          7.923350234303404e-4
          </occupations>
      </ks_energies>
      <ks_energies>
        <k_point weight="1.250000000000e-1">-3.571428571428571e-2 0.000000000000000e0 0.000000000000000e0</k_point>
        <npw>174616</npw>
        <eigenvalues size="76">
          -2.215075970994022e0 -2.214748827654596e0 -2.214739148482705e0 -2.212818335165875e0 -2.212776791387450e0
          -2.212762264594283e0 -2.211794102399013e0 -2.211503982709716e0 -2.211502754821758e0 -1.348373661334299e0
          -1.347303940185905e0 -1.347297144584714e0 -1.345518930083898e0 -1.345478047074472e0 -1.345463752192195e0
          -1.343891588075526e0 -1.343444600066212e0 -1.343440809731433e0 -1.343103642023100e0 -1.343100491504740e0
          -1.342550800759157e0 -1.341970720545073e0 -1.341411934875311e0 -1.341352460687888e0 -1.341332987816184e0
          -1.340111334362475e0 -1.339976554548241e0 -1.339968950505875e0 -1.339028278701578e0 -1.338988710044727e0
          -1.338481787272625e0 -1.337787679856410e0 -1.337780021059653e0 -1.332968506367259e0 -1.332963668960394e0
          -1.332364639489953e0 -4.384705882996744e-1 -2.035234684053699e-1 -1.939031645185354e-1 -1.938638556239143e-1
          -1.724759162562085e-1 -1.384340711558883e-1 -1.375670030124456e-1 -1.286116321096681e-1 -1.159938614059664e-1
          -1.158515436652253e-1 -1.098020019682999e-1 -1.043503502788017e-1 -1.042916472722122e-1 -1.007939850067173e-1
          -9.717528815312104e-2 -9.685951125045978e-2 -9.447568122345579e-2 -9.446174288367983e-2 -9.206508356037620e-2
          -9.145236921780294e-2 -9.050328068355602e-2 -9.045419586294246e-2 -8.957657268010774e-2 -8.699624083264261e-2
          -8.394961019442309e-2 -8.392010651214930e-2 -8.343759661688569e-2 -8.017223468173256e-2 -7.990450345699500e-2
          -7.874056744188045e-2 -7.738566789165614e-2 -7.713269559979690e-2 -7.417518120120199e-2 -7.050795668207681e-2
          -7.011518498314291e-2 -7.007092951606340e-2 -6.974072891414095e-2 -6.674043550497293e-2 -6.552158444867756e-2
          -6.510961079683963e-2
          </eigenvalues>
        <occupations size="76">
          1.000000000000000e0 1.000000000000000e0 1.000000000000000e0 1.000000000000000e0 1.000000000000000e0
          1.000000000000000e0 1.000000000000000e0 1.000000000000000e0 1.000000000000000e0 1.000000000000000e0
          1.000000000000000e0 1.000000000000000e0 1.000000000000000e0 1.000000000000000e0 1.000000000000000e0
          1.000000000000000e0 1.000000000000000e0 1.000000000000000e0 1.000000000000000e0 1.000000000000000e0
          1.000000000000000e0 1.000000000000000e0 1.000000000000000e0 1.000000000000000e0 1.000000000000000e0
          1.000000000000000e0 1.000000000000000e0 1.000000000000000e0 1.000000000000000e0 1.000000000000000e0
          1.000000000000000e0 1.000000000000000e0 1.000000000000000e0 1.000000000000000e0 1.000000000000000e0
          1.000000000000000e0 1.000000000000000e0 9.999999999999449e-1 9.999999999992466e-1 9.999999999992383e-1
          9.999999997433772e-1 9.999972943261579e-1 9.999965743490147e-1 9.999608211826336e-1 9.987875088169389e-1
          9.987396923914853e-1 9.934970441473444e-1 9.719551414643830e-1 9.715164211966258e-1 9.294169934635601e-1
          8.310476696608607e-1 8.186374555063610e-1 7.023409184144783e-1 7.015473914184738e-1 5.504559536631098e-1
          5.089453063547651e-1 4.446095022949481e-1 4.413138043330357e-1 3.835173839412382e-1 2.356299959444650e-1
          1.185932537814309e-1 1.177566244411406e-1 1.047857214947122e-1 4.592661484167067e-2 4.283791485523149e-2
          3.157601177913851e-2 2.205402684001556e-2 2.061720840130348e-2 9.326020398572956e-3 3.458417689460861e-3
          3.108944174371713e-3 3.071843484487176e-3 2.808610051524591e-3 1.243384042609549e-3 8.927233991794875e-4
          7.981269972998638e-4
          </occupations>
      </ks_energies>
      <ks_energies>
        <k_point weight="2.500000000000e-1">-3.571428571428571e-2 1.785714285714286e-2 0.000000000000000e0</k_point>
        <npw>174638</npw>
        <eigenvalues size="76">
          -2.215075965178862e0 -2.214748831402044e0 -2.214739166325447e0 -2.212818331599092e0 -2.212776817695765e0
          -2.212762249637887e0 -2.211794102001122e0 -2.211504001702784e0 -2.211502762420998e0 -1.348373661001941e0
          -1.347303940067711e0 -1.347297144368423e0 -1.345518929724751e0 -1.345478046953870e0 -1.345463752147271e0
          -1.343891588029231e0 -1.343444600206825e0 -1.343440808610784e0 -1.343103640885890e0 -1.343100491792033e0
          -1.342550799800073e0 -1.341970720213880e0 -1.341411933240821e0 -1.341352461952273e0 -1.341332986444961e0
          -1.340111333668565e0 -1.339976553821102e0 -1.339968950480628e0 -1.339028277088962e0 -1.338988709701813e0
          -1.338481786577148e0 -1.337787680564259e0 -1.337780021091280e0 -1.332968506597251e0 -1.332963669380878e0
          -1.332364639201775e0 -4.384705995960767e-1 -2.035206841623020e-1 -1.939028672124284e-1 -1.938760689395920e-1
          -1.724243949859071e-1 -1.384313194173028e-1 -1.377755438135628e-1 -1.285991733546278e-1 -1.159955356645607e-1
          -1.158295303407406e-1 -1.098085805246310e-1 -1.043478635689910e-1 -1.043137822066119e-1 -1.007963362118656e-1
          -9.716135971967926e-2 -9.685814056342988e-2 -9.446596315662109e-2 -9.437441818347928e-2 -9.197049123893697e-2
          -9.145810988213743e-2 -9.051191877977740e-2 -9.046954463619439e-2 -8.941715266009181e-2 -8.698761937775817e-2
          -8.395513036439944e-2 -8.389242943982902e-2 -8.343258363261297e-2 -8.016587409722842e-2 -7.992697861058420e-2
          -7.878399317667681e-2 -7.727413470142469e-2 -7.698769170490552e-2 -7.411196547570262e-2 -7.051609526561053e-2
          -7.013533309613848e-2 -7.006367940437340e-2 -6.989779543256808e-2 -6.672662908249627e-2 -6.551056855719852e-2
          -6.511555226350188e-2
          </eigenvalues>
        <occupations size="76">
          1.000000000000000e0 1.000000000000000e0 1.000000000000000e0 1.000000000000000e0 1.000000000000000e0
          1.000000000000000e0 1.000000000000000e0 1.000000000000000e0 1.000000000000000e0 1.000000000000000e0
          1.000000000000000e0 1.000000000000000e0 1.000000000000000e0 1.000000000000000e0 1.000000000000000e0
          1.000000000000000e0 1.000000000000000e0 1.000000000000000e0 1.000000000000000e0 1.000000000000000e0
          1.000000000000000e0 1.000000000000000e0 1.000000000000000e0 1.000000000000000e0 1.000000000000000e0
          1.000000000000000e0 1.000000000000000e0 1.000000000000000e0 1.000000000000000e0 1.000000000000000e0
          1.000000000000000e0 1.000000000000000e0 1.000000000000000e0 1.000000000000000e0 1.000000000000000e0
          1.000000000000000e0 1.000000000000000e0 9.999999999999449e-1 9.999999999992465e-1 9.999999999992408e-1
          9.999999997397541e-1 9.999972922994333e-1 9.999967633304937e-1 9.999606881384405e-1 9.987880604193935e-1
          9.987321299286659e-1 9.935085992822696e-1 9.719366907183408e-1 9.716826248666612e-1 9.294589531870997e-1
          8.305148407531412e-1 8.185820720857977e-1 7.017877850865572e-1 6.965483752593096e-1 5.440785817484661e-1
          5.093357043911868e-1 4.451900022874590e-1 4.423438242025352e-1 3.733140371413461e-1 2.352077203839432e-1
          1.187503581485671e-1 1.169764458032234e-1 1.046578299124351e-1 4.585083519084435e-2 4.308938227107416e-2
          3.193936261247254e-2 2.140886264358042e-2 1.983536589948196e-2 9.168425560641911e-3 3.466058685944573e-3
          3.125982593496714e-3 3.065807715761860e-3 2.930892716146894e-3 1.238727289204335e-3 8.900537773528095e-4
          7.994173846997629e-4
          </occupations>
      </ks_energies>
      <ks_energies>
        <k_point weight="1.250000000000e-1">-3.571428571428571e-2 -3.571428571428571e-2 0.000000000000000e0</k_point>
        <npw>174708</npw>
        <eigenvalues size="76">
          -2.215075973036776e0 -2.214748848291762e0 -2.214739184973244e0 -2.212818325914645e0 -2.212776833339125e0
          -2.212762282392026e0 -2.211794111454819e0 -2.211504018016684e0 -2.211502778983016e0 -1.348373660901399e0
          -1.347303940187724e0 -1.347297144399821e0 -1.345518929864147e0 -1.345478047189999e0 -1.345463752261360e0
          -1.343891588220755e0 -1.343444600581006e0 -1.343440808439726e0 -1.343103639856239e0 -1.343100492031275e0
          -1.342550799728674e0 -1.341970720208340e0 -1.341411931561734e0 -1.341352463358536e0 -1.341332985956412e0
          -1.340111333083768e0 -1.339976553974304e0 -1.339968950901898e0 -1.339028276033520e0 -1.338988709482455e0
          -1.338481786086639e0 -1.337787681069684e0 -1.337780021281279e0 -1.332968506598829e0 -1.332963669648850e0
          -1.332364639104248e0 -4.384706118783153e-1 -2.035179121169755e-1 -1.939025936618034e-1 -1.938882140421498e-1
          -1.723726430165418e-1 -1.384285853431669e-1 -1.379815301409087e-1 -1.285868622105300e-1 -1.159972090055589e-1
          -1.158089631386339e-1 -1.098148974796547e-1 -1.043453922705615e-1 -1.043344100290834e-1 -1.007983666991586e-1
          -9.714726183339572e-2 -9.686200579344240e-2 -9.447022616072434e-2 -9.428214259027154e-2 -9.188466365196618e-2
          -9.146403846508733e-2 -9.052051189538236e-2 -9.048475496593994e-2 -8.924927597803828e-2 -8.697902063654528e-2
          -8.396070237310385e-2 -8.386780473497396e-2 -8.342368076729603e-2 -8.015958296435652e-2 -7.995967757716107e-2
          -7.881761044761987e-2 -7.741222502871592e-2 -7.653707683999967e-2 -7.402970822760585e-2 -7.052525161402656e-2
          -7.020648129772812e-2 -7.005679452041093e-2 -7.004677502601695e-2 -6.671412782097663e-2 -6.553664827932623e-2
          -6.511943211705335e-2
          </eigenvalues>
        <occupations size="76">
          1.000000000000000e0 1.000000000000000e0 1.000000000000000e0 1.000000000000000e0 1.000000000000000e0
          1.000000000000000e0 1.000000000000000e0 1.000000000000000e0 1.000000000000000e0 1.000000000000000e0
          1.000000000000000e0 1.000000000000000e0 1.000000000000000e0 1.000000000000000e0 1.000000000000000e0
          1.000000000000000e0 1.000000000000000e0 1.000000000000000e0 1.000000000000000e0 1.000000000000000e0
          1.000000000000000e0 1.000000000000000e0 1.000000000000000e0 1.000000000000000e0 1.000000000000000e0
          1.000000000000000e0 1.000000000000000e0 1.000000000000000e0 1.000000000000000e0 1.000000000000000e0
          1.000000000000000e0 1.000000000000000e0 1.000000000000000e0 1.000000000000000e0 1.000000000000000e0
          1.000000000000000e0 1.000000000000000e0 9.999999999999449e-1 9.999999999992465e-1 9.999999999992434e-1
          9.999999997360634e-1 9.999972902842156e-1 9.999969397600903e-1 9.999605562267776e-1 9.987886114691038e-1
          9.987250233199754e-1 9.935196757201551e-1 9.719183426420944e-1 9.718366643325387e-1 9.294951708138115e-1
          8.299741683591810e-1 8.187382152166915e-1 7.020304997059801e-1 6.912149776578827e-1 5.382795334016619e-1
          5.097388700119985e-1 4.457676279097933e-1 4.433650429801487e-1 3.626901335324178e-1 2.347870795753586e-1
          1.189091204378432e-1 1.162860827086076e-1 1.044310392046049e-1 4.577600007942093e-2 4.345775941019545e-2
          3.222341757039035e-2 2.221042634607139e-2 1.758664064291191e-2 8.967305145894590e-3 3.474675334089008e-3
          3.186897798535719e-3 3.060086946737917e-3 3.051780583524028e-3 1.234525780769661e-3 8.963869643994585e-4
          8.002611490209423e-4
          </occupations>
      </ks_energies>
    </band_structure>
    <forces rank="2" dims="3 10">
      3.321286552364751e-2 1.935999896204942e-2 -1.093021599743032e-2
      1.432530418919930e-7 5.193838550287721e-2 -3.398325151456243e-2
      4.940642407628518e-2 2.862310963493680e-2 4.756075928677247e-2
      4.525700142604244e-2 -2.622774143220340e-2 -3.403994815728950e-2
      -3.321379879625588e-2 1.936109622656628e-2 -1.093035033662846e-2
      -4.940578665518103e-2 2.862210604464294e-2 4.756117543232953e-2
      2.052411284895615e-8 5.932959401252623e-5 -7.605503886718978e-3
      -4.525599118515214e-2 -2.622790317432798e-2 -3.403993203224179e-2
      -4.544627379990374e-7 -5.699548537825016e-2 4.738956777492483e-2
      -4.237038028198608e-7 -3.851289598030365e-2 -1.098230056915537e-2
      </forces>
    <electric_field>
      <dipoleInfo>
        <idir>3</idir>
        <dipole Units="Atomic Units">-3.253349786127318e-1</dipole>
        <ion_dipole Units="Atomic Units">5.244745886117872e1</ion_dipole>
        <elec_dipole Units="Atomic Units">5.277279383979145e1</elec_dipole>
        <dipoleField Units="Atomic Units">-1.458669808846389e-4</dipoleField>
        <potentialAmp Units="Atomic Units">1.138993981461328e-2</potentialAmp>
        <totalLength Units="Bohr">3.904221416504532e1</totalLength>
      </dipoleInfo>
    </electric_field>
  </output>
  <exit_status>0</exit_status>
  <timing_info>
    <total label="PWSCF">
      <cpu>9.285771290000001e2</cpu>
      <wall>9.586990790367128e2</wall>
    </total>
    <partial label="init_run" calls="1">
      <cpu>1.543830800000000e1</cpu>
      <wall>1.575287103652954e1</wall>
    </partial>
    <partial label="hinit0" calls="1">
      <cpu>2.898820000000000e0</cpu>
      <wall>2.926637887954712e0</wall>
    </partial>
    <partial label="init_vloc" calls="1">
      <cpu>1.540741000000000e0</cpu>
      <wall>1.540642976760864e0</wall>
    </partial>
    <partial label="init_us_1" calls="1">
      <cpu>2.192330000000000e-1</cpu>
      <wall>2.253990173339844e-1</wall>
    </partial>
    <partial label="fft" calls="5036">
      <cpu>1.044736910000003e2</cpu>
      <wall>1.094276652336121e2</wall>
    </partial>
    <partial label="fft_scatter" calls="345829">
      <cpu>1.812747879999876e2</cpu>
      <wall>1.868152718544007e2</wall>
    </partial>
    <partial label="potinit" calls="1">
      <cpu>5.629829000000000e0</cpu>
      <wall>5.754817008972168e0</wall>
    </partial>
    <partial label="v_of_rho" calls="79">
      <cpu>1.455066169999994e2</cpu>
      <wall>1.533047232627869e2</wall>
    </partial>
    <partial label="v_xc" calls="80">
      <cpu>1.452347349999997e2</cpu>
      <wall>1.530554585456848e2</wall>
    </partial>
    <partial label="vdW_kernel" calls="1">
      <cpu>2.170658000000000e0</cpu>
      <wall>2.185030937194824e0</wall>
    </partial>
    <partial label="v_h" calls="79">
      <cpu>1.422088000000258e0</cpu>
      <wall>1.514656066894531e0</wall>
    </partial>
    <partial label="interpolate" calls="79">
      <cpu>1.470417000000566e0</cpu>
      <wall>1.557778358459473e0</wall>
    </partial>
    <partial label="ffts" calls="157">
      <cpu>4.539329999996653e-1</cpu>
      <wall>4.926486015319824e-1</wall>
    </partial>
    <partial label="newd" calls="79">
      <cpu>5.666473899999961e1</cpu>
      <wall>6.496039247512818e1</wall>
    </partial>
    <partial label="wfcinit" calls="1">
      <cpu>3.186112000000000e0</cpu>
      <wall>3.210257053375244e0</wall>
    </partial>
    <partial label="init_us_2" calls="1580">
      <cpu>6.738710000000765e0</cpu>
      <wall>6.766635417938232e0</wall>
    </partial>
    <partial label="init_us_2:cp" calls="1580">
      <cpu>6.725262999999813e0</cpu>
      <wall>6.761927843093872e0</wall>
    </partial>
    <partial label="wfcinit:atom" calls="10">
      <cpu>3.980300000000092e-2</cpu>
      <wall>3.980875015258789e-2</wall>
    </partial>
    <partial label="atomic_wfc" calls="10">
      <cpu>3.972699999999740e-2</cpu>
      <wall>3.978300094604492e-2</wall>
    </partial>
    <partial label="wfcinit:wfcr" calls="10">
      <cpu>2.838237999999992e0</cpu>
      <wall>2.857904672622681e0</wall>
    </partial>
    <partial label="wfcrot" calls="10">
      <cpu>2.838175000000000e0</cpu>
      <wall>2.857866525650024e0</wall>
    </partial>
    <partial label="rotwfck" calls="10">
      <cpu>2.838050999999991e0</cpu>
      <wall>2.857739448547363e0</wall>
    </partial>
    <partial label="rotwfck:hpsi" calls="10">
      <cpu>2.306720999999996e0</cpu>
      <wall>2.320642471313477e0</wall>
    </partial>
    <partial label="h_psi_bgrp" calls="4661">
      <cpu>3.550073669999875e2</cpu>
      <wall>3.568483276367188e2</wall>
    </partial>
    <partial label="h_psi" calls="4661">
      <cpu>3.549861789999984e2</cpu>
      <wall>3.568369498252869e2</wall>
    </partial>
    <partial label="h_psi:pot" calls="4661">
      <cpu>3.508741359999947e2</cpu>
      <wall>3.526954743862152e2</wall>
    </partial>
    <partial label="vloc_psi" calls="4661">
      <cpu>2.920187190000025e2</cpu>
      <wall>2.937792263031006e2</wall>
    </partial>
    <partial label="fftw" calls="340636">
      <cpu>3.284883719999408e2</cpu>
      <wall>3.305142972469330e2</wall>
    </partial>
    <partial label="h_psi:calbec" calls="4661">
      <cpu>3.126735400000314e1</cpu>
      <wall>3.131171560287476e1</wall>
    </partial>
    <partial label="calbec" calls="5481">
      <cpu>4.201902500000381e1</cpu>
      <wall>4.208505320549011e1</wall>
    </partial>
    <partial label="add_vuspsi" calls="4661">
      <cpu>2.753430999999864e1</cpu>
      <wall>2.757492566108704e1</wall>
    </partial>
    <partial label="rotwfck:hc" calls="10">
      <cpu>3.436719999999980e-1</cpu>
      <wall>3.436689376831055e-1</wall>
    </partial>
    <partial label="s_psi_bgrp" calls="4661">
      <cpu>3.062470600000484e1</cpu>
      <wall>3.067815947532654e1</wall>
    </partial>
    <partial label="s_psi" calls="4661">
      <cpu>2.712680500000295e1</cpu>
      <wall>2.716277909278870e1</wall>
    </partial>
    <partial label="rotwfck:diag" calls="10">
      <cpu>6.733600000000450e-2</cpu>
      <wall>7.214903831481934e-2</wall>
    </partial>
    <partial label="cdiaghg" calls="4651">
      <cpu>3.849083000000110e1</cpu>
      <wall>3.854037690162659e1</wall>
    </partial>
    <partial label="rotwfck:evc" calls="10">
      <cpu>1.200970000000048e-1</cpu>
      <wall>1.211423873901367e-1</wall>
    </partial>
    <partial label="electrons" calls="1">
      <cpu>9.065865660000002e2</cpu>
      <wall>9.360714631080629e2</wall>
    </partial>
    <partial label="c_bands" calls="78">
      <cpu>5.492681170000003e2</cpu>
      <wall>5.515161921977998e2</wall>
    </partial>
    <partial label="cegterg" calls="780">
      <cpu>5.287344450000015e2</cpu>
      <wall>5.307951424121857e2</wall>
    </partial>
    <partial label="cegterg:init" calls="780">
      <cpu>9.691716999998107e0</cpu>
      <wall>9.704015016555786e0</wall>
    </partial>
    <partial label="cegterg:upda" calls="3871">
      <cpu>2.267154300000163e1</cpu>
      <wall>2.270567440986633e1</wall>
    </partial>
    <partial label="g_psi" calls="3871">
      <cpu>1.707200999999486e0</cpu>
      <wall>1.717175483703613e0</wall>
    </partial>
    <partial label="cegterg:over" calls="3871">
      <cpu>2.983635899999865e1</cpu>
      <wall>2.989167118072510e1</wall>
    </partial>
    <partial label="cegterg:diag" calls="4641">
      <cpu>3.844180900000095e1</cpu>
      <wall>3.848060846328735e1</wall>
    </partial>
    <partial label="cegterg:last" calls="1541">
      <cpu>3.603972899999940e1</cpu>
      <wall>3.605673503875733e1</wall>
    </partial>
    <partial label="sum_band" calls="78">
      <cpu>1.526824910000011e2</cpu>
      <wall>1.619337637424469e2</wall>
    </partial>
    <partial label="sum_band:wei" calls="78">
      <cpu>4.750500000011471e-2</cpu>
      <wall>4.816007614135742e-2</wall>
    </partial>
    <partial label="sum_band:loo" calls="78">
      <cpu>7.949249299999997e1</cpu>
      <wall>7.988852930068970e1</wall>
    </partial>
    <partial label="sum_band:buf" calls="780">
      <cpu>1.996157000000380e0</cpu>
      <wall>2.022202730178833e0</wall>
    </partial>
    <partial label="sum_band:ini" calls="780">
      <cpu>3.308702000000039e0</cpu>
      <wall>3.313821315765381e0</wall>
    </partial>
    <partial label="sum_band:cal" calls="780">
      <cpu>1.024471900000083e1</cpu>
      <wall>1.024946641921997e1</wall>
    </partial>
    <partial label="sum_band:bec" calls="780">
      <cpu>2.003589999999349e-1</cpu>
      <wall>2.011387348175049e-1</wall>
    </partial>
    <partial label="addusdens" calls="78">
      <cpu>5.675572900000020e1</cpu>
      <wall>6.549527597427368e1</wall>
    </partial>
    <partial label="addusd:skk" calls="156">
      <cpu>4.273100000001477e-1</cpu>
      <wall>4.635560512542725e-1</wall>
    </partial>
    <partial label="addusd:dgemm" calls="156">
      <cpu>1.446506900000043e1</cpu>
      <wall>2.295374703407288e1</wall>
    </partial>
    <partial label="addusd:qvan2" calls="156">
      <cpu>3.607226100000014e1</cpu>
      <wall>3.610499405860901e1</wall>
    </partial>
    <partial label="sum_band:sym" calls="78">
      <cpu>1.594814199999951e1</cpu>
      <wall>1.602896595001221e1</wall>
    </partial>
    <partial label="mix_rho" calls="78">
      <cpu>4.502718999999956e0</cpu>
      <wall>4.653490543365479e0</wall>
    </partial>
    <partial label="ions" calls="1">
      <cpu>6.284556000000066e0</cpu>
      <wall>6.556129217147827e0</wall>
    </partial>
    <partial label="forces" calls="1">
      <cpu>6.284545999999978e0</cpu>
      <wall>6.556118965148926e0</wall>
    </partial>
    <partial label="frc_us" calls="1">
      <cpu>1.538390999999933e0</cpu>
      <wall>1.678714990615845e0</wall>
    </partial>
    <partial label="frc_lc" calls="1">
      <cpu>1.080249999999978e-1</cpu>
      <wall>1.093070507049561e-1</wall>
    </partial>
    <partial label="frc_cc" calls="1">
      <cpu>2.760281999999961e0</cpu>
      <wall>2.887331962585449e0</wall>
    </partial>
    <partial label="frc_scc" calls="1">
      <cpu>1.792884999999956e0</cpu>
      <wall>1.795237064361572e0</wall>
    </partial>
  </timing_info>
  <closed DATE="26 Oct 2022" TIME="12:25: 3"></closed>
</qes:espresso>
